Date,Gold_USD_per_ounce,Gold_Open,Gold_High,Gold_Low,Gold_Volume,USD_Index,USD_to_VND_Rate,Gold_VND_per_ounce,Gold_VND_per_tael
30-08-2000,273.8999938964844,273.8999938964844,273.8999938964844,273.8999938964844,0,112.13999938964844,,,
31-08-2000,278.29998779296875,274.79998779296875,278.29998779296875,274.79998779296875,0,112.5999984741211,,,
01-09-2000,277.0,277.0,277.0,277.0,0,111.41999816894531,,,
05-09-2000,275.79998779296875,275.79998779296875,275.79998779296875,275.79998779296875,2,112.41000366210938,,,
06-09-2000,274.20001220703125,274.20001220703125,274.20001220703125,274.20001220703125,0,114.12000274658203,,,
07-09-2000,274.0,274.0,274.0,274.0,125,113.6500015258789,,,
08-09-2000,273.29998779296875,273.29998779296875,273.29998779296875,273.29998779296875,0,114.33999633789062,,,
11-09-2000,273.1000061035156,273.1000061035156,273.1000061035156,273.1000061035156,0,115.37000274658203,,,
12-09-2000,272.8999938964844,272.8999938964844,272.8999938964844,272.8999938964844,0,115.16999816894531,,,
13-09-2000,272.79998779296875,272.79998779296875,272.79998779296875,272.79998779296875,0,115.33999633789062,,,
14-09-2000,272.3999938964844,272.3999938964844,272.3999938964844,272.3999938964844,0,115.16000366210938,,,
15-09-2000,272.29998779296875,272.29998779296875,272.29998779296875,272.29998779296875,0,115.94000244140625,,,
18-09-2000,271.3999938964844,271.3999938964844,271.3999938964844,271.3999938964844,0,116.0,,,
19-09-2000,271.8999938964844,271.8999938964844,271.8999938964844,271.8999938964844,0,116.11000061035156,,,
20-09-2000,269.0,269.0,269.0,269.0,0,116.41000366210938,,,
21-09-2000,270.29998779296875,270.29998779296875,270.29998779296875,270.29998779296875,0,115.2699966430664,,,
22-09-2000,271.79998779296875,271.79998779296875,271.79998779296875,271.79998779296875,0,113.55999755859375,,,
25-09-2000,274.1000061035156,274.1000061035156,274.1000061035156,274.1000061035156,0,114.05999755859375,,,
26-09-2000,273.8999938964844,273.8999938964844,273.8999938964844,273.8999938964844,0,113.16000366210938,,,
27-09-2000,278.3999938964844,278.3999938964844,278.3999938964844,278.3999938964844,3511,113.11000061035156,,,
28-09-2000,275.6000061035156,277.5,277.5,275.1000061035156,631,113.30999755859375,,,
29-09-2000,273.6000061035156,274.6000061035156,274.6000061035156,272.0,22,113.25,,,
02-10-2000,273.1000061035156,272.79998779296875,273.5,272.5,161,113.79000091552734,,,
03-10-2000,271.6000061035156,272.1000061035156,272.79998779296875,271.5,25,114.22000122070312,,,
04-10-2000,270.29998779296875,270.5,271.0,270.1000061035156,11,114.16999816894531,,,
05-10-2000,270.6000061035156,270.29998779296875,270.6000061035156,270.0,6,114.73999786376953,,,
06-10-2000,269.29998779296875,269.79998779296875,270.20001220703125,269.29998779296875,2,114.8499984741211,,,
09-10-2000,270.1000061035156,269.1000061035156,270.1000061035156,269.1000061035156,4,114.80999755859375,,,
10-10-2000,272.3999938964844,272.3999938964844,272.3999938964844,272.3999938964844,13,114.36000061035156,,,
11-10-2000,270.5,272.5,273.5,270.5,18,114.48999786376953,,,
12-10-2000,276.3999938964844,274.0,276.3999938964844,274.0,3,114.88999938964844,,,
13-10-2000,272.3999938964844,274.20001220703125,274.20001220703125,272.3999938964844,0,115.86000061035156,,,
16-10-2000,271.5,271.5,271.5,271.5,5,116.38999938964844,,,
17-10-2000,271.1000061035156,271.1000061035156,271.1000061035156,271.1000061035156,0,115.88999938964844,,,
18-10-2000,270.29998779296875,270.29998779296875,270.29998779296875,270.29998779296875,0,117.33000183105469,,,
19-10-2000,270.1000061035156,270.1000061035156,270.1000061035156,270.1000061035156,1,116.94000244140625,,,
20-10-2000,271.20001220703125,271.20001220703125,271.20001220703125,271.20001220703125,32,117.16000366210938,,,
23-10-2000,270.1000061035156,271.70001220703125,271.70001220703125,270.1000061035156,1,117.54000091552734,,,
24-10-2000,270.1000061035156,269.79998779296875,270.1000061035156,269.79998779296875,16,117.41999816894531,,,
25-10-2000,266.20001220703125,266.20001220703125,267.1000061035156,266.0,20,118.48999786376953,,,
26-10-2000,264.8999938964844,266.0,267.0,264.8999938964844,0,118.5,,,
27-10-2000,264.3999938964844,265.5,265.5,264.3999938964844,1,117.38999938964844,,,
30-10-2000,264.29998779296875,264.29998779296875,264.29998779296875,264.29998779296875,2,117.25,,,
31-10-2000,264.8999938964844,264.5,265.0,264.5,0,116.6500015258789,,,
01-11-2000,263.8999938964844,263.8999938964844,263.8999938964844,263.8999938964844,0,115.55999755859375,,,
02-11-2000,264.3999938964844,264.3999938964844,264.3999938964844,264.3999938964844,0,115.61000061035156,,,
03-11-2000,264.6000061035156,264.6000061035156,264.6000061035156,264.6000061035156,0,114.97000122070312,,,
06-11-2000,264.5,264.5,264.5,264.5,0,115.69000244140625,,,
07-11-2000,264.29998779296875,264.29998779296875,264.29998779296875,264.29998779296875,0,115.5199966430664,,,
08-11-2000,265.0,265.0,265.0,265.0,0,116.2300033569336,,,
09-11-2000,265.79998779296875,265.79998779296875,265.79998779296875,265.79998779296875,0,115.33999633789062,,,
10-11-2000,264.5,264.5,264.5,264.5,0,115.79000091552734,,,
13-11-2000,264.29998779296875,264.29998779296875,264.29998779296875,264.29998779296875,100,115.69999694824219,,,
14-11-2000,264.8999938964844,264.8999938964844,264.8999938964844,264.8999938964844,0,116.22000122070312,,,
15-11-2000,265.1000061035156,265.1000061035156,265.1000061035156,265.1000061035156,0,116.3499984741211,,,
16-11-2000,265.79998779296875,265.79998779296875,265.79998779296875,265.79998779296875,3,116.93000030517578,,,
17-11-2000,265.70001220703125,265.20001220703125,265.70001220703125,265.20001220703125,7,117.30999755859375,,,
20-11-2000,266.29998779296875,266.29998779296875,266.29998779296875,266.29998779296875,0,117.3499984741211,,,
21-11-2000,265.70001220703125,265.70001220703125,265.70001220703125,265.70001220703125,0,117.94999694824219,,,
22-11-2000,266.29998779296875,266.29998779296875,266.29998779296875,266.29998779296875,0,117.8499984741211,,,
27-11-2000,270.1000061035156,270.1000061035156,270.1000061035156,270.1000061035156,0,117.0999984741211,,,
28-11-2000,269.79998779296875,269.79998779296875,269.79998779296875,269.79998779296875,28696,116.58000183105469,,,
29-11-2000,266.3999938964844,269.6000061035156,270.1000061035156,265.79998779296875,2849,116.61000061035156,,,
30-11-2000,270.1000061035156,266.3999938964844,270.20001220703125,266.20001220703125,810,115.23999786376953,,,
01-12-2000,268.70001220703125,269.70001220703125,272.0,268.5,332,114.7300033569336,,,
04-12-2000,270.70001220703125,271.0,272.0,270.0,137,113.70999908447266,,,
05-12-2000,270.3999938964844,270.8999938964844,271.0,269.8999938964844,407,114.47000122070312,,,
06-12-2000,274.29998779296875,271.0,274.29998779296875,270.6000061035156,81,113.30999755859375,,,
07-12-2000,273.20001220703125,274.29998779296875,276.0,272.6000061035156,36,113.54000091552734,,,
08-12-2000,272.20001220703125,272.70001220703125,273.0,272.20001220703125,120,114.05000305175781,,,
11-12-2000,270.20001220703125,270.70001220703125,270.70001220703125,269.20001220703125,15,114.29000091552734,,,
12-12-2000,270.29998779296875,270.29998779296875,270.29998779296875,269.5,62,114.26000213623047,,,
13-12-2000,268.6000061035156,270.0,270.0,268.1000061035156,30,114.70999908447266,,,
14-12-2000,269.0,268.6000061035156,269.0,268.0,31,113.37999725341797,,,
15-12-2000,270.3999938964844,269.20001220703125,270.3999938964844,269.20001220703125,63,112.9000015258789,,,
18-12-2000,269.70001220703125,270.0,270.0,269.70001220703125,17,113.06999969482422,,,
19-12-2000,269.70001220703125,269.70001220703125,269.70001220703125,269.0,203,113.20999908447266,,,
20-12-2000,272.5,272.5,272.5,272.0,5,111.97000122070312,,,
21-12-2000,273.70001220703125,273.0,273.70001220703125,273.0,110,111.51000213623047,,,
22-12-2000,273.70001220703125,273.70001220703125,274.0,273.70001220703125,13,110.81999969482422,,,
26-12-2000,274.1000061035156,273.20001220703125,274.79998779296875,273.20001220703125,0,110.30999755859375,,,
27-12-2000,275.20001220703125,274.5,275.20001220703125,274.5,1,110.31999969482422,,,
28-12-2000,271.70001220703125,273.20001220703125,273.20001220703125,271.70001220703125,1,110.37999725341797,,,
29-12-2000,272.0,272.0,272.0,272.0,0,109.55999755859375,,,
02-01-2001,268.3999938964844,268.3999938964844,268.3999938964844,268.3999938964844,0,108.7699966430664,,,
03-01-2001,268.0,268.0,268.0,268.0,1,110.16999816894531,,,
04-01-2001,267.29998779296875,267.29998779296875,267.29998779296875,267.29998779296875,1,108.80999755859375,,,
05-01-2001,268.0,268.0,268.0,268.0,0,108.41999816894531,,,
08-01-2001,268.0,268.0,268.0,268.0,0,108.86000061035156,,,
09-01-2001,267.5,267.5,267.5,267.5,0,109.5199966430664,,,
10-01-2001,264.70001220703125,264.70001220703125,264.70001220703125,264.70001220703125,0,109.86000061035156,,,
11-01-2001,264.0,264.0,264.0,264.0,0,109.01000213623047,,,
12-01-2001,263.8999938964844,263.8999938964844,263.8999938964844,263.8999938964844,0,109.36000061035156,,,
16-01-2001,263.29998779296875,263.29998779296875,263.29998779296875,263.29998779296875,0,110.11000061035156,,,
17-01-2001,263.20001220703125,263.20001220703125,263.20001220703125,263.20001220703125,0,110.80999755859375,,,
18-01-2001,264.20001220703125,264.20001220703125,264.20001220703125,264.20001220703125,0,109.94000244140625,,,
19-01-2001,264.29998779296875,264.29998779296875,264.29998779296875,264.29998779296875,0,110.66000366210938,,,
22-01-2001,266.3999938964844,266.3999938964844,266.3999938964844,266.3999938964844,0,110.23999786376953,,,
23-01-2001,266.1000061035156,266.1000061035156,266.1000061035156,266.1000061035156,0,110.23999786376953,,,
24-01-2001,264.29998779296875,264.29998779296875,264.29998779296875,264.29998779296875,0,111.68000030517578,,,
25-01-2001,264.5,264.5,264.5,264.5,0,111.61000061035156,,,
26-01-2001,262.79998779296875,262.79998779296875,262.79998779296875,262.79998779296875,0,111.45999908447266,,,
29-01-2001,262.79998779296875,262.79998779296875,262.79998779296875,262.79998779296875,15489,111.7699966430664,,,
30-01-2001,265.5,262.8999938964844,266.6000061035156,262.8999938964844,1754,110.9800033569336,,,
31-01-2001,265.6000061035156,265.20001220703125,266.0,263.70001220703125,566,110.5199966430664,,,
01-02-2001,268.5,266.29998779296875,268.8999938964844,266.29998779296875,410,109.66000366210938,,,
02-02-2001,267.1000061035156,268.0,268.20001220703125,266.5,107,110.31999969482422,,,
05-02-2001,265.20001220703125,265.1000061035156,265.79998779296875,265.1000061035156,192,109.88999938964844,,,
06-02-2001,263.29998779296875,263.8999938964844,263.8999938964844,261.79998779296875,25,110.7699966430664,,,
07-02-2001,262.79998779296875,262.79998779296875,263.5,262.3999938964844,166,110.88999938964844,,,
08-02-2001,260.1000061035156,263.5,263.5,259.79998779296875,13,112.05999755859375,,,
09-02-2001,259.8999938964844,260.5,260.5,259.0,0,111.5199966430664,,,
12-02-2001,260.70001220703125,262.5,262.5,260.1000061035156,17,111.19000244140625,,,
13-02-2001,260.29998779296875,261.0,261.0,261.0,0,111.95999908447266,,,
14-02-2001,259.3999938964844,260.0,260.0,259.3999938964844,30,112.04000091552734,,,
15-02-2001,255.10000610351562,259.5,259.5,255.10000610351562,23,113.19999694824219,,,
16-02-2001,258.20001220703125,255.0,258.5,255.0,2,112.26000213623047,,,
20-02-2001,256.1000061035156,256.1000061035156,256.1000061035156,255.0,24,112.81999969482422,,,
21-02-2001,258.20001220703125,256.70001220703125,258.20001220703125,256.6000061035156,40,113.12000274658203,,,
22-02-2001,258.5,258.5,258.5,257.5,16,113.33999633789062,,,
23-02-2001,260.8999938964844,260.0,260.8999938964844,259.6000061035156,0,112.02999877929688,,,
26-02-2001,265.79998779296875,262.0,265.79998779296875,261.5,1,112.7699966430664,,,
27-02-2001,267.3999938964844,267.0,267.3999938964844,267.0,0,112.33999633789062,,,
28-02-2001,266.79998779296875,266.79998779296875,266.79998779296875,266.79998779296875,0,112.01000213623047,,,
01-03-2001,265.20001220703125,265.20001220703125,265.20001220703125,265.20001220703125,0,111.27999877929688,,,
02-03-2001,262.1000061035156,262.1000061035156,262.1000061035156,262.1000061035156,0,111.16999816894531,,,
05-03-2001,262.5,262.5,262.5,262.5,11,111.54000091552734,,,
06-03-2001,259.8999938964844,260.0,260.0,259.8999938964844,20,111.19999694824219,,,
07-03-2001,261.3999938964844,259.0,261.3999938964844,259.0,0,111.83000183105469,,,
08-03-2001,265.3999938964844,265.3999938964844,265.3999938964844,265.3999938964844,0,111.48999786376953,,,
09-03-2001,270.79998779296875,270.79998779296875,270.79998779296875,270.79998779296875,0,111.44000244140625,,,
12-03-2001,271.6000061035156,271.6000061035156,271.6000061035156,271.6000061035156,8,112.01000213623047,,,
13-03-2001,266.79998779296875,266.79998779296875,266.79998779296875,266.79998779296875,0,113.11000061035156,,,
14-03-2001,262.5,262.5,262.5,262.5,0,113.69999694824219,,,
15-03-2001,260.0,260.0,260.0,260.0,2,114.70999908447266,,,
16-03-2001,258.1000061035156,257.0,258.1000061035156,257.0,0,115.31999969482422,,,
19-03-2001,259.79998779296875,259.79998779296875,259.79998779296875,259.79998779296875,0,115.19999694824219,,,
20-03-2001,260.5,260.5,260.5,260.5,0,114.11000061035156,,,
21-03-2001,261.8999938964844,261.8999938964844,261.8999938964844,261.8999938964844,0,115.52999877929688,,,
22-03-2001,261.1000061035156,261.1000061035156,261.1000061035156,261.1000061035156,1,116.30000305175781,,,
23-03-2001,261.5,261.5,261.5,261.5,0,115.94000244140625,,,
26-03-2001,261.8999938964844,261.8999938964844,261.8999938964844,261.8999938964844,0,115.20999908447266,,,
27-03-2001,261.0,261.0,261.0,261.0,0,115.43000030517578,,,
28-03-2001,259.70001220703125,259.70001220703125,259.70001220703125,259.70001220703125,22994,116.01000213623047,,,
29-03-2001,258.79998779296875,259.70001220703125,260.3999938964844,258.20001220703125,5646,116.5999984741211,,,
30-03-2001,257.8999938964844,258.79998779296875,259.29998779296875,256.6000061035156,2479,117.37000274658203,,,
02-04-2001,255.60000610351562,257.20001220703125,257.79998779296875,255.0,456,117.33999633789062,,,
03-04-2001,256.79998779296875,255.5,258.6000061035156,255.5,326,115.62999725341797,,,
04-04-2001,258.3999938964844,258.29998779296875,260.5,258.0,175,115.08000183105469,,,
05-04-2001,258.1000061035156,259.1000061035156,259.1000061035156,257.70001220703125,150,115.47000122070312,,,
06-04-2001,260.0,259.5,260.20001220703125,257.79998779296875,86,114.75,,,
09-04-2001,258.29998779296875,260.5,260.5,258.0,28,115.20999908447266,,,
10-04-2001,257.29998779296875,258.29998779296875,258.29998779296875,256.6000061035156,31,116.0199966430664,,,
11-04-2001,258.70001220703125,257.70001220703125,260.0,256.5,95,116.12999725341797,,,
12-04-2001,260.1000061035156,260.1000061035156,261.0,259.0,20,115.54000091552734,,,
16-04-2001,263.29998779296875,260.5,263.79998779296875,260.29998779296875,71,116.18000030517578,,,
17-04-2001,261.1000061035156,260.5,262.3999938964844,260.5,38,116.45999908447266,,,
18-04-2001,261.29998779296875,260.0,262.29998779296875,259.5,0,116.12999725341797,,,
19-04-2001,265.29998779296875,263.0,265.29998779296875,262.29998779296875,101,115.0199966430664,,,
20-04-2001,264.79998779296875,264.70001220703125,265.0,263.5,16,114.31999969482422,,,
23-04-2001,263.70001220703125,263.6000061035156,263.70001220703125,262.6000061035156,69,114.7699966430664,,,
24-04-2001,264.1000061035156,265.0,265.0,264.0,64,115.19999694824219,,,
25-04-2001,262.3999938964844,263.5,264.3999938964844,262.0,0,114.9800033569336,,,
26-04-2001,264.3999938964844,264.3999938964844,264.3999938964844,263.5,1,114.45999908447266,,,
27-04-2001,263.8999938964844,263.8999938964844,263.8999938964844,263.8999938964844,6,115.62000274658203,,,
30-04-2001,264.0,264.0,264.0,264.0,0,115.8499984741211,,,
01-05-2001,264.3999938964844,264.3999938964844,264.3999938964844,264.3999938964844,0,115.30000305175781,,,
02-05-2001,265.3999938964844,265.3999938964844,265.3999938964844,265.3999938964844,0,115.16000366210938,,,
03-05-2001,266.29998779296875,266.29998779296875,266.29998779296875,266.29998779296875,0,115.37999725341797,,,
04-05-2001,266.1000061035156,266.1000061035156,266.1000061035156,266.1000061035156,0,114.93000030517578,,,
07-05-2001,266.1000061035156,266.1000061035156,266.1000061035156,266.1000061035156,0,115.31999969482422,,,
08-05-2001,265.1000061035156,265.1000061035156,265.1000061035156,265.1000061035156,0,116.08000183105469,,,
09-05-2001,270.0,270.0,270.0,270.0,0,116.05000305175781,,,
10-05-2001,269.1000061035156,269.1000061035156,269.1000061035156,269.1000061035156,0,116.37000274658203,,,
11-05-2001,267.8999938964844,267.8999938964844,267.8999938964844,267.8999938964844,0,116.83999633789062,,,
14-05-2001,268.29998779296875,268.29998779296875,268.29998779296875,268.29998779296875,0,117.13999938964844,,,
15-05-2001,268.1000061035156,268.1000061035156,268.1000061035156,268.1000061035156,0,116.79000091552734,,,
16-05-2001,272.0,272.0,272.0,272.0,0,116.13999938964844,,,
17-05-2001,273.6000061035156,273.6000061035156,273.6000061035156,273.6000061035156,0,116.12000274658203,,,
18-05-2001,287.3999938964844,287.3999938964844,287.3999938964844,287.3999938964844,0,116.41000366210938,,,
21-05-2001,285.3999938964844,285.3999938964844,285.3999938964844,285.3999938964844,0,116.5199966430664,,,
22-05-2001,285.1000061035156,285.1000061035156,285.1000061035156,285.1000061035156,0,117.69000244140625,,,
23-05-2001,283.6000061035156,283.6000061035156,283.6000061035156,283.6000061035156,6,118.29000091552734,,,
24-05-2001,279.1000061035156,279.1000061035156,279.1000061035156,279.1000061035156,6,118.36000061035156,,,
25-05-2001,277.8999938964844,277.8999938964844,277.8999938964844,277.8999938964844,0,118.18000030517578,,,
29-05-2001,273.79998779296875,273.79998779296875,273.79998779296875,273.79998779296875,28775,118.22000122070312,,,
30-05-2001,265.70001220703125,274.3999938964844,275.0,264.20001220703125,2955,118.22000122070312,,,
31-05-2001,265.29998779296875,265.1000061035156,268.1000061035156,264.79998779296875,1108,119.06999969482422,,,
01-06-2001,266.3999938964844,264.70001220703125,266.8999938964844,264.5,251,118.88999938964844,,,
04-06-2001,264.8999938964844,266.8999938964844,266.8999938964844,264.5,122,119.19000244140625,,,
05-06-2001,265.70001220703125,265.0,265.8999938964844,264.5,126,118.69999694824219,,,
06-06-2001,265.70001220703125,266.70001220703125,267.0,265.20001220703125,112,119.36000061035156,,,
07-06-2001,266.0,266.29998779296875,266.5,265.0,119,119.08999633789062,,,
08-06-2001,273.3999938964844,266.20001220703125,274.20001220703125,266.20001220703125,166,119.20999908447266,,,
11-06-2001,267.8999938964844,271.1000061035156,271.20001220703125,266.5,131,120.05000305175781,,,
12-06-2001,271.5,270.0,271.5,269.0,91,119.61000061035156,,,
13-06-2001,272.0,271.8999938964844,272.5,270.0,38,119.02999877929688,,,
14-06-2001,275.29998779296875,272.0,276.0,272.0,76,117.98999786376953,,,
15-06-2001,271.20001220703125,274.29998779296875,274.70001220703125,271.20001220703125,20,118.29000091552734,,,
18-06-2001,272.3999938964844,272.0,272.5,271.29998779296875,31,118.36000061035156,,,
19-06-2001,273.3999938964844,273.0,273.3999938964844,273.0,21,119.04000091552734,,,
20-06-2001,272.3999938964844,272.70001220703125,272.70001220703125,271.0,26,119.12999725341797,,,
21-06-2001,272.6000061035156,271.79998779296875,272.6000061035156,271.79998779296875,12,118.88999938964844,,,
22-06-2001,272.29998779296875,273.6000061035156,273.6000061035156,272.0,0,118.91000366210938,,,
25-06-2001,273.70001220703125,275.0,275.0,273.70001220703125,8,118.31999969482422,,,
26-06-2001,276.20001220703125,274.0,277.0,274.0,0,118.06999969482422,,,
27-06-2001,272.1000061035156,275.70001220703125,275.70001220703125,272.1000061035156,0,118.37999725341797,,,
28-06-2001,269.29998779296875,269.29998779296875,269.29998779296875,269.29998779296875,0,120.01000213623047,,,
29-06-2001,270.6000061035156,270.6000061035156,270.6000061035156,270.6000061035156,0,119.43000030517578,,,
02-07-2001,269.3999938964844,269.3999938964844,269.3999938964844,269.3999938964844,0,119.66999816894531,,,
03-07-2001,267.6000061035156,267.6000061035156,267.6000061035156,267.6000061035156,1,119.5999984741211,,,
05-07-2001,265.1000061035156,265.1000061035156,265.1000061035156,263.70001220703125,1,120.9000015258789,,,
06-07-2001,265.8999938964844,265.8999938964844,265.8999938964844,265.8999938964844,70,119.9000015258789,,,
09-07-2001,266.5,266.5,266.5,266.5,0,119.88999938964844,,,
10-07-2001,266.20001220703125,266.20001220703125,266.20001220703125,266.20001220703125,5,119.12999725341797,,,
11-07-2001,268.29998779296875,268.29998779296875,268.29998779296875,268.29998779296875,0,118.63999938964844,,,
12-07-2001,266.6000061035156,266.6000061035156,266.6000061035156,266.6000061035156,0,119.08999633789062,,,
13-07-2001,267.1000061035156,267.1000061035156,267.1000061035156,267.1000061035156,0,119.33000183105469,,,
16-07-2001,266.8999938964844,266.8999938964844,266.8999938964844,266.8999938964844,0,119.30000305175781,,,
17-07-2001,268.1000061035156,268.1000061035156,268.1000061035156,268.1000061035156,5,118.9000015258789,,,
18-07-2001,270.3999938964844,270.3999938964844,270.3999938964844,270.3999938964844,0,117.37999725341797,,,
19-07-2001,269.3999938964844,269.3999938964844,269.3999938964844,269.3999938964844,5,117.33000183105469,,,
20-07-2001,269.8999938964844,269.8999938964844,269.8999938964844,269.8999938964844,0,117.20999908447266,,,
23-07-2001,268.79998779296875,268.79998779296875,268.79998779296875,268.79998779296875,0,117.8499984741211,,,
24-07-2001,269.70001220703125,269.70001220703125,269.70001220703125,269.70001220703125,0,117.12000274658203,,,
25-07-2001,267.70001220703125,267.70001220703125,267.70001220703125,267.70001220703125,0,116.63999938964844,,,
26-07-2001,266.20001220703125,266.20001220703125,266.20001220703125,266.20001220703125,0,116.73999786376953,,,
27-07-2001,267.3999938964844,267.3999938964844,267.3999938964844,267.3999938964844,17975,116.94000244140625,,,
30-07-2001,264.6000061035156,267.29998779296875,267.5,264.1000061035156,1912,117.19999694824219,,,
31-07-2001,266.20001220703125,264.79998779296875,266.5,264.3999938964844,348,117.18000030517578,,,
01-08-2001,267.3999938964844,266.20001220703125,268.1000061035156,265.79998779296875,284,116.55999755859375,,,
02-08-2001,267.3999938964844,267.0,268.0,266.1000061035156,136,116.27999877929688,,,
03-08-2001,267.8999938964844,267.0,268.5,266.5,234,116.13999938964844,,,
06-08-2001,267.1000061035156,267.79998779296875,267.79998779296875,267.0,156,116.41999816894531,,,
07-08-2001,267.20001220703125,267.0,267.20001220703125,265.8999938964844,291,116.83000183105469,,,
08-08-2001,267.8999938964844,266.1000061035156,268.0,265.8999938964844,436,116.54000091552734,,,
09-08-2001,273.3999938964844,268.0,274.0,268.0,107,115.25,,,
10-08-2001,273.8999938964844,273.3999938964844,275.79998779296875,273.0,3,115.29000091552734,,,
13-08-2001,275.70001220703125,275.20001220703125,275.70001220703125,275.20001220703125,8,115.01000213623047,,,
14-08-2001,276.29998779296875,274.79998779296875,276.29998779296875,273.20001220703125,10,114.38999938964844,,,
15-08-2001,275.70001220703125,275.0,276.0,275.0,2,113.19000244140625,,,
16-08-2001,275.20001220703125,275.0,275.20001220703125,275.0,6,113.08000183105469,,,
17-08-2001,279.29998779296875,277.6000061035156,279.29998779296875,277.20001220703125,26,112.98999786376953,,,
20-08-2001,276.1000061035156,277.20001220703125,277.20001220703125,276.1000061035156,1,113.4000015258789,,,
21-08-2001,275.0,275.0,275.0,275.0,2,113.29000091552734,,,
22-08-2001,274.8999938964844,274.8999938964844,274.8999938964844,274.8999938964844,0,113.2699966430664,,,
23-08-2001,275.29998779296875,275.29998779296875,275.29998779296875,275.29998779296875,0,113.08999633789062,,,
24-08-2001,272.5,272.5,272.5,272.5,59,113.33000183105469,,,
27-08-2001,272.6000061035156,272.5,272.6000061035156,272.3999938964844,56,113.38999938964844,,,
28-08-2001,272.29998779296875,272.29998779296875,272.29998779296875,272.29998779296875,0,113.43000030517578,,,
29-08-2001,273.70001220703125,274.20001220703125,274.20001220703125,273.70001220703125,0,113.54000091552734,,,
30-08-2001,275.3999938964844,275.3999938964844,275.3999938964844,275.3999938964844,0,112.83999633789062,,,
31-08-2001,274.3999938964844,274.3999938964844,274.3999938964844,274.3999938964844,0,113.41999816894531,,,
04-09-2001,271.6000061035156,271.6000061035156,271.6000061035156,271.6000061035156,0,115.68000030517578,,,
05-09-2001,272.0,272.0,272.0,272.0,0,115.5999984741211,,,
06-09-2001,273.0,273.0,273.0,273.0,0,114.97000122070312,,,
07-09-2001,273.1000061035156,273.1000061035156,273.1000061035156,273.0,0,114.05000305175781,,,
10-09-2001,271.6000061035156,271.6000061035156,271.6000061035156,271.6000061035156,0,114.56999969482422,,,
14-09-2001,290.20001220703125,290.20001220703125,290.20001220703125,290.20001220703125,0,114.56999969482422,,,
17-09-2001,289.79998779296875,289.79998779296875,289.79998779296875,289.79998779296875,0,112.01000213623047,,,
18-09-2001,288.1000061035156,288.1000061035156,288.1000061035156,288.1000061035156,0,111.91999816894531,,,
19-09-2001,291.5,291.5,291.5,291.5,1,111.61000061035156,,,
20-09-2001,289.0,289.5,289.5,289.0,1,111.87000274658203,,,
21-09-2001,291.8999938964844,291.8999938964844,291.8999938964844,291.8999938964844,0,113.04000091552734,,,
24-09-2001,289.70001220703125,289.79998779296875,289.79998779296875,289.70001220703125,0,112.83999633789062,,,
25-09-2001,290.5,290.5,290.5,290.5,0,112.27999877929688,,,
26-09-2001,293.29998779296875,293.29998779296875,293.29998779296875,293.29998779296875,1010,112.29000091552734,,,
27-09-2001,291.70001220703125,293.5,293.5,289.0,942,112.9800033569336,,,
28-09-2001,292.3999938964844,290.70001220703125,294.0,290.70001220703125,1183,113.4800033569336,,,
01-10-2001,292.20001220703125,291.79998779296875,292.8999938964844,290.5,91,113.0,,,
02-10-2001,289.8999938964844,292.1000061035156,292.1000061035156,289.8999938964844,157,113.01000213623047,,,
03-10-2001,290.5,291.0,291.20001220703125,290.1000061035156,84,113.4000015258789,,,
04-10-2001,290.5,290.0,292.0,290.0,20,113.16000366210938,,,
05-10-2001,291.3999938964844,291.5,292.5,291.3999938964844,10,112.91000366210938,,,
08-10-2001,292.3999938964844,292.0,292.5,292.0,10,112.58999633789062,,,
09-10-2001,288.8999938964844,292.70001220703125,292.70001220703125,288.8999938964844,17,113.3499984741211,,,
10-10-2001,285.70001220703125,287.5,287.5,284.0,71,113.69999694824219,,,
11-10-2001,281.79998779296875,283.5,283.5,280.5,140,114.44000244140625,,,
12-10-2001,284.8999938964844,282.20001220703125,284.8999938964844,282.20001220703125,27,113.88999938964844,,,
15-10-2001,282.1000061035156,282.70001220703125,282.70001220703125,282.1000061035156,51,113.81999969482422,,,
16-10-2001,282.29998779296875,282.20001220703125,282.79998779296875,281.70001220703125,140,113.91999816894531,,,
17-10-2001,283.3999938964844,282.20001220703125,283.3999938964844,282.20001220703125,7,114.37999725341797,,,
18-10-2001,279.20001220703125,282.5,282.5,279.20001220703125,7,114.3499984741211,,,
19-10-2001,280.1000061035156,279.5,280.1000061035156,279.0,4,114.86000061035156,,,
22-10-2001,275.5,275.5,275.5,275.5,4,115.75,,,
23-10-2001,276.1000061035156,277.0,277.0,276.1000061035156,42,115.8499984741211,,,
24-10-2001,275.8999938964844,275.8999938964844,275.8999938964844,275.8999938964844,1,115.5999984741211,,,
25-10-2001,277.79998779296875,277.79998779296875,277.79998779296875,277.79998779296875,1,115.55000305175781,,,
26-10-2001,277.8999938964844,277.8999938964844,277.8999938964844,277.8999938964844,1,115.6500015258789,,,
29-10-2001,279.1000061035156,278.5,279.1000061035156,278.5,6,114.44000244140625,,,
30-10-2001,280.6000061035156,281.20001220703125,281.20001220703125,279.5,2,114.3499984741211,,,
31-10-2001,279.5,279.5,280.5,279.5,0,114.86000061035156,,,
01-11-2001,279.70001220703125,279.70001220703125,279.70001220703125,279.70001220703125,0,114.45999908447266,,,
02-11-2001,279.79998779296875,279.79998779296875,279.79998779296875,279.79998779296875,0,114.54000091552734,,,
05-11-2001,278.5,278.5,278.5,278.5,0,114.54000091552734,,,
06-11-2001,279.70001220703125,279.70001220703125,279.70001220703125,279.70001220703125,90,114.80999755859375,,,
07-11-2001,281.0,280.5,281.0,280.5,5,114.9800033569336,,,
08-11-2001,276.79998779296875,278.0,278.0,276.79998779296875,1,115.12999725341797,,,
09-11-2001,277.3999938964844,277.20001220703125,277.3999938964844,277.20001220703125,0,115.08999633789062,,,
12-11-2001,278.29998779296875,278.29998779296875,278.29998779296875,278.29998779296875,4,115.33999633789062,,,
13-11-2001,277.79998779296875,277.79998779296875,277.79998779296875,277.79998779296875,0,116.4000015258789,,,
14-11-2001,277.79998779296875,277.79998779296875,277.79998779296875,277.79998779296875,0,116.19999694824219,,,
15-11-2001,275.1000061035156,275.1000061035156,275.1000061035156,275.1000061035156,0,116.51000213623047,,,
16-11-2001,274.70001220703125,274.70001220703125,274.70001220703125,274.70001220703125,0,116.41000366210938,,,
19-11-2001,272.70001220703125,272.70001220703125,272.70001220703125,272.70001220703125,0,116.93000030517578,,,
20-11-2001,273.0,273.0,273.0,273.0,0,116.62000274658203,,,
21-11-2001,272.8999938964844,272.8999938964844,272.8999938964844,272.8999938964844,0,117.1500015258789,,,
26-11-2001,272.29998779296875,272.29998779296875,272.29998779296875,272.29998779296875,0,117.11000061035156,,,
27-11-2001,273.20001220703125,273.20001220703125,273.20001220703125,273.20001220703125,0,116.88999938964844,,,
28-11-2001,274.1000061035156,274.1000061035156,274.1000061035156,274.1000061035156,22395,116.16999816894531,,,
29-11-2001,273.5,274.1000061035156,275.3999938964844,273.0,4710,116.12999725341797,,,
30-11-2001,273.8999938964844,273.20001220703125,275.5,272.6000061035156,744,116.12999725341797,,,
03-12-2001,276.8999938964844,273.5,277.5,273.5,389,115.95999908447266,,,
04-12-2001,275.3999938964844,276.8999938964844,277.20001220703125,275.0,214,116.08000183105469,,,
05-12-2001,273.70001220703125,275.29998779296875,275.6000061035156,273.0,198,116.41000366210938,,,
06-12-2001,274.20001220703125,274.20001220703125,274.29998779296875,273.1000061035156,73,115.62999725341797,,,
07-12-2001,273.8999938964844,274.1000061035156,274.3999938964844,273.29998779296875,478,116.1500015258789,,,
10-12-2001,272.20001220703125,272.5,273.20001220703125,271.20001220703125,357,116.26000213623047,,,
11-12-2001,272.20001220703125,272.5,272.5,271.5,79,116.05000305175781,,,
12-12-2001,273.79998779296875,272.70001220703125,273.79998779296875,272.5,57,115.33000183105469,,,
13-12-2001,273.8999938964844,274.0,274.3999938964844,273.5,44,115.80000305175781,,,
14-12-2001,278.0,275.0,278.5,275.0,51,114.93000030517578,,,
17-12-2001,277.70001220703125,278.20001220703125,278.20001220703125,277.0,17,114.93000030517578,,,
18-12-2001,280.3999938964844,280.3999938964844,281.29998779296875,278.29998779296875,119,115.1500015258789,,,
19-12-2001,275.5,280.0,280.0,275.5,18,115.4800033569336,,,
20-12-2001,276.0,276.5,276.5,276.0,18,115.58999633789062,,,
21-12-2001,278.0,276.0,278.6000061035156,276.0,39,116.9800033569336,,,
26-12-2001,279.70001220703125,278.29998779296875,280.8999938964844,278.29998779296875,0,117.8499984741211,,,
27-12-2001,277.3999938964844,278.0,278.5,277.20001220703125,2,117.56999969482422,,,
28-12-2001,276.5,276.5,276.5,276.5,2,117.26000213623047,,,
31-12-2001,278.70001220703125,276.79998779296875,278.70001220703125,276.79998779296875,2,116.75,,,
02-01-2002,278.8999938964844,278.8999938964844,278.8999938964844,278.8999938964844,2,115.79000091552734,,,
03-01-2002,278.20001220703125,278.20001220703125,278.20001220703125,278.20001220703125,2,116.11000061035156,,,
04-01-2002,278.8999938964844,278.8999938964844,278.8999938964844,278.8999938964844,2,116.33000183105469,,,
07-01-2002,278.6000061035156,278.6000061035156,279.0,278.6000061035156,1,116.33000183105469,,,
08-01-2002,278.8999938964844,278.8999938964844,278.8999938964844,278.8999938964844,1,116.83000183105469,,,
09-01-2002,283.3999938964844,283.3999938964844,283.3999938964844,283.3999938964844,1,117.01000213623047,,,
10-01-2002,287.1000061035156,287.1000061035156,287.1000061035156,287.1000061035156,2,116.87999725341797,,,
11-01-2002,287.3999938964844,287.3999938964844,287.3999938964844,287.3999938964844,2,116.63999938964844,,,
14-01-2002,285.3999938964844,285.3999938964844,285.3999938964844,285.3999938964844,2,116.63999938964844,,,
15-01-2002,284.3999938964844,284.3999938964844,284.3999938964844,284.3999938964844,2,117.29000091552734,,,
16-01-2002,287.29998779296875,287.29998779296875,287.29998779296875,287.29998779296875,2,117.58999633789062,,,
17-01-2002,284.3999938964844,284.3999938964844,284.3999938964844,284.3999938964844,2,117.8499984741211,,,
18-01-2002,283.1000061035156,283.1000061035156,283.1000061035156,283.1000061035156,2,117.51000213623047,,,
22-01-2002,281.5,281.5,281.5,281.5,2,117.75,,,
23-01-2002,278.6000061035156,278.6000061035156,278.6000061035156,278.6000061035156,2,118.47000122070312,,,
24-01-2002,278.1000061035156,278.1000061035156,278.1000061035156,278.1000061035156,2,118.63999938964844,,,
25-01-2002,278.79998779296875,278.79998779296875,278.79998779296875,278.79998779296875,2,119.8499984741211,,,
28-01-2002,278.29998779296875,278.29998779296875,278.29998779296875,278.29998779296875,2,120.04000091552734,,,
29-01-2002,281.3999938964844,281.3999938964844,281.3999938964844,281.3999938964844,23818,119.62000274658203,,,
30-01-2002,281.8999938964844,281.8999938964844,283.20001220703125,280.5,3680,119.7300033569336,,,
31-01-2002,282.1000061035156,281.0,282.79998779296875,280.79998779296875,1082,120.23999786376953,,,
01-02-2002,286.0,282.29998779296875,287.5,282.20001220703125,536,119.79000091552734,,,
04-02-2002,289.29998779296875,286.0,290.0,285.3999938964844,336,118.9000015258789,,,
05-02-2002,298.20001220703125,290.0,298.20001220703125,290.0,1043,119.4000015258789,,,
06-02-2002,297.5,297.29998779296875,308.0,296.20001220703125,239,119.30000305175781,,,
07-02-2002,299.70001220703125,297.20001220703125,301.5,296.20001220703125,264,119.06999969482422,,,
08-02-2002,303.5,304.5,307.3999938964844,302.79998779296875,187,118.9800033569336,,,
11-02-2002,300.1000061035156,303.5,303.5,297.5,362,118.44000244140625,,,
12-02-2002,300.70001220703125,299.0,300.70001220703125,297.0,454,118.25,,,
13-02-2002,299.3999938964844,300.5,300.70001220703125,296.70001220703125,229,118.80000305175781,,,
14-02-2002,299.70001220703125,300.0,300.5,299.3999938964844,20,118.43000030517578,,,
15-02-2002,298.3999938964844,300.5,301.6000061035156,298.3999938964844,62,118.5999984741211,,,
19-02-2002,293.20001220703125,297.0,297.29998779296875,293.20001220703125,35,118.36000061035156,,,
20-02-2002,292.29998779296875,294.1000061035156,294.20001220703125,290.79998779296875,24,118.93000030517578,,,
21-02-2002,293.20001220703125,291.79998779296875,293.3999938964844,291.79998779296875,13,119.16000366210938,,,
22-02-2002,293.20001220703125,293.20001220703125,293.20001220703125,292.5,151,118.4800033569336,,,
25-02-2002,292.70001220703125,292.70001220703125,293.0,291.5,0,119.12999725341797,,,
26-02-2002,298.0,294.0,298.0,293.20001220703125,4,119.81999969482422,,,
27-02-2002,296.29998779296875,295.29998779296875,296.29998779296875,295.29998779296875,5,119.56999969482422,,,
28-02-2002,296.70001220703125,296.0,296.70001220703125,296.0,0,119.16000366210938,,,
01-03-2002,298.0,298.0,298.0,298.0,0,119.4000015258789,,,
04-03-2002,296.70001220703125,296.70001220703125,296.70001220703125,296.70001220703125,5,118.80999755859375,,,
05-03-2002,294.0,298.0,298.0,294.0,0,118.56999969482422,,,
06-03-2002,293.5,293.5,293.5,293.3999938964844,0,117.95999908447266,,,
07-03-2002,290.1000061035156,290.1000061035156,290.1000061035156,290.1000061035156,76,116.80000305175781,,,
08-03-2002,290.1000061035156,290.1000061035156,290.1000061035156,290.1000061035156,0,117.98999786376953,,,
11-03-2002,291.1000061035156,291.1000061035156,291.1000061035156,291.1000061035156,44,117.7300033569336,,,
12-03-2002,293.6000061035156,293.6000061035156,293.6000061035156,293.6000061035156,0,117.80000305175781,,,
13-03-2002,293.6000061035156,293.6000061035156,293.6000061035156,293.6000061035156,0,117.95999908447266,,,
14-03-2002,291.0,291.0,291.0,291.0,0,117.29000091552734,,,
15-03-2002,289.8999938964844,289.8999938964844,289.8999938964844,289.8999938964844,0,117.22000122070312,,,
18-03-2002,292.1000061035156,292.1000061035156,292.1000061035156,292.1000061035156,0,117.5,,,
19-03-2002,292.79998779296875,292.79998779296875,292.79998779296875,292.79998779296875,0,117.5,,,
20-03-2002,292.1000061035156,292.1000061035156,292.1000061035156,292.1000061035156,6,117.22000122070312,,,
21-03-2002,292.79998779296875,292.79998779296875,292.79998779296875,292.79998779296875,0,117.5199966430664,,,
22-03-2002,297.29998779296875,297.29998779296875,297.29998779296875,297.29998779296875,0,118.05000305175781,,,
25-03-2002,297.3999938964844,297.3999938964844,297.3999938964844,297.3999938964844,0,118.0999984741211,,,
26-03-2002,296.6000061035156,296.6000061035156,296.6000061035156,296.6000061035156,24896,118.13999938964844,,,
27-03-2002,302.20001220703125,296.79998779296875,303.1000061035156,296.29998779296875,4104,118.54000091552734,,,
28-03-2002,302.6000061035156,302.79998779296875,304.5,300.5,334,118.62000274658203,,,
01-04-2002,303.20001220703125,302.6000061035156,303.20001220703125,300.70001220703125,436,117.7699966430664,,,
02-04-2002,305.8999938964844,303.0,306.79998779296875,302.5,276,117.91999816894531,,,
03-04-2002,302.6000061035156,306.0,306.0,302.0,251,117.68000030517578,,,
04-04-2002,301.1000061035156,302.6000061035156,302.6000061035156,299.0,86,117.94000244140625,,,
05-04-2002,300.1000061035156,300.70001220703125,302.5,298.70001220703125,97,117.69000244140625,,,
08-04-2002,300.5,299.0,301.5,299.0,133,118.19999694824219,,,
09-04-2002,298.79998779296875,300.0,300.0,298.5,66,117.58999633789062,,,
10-04-2002,301.70001220703125,298.0,302.5,297.70001220703125,42,117.51000213623047,,,
11-04-2002,302.20001220703125,301.70001220703125,303.20001220703125,301.5,108,117.37000274658203,,,
12-04-2002,302.1000061035156,301.5,302.1000061035156,300.5,118,117.73999786376953,,,
15-04-2002,300.0,303.29998779296875,303.29998779296875,299.8999938964844,132,117.63999938964844,,,
16-04-2002,298.79998779296875,299.20001220703125,299.20001220703125,297.5,39,117.37000274658203,,,
17-04-2002,302.1000061035156,298.79998779296875,303.29998779296875,298.79998779296875,11,116.5999984741211,,,
18-04-2002,304.5,303.6000061035156,306.0,303.6000061035156,68,116.38999938964844,,,
19-04-2002,302.29998779296875,302.5,302.5,301.8999938964844,30,116.29000091552734,,,
22-04-2002,303.0,304.1000061035156,304.1000061035156,303.0,40,116.43000030517578,,,
23-04-2002,304.0,302.8999938964844,304.0,302.79998779296875,120,116.56999969482422,,,
24-04-2002,304.29998779296875,305.0,305.70001220703125,304.29998779296875,173,116.1500015258789,,,
25-04-2002,308.1000061035156,305.3999938964844,309.29998779296875,305.3999938964844,0,115.44999694824219,,,
26-04-2002,311.6000061035156,308.3999938964844,312.5,306.5,0,115.04000091552734,,,
29-04-2002,311.20001220703125,311.20001220703125,311.20001220703125,311.20001220703125,0,114.88999938964844,,,
30-04-2002,308.8999938964844,308.8999938964844,308.8999938964844,308.8999938964844,0,115.19000244140625,,,
01-05-2002,309.1000061035156,309.1000061035156,309.1000061035156,309.1000061035156,0,114.54000091552734,,,
02-05-2002,308.29998779296875,308.29998779296875,308.29998779296875,308.29998779296875,0,114.87000274658203,,,
03-05-2002,312.20001220703125,312.20001220703125,312.20001220703125,312.20001220703125,0,113.58999633789062,,,
06-05-2002,311.20001220703125,311.20001220703125,311.20001220703125,311.20001220703125,0,113.66000366210938,,,
07-05-2002,311.6000061035156,311.6000061035156,311.6000061035156,311.6000061035156,0,113.91999816894531,,,
08-05-2002,308.20001220703125,308.20001220703125,308.20001220703125,308.20001220703125,2,114.91000366210938,,,
09-05-2002,309.5,307.5,309.5,307.5,0,114.5199966430664,,,
10-05-2002,311.0,311.0,311.0,311.0,0,113.94999694824219,,,
13-05-2002,310.6000061035156,311.0,311.0,310.6000061035156,7,114.1500015258789,,,
14-05-2002,307.29998779296875,307.5,307.5,306.79998779296875,0,115.08999633789062,,,
15-05-2002,308.70001220703125,308.70001220703125,308.70001220703125,308.70001220703125,0,114.12000274658203,,,
16-05-2002,309.79998779296875,309.79998779296875,309.79998779296875,309.79998779296875,0,114.12999725341797,,,
17-05-2002,310.6000061035156,310.6000061035156,310.6000061035156,310.6000061035156,0,113.0,,,
20-05-2002,315.70001220703125,315.70001220703125,315.70001220703125,315.70001220703125,0,112.81999969482422,,,
21-05-2002,315.79998779296875,315.79998779296875,315.79998779296875,315.79998779296875,0,112.80000305175781,,,
22-05-2002,318.0,318.0,318.0,318.0,0,112.33000183105469,,,
23-05-2002,322.5,322.5,322.5,322.5,0,112.79000091552734,,,
24-05-2002,320.3999938964844,320.3999938964844,320.3999938964844,320.3999938964844,0,112.80000305175781,,,
28-05-2002,323.8999938964844,323.8999938964844,323.8999938964844,323.8999938964844,0,112.0999984741211,,,
29-05-2002,325.3999938964844,325.3999938964844,325.3999938964844,325.3999938964844,22051,111.48999786376953,,,
30-05-2002,325.5,325.3999938964844,326.70001220703125,323.5,6764,111.16999816894531,,,
31-05-2002,326.5,325.0,329.0,324.20001220703125,919,111.80999755859375,,,
03-06-2002,326.70001220703125,326.6000061035156,328.5,325.0,1866,111.30000305175781,,,
04-06-2002,327.79998779296875,327.0,330.29998779296875,327.0,996,111.08999633789062,,,
05-06-2002,321.20001220703125,327.29998779296875,327.29998779296875,320.1000061035156,190,111.33999633789062,,,
06-06-2002,324.8999938964844,321.1000061035156,326.0,321.1000061035156,422,110.83000183105469,,,
07-06-2002,324.6000061035156,325.5,327.5,323.8999938964844,237,110.98999786376953,,,
10-06-2002,318.70001220703125,323.0,323.8999938964844,318.0,171,111.0999984741211,,,
11-06-2002,319.70001220703125,319.29998779296875,319.70001220703125,316.0,602,110.77999877929688,,,
12-06-2002,320.29998779296875,319.6000061035156,322.29998779296875,318.79998779296875,71,111.0,,,
13-06-2002,317.70001220703125,320.1000061035156,320.1000061035156,317.0,67,111.1500015258789,,,
14-06-2002,319.1000061035156,321.20001220703125,321.5,319.1000061035156,43,110.76000213623047,,,
17-06-2002,317.3999938964844,318.0,318.79998779296875,317.29998779296875,329,110.8499984741211,,,
18-06-2002,319.20001220703125,317.0,319.20001220703125,317.0,19,110.19999694824219,,,
19-06-2002,319.79998779296875,320.20001220703125,320.6000061035156,319.79998779296875,116,109.66999816894531,,,
20-06-2002,323.20001220703125,321.29998779296875,324.5,321.29998779296875,52,108.94000244140625,,,
21-06-2002,324.6000061035156,322.8999938964844,325.20001220703125,322.20001220703125,329,108.19000244140625,,,
24-06-2002,324.29998779296875,326.5,327.29998779296875,324.0,294,108.20999908447266,,,
25-06-2002,320.20001220703125,323.70001220703125,323.70001220703125,318.0,0,107.56999969482422,,,
26-06-2002,320.5,322.1000061035156,324.0,320.5,13,106.55999755859375,,,
27-06-2002,319.20001220703125,320.29998779296875,320.29998779296875,319.20001220703125,0,106.37000274658203,,,
28-06-2002,313.5,313.5,313.5,313.5,0,106.11000061035156,,,
01-07-2002,314.0,314.0,314.0,314.0,20,106.51000213623047,,,
02-07-2002,312.79998779296875,315.0,315.29998779296875,312.79998779296875,0,106.80000305175781,,,
03-07-2002,310.8999938964844,311.0,311.0,310.8999938964844,2,107.05000305175781,,,
08-07-2002,312.1000061035156,313.29998779296875,313.29998779296875,312.1000061035156,10,106.30000305175781,,,
09-07-2002,316.1000061035156,313.3999938964844,316.1000061035156,312.6000061035156,0,105.6500015258789,,,
10-07-2002,314.70001220703125,314.70001220703125,314.70001220703125,314.70001220703125,0,106.01000213623047,,,
11-07-2002,317.20001220703125,317.20001220703125,317.20001220703125,317.20001220703125,0,105.72000122070312,,,
12-07-2002,315.6000061035156,315.6000061035156,315.6000061035156,315.6000061035156,2,105.88999938964844,,,
15-07-2002,319.6000061035156,320.5,320.5,319.0,18,104.66999816894531,,,
16-07-2002,317.20001220703125,318.20001220703125,318.20001220703125,317.20001220703125,0,104.48999786376953,,,
17-07-2002,317.3999938964844,317.3999938964844,317.3999938964844,317.3999938964844,24,104.41999816894531,,,
18-07-2002,317.0,317.0,317.0,317.0,29,104.47000122070312,,,
19-07-2002,323.8999938964844,323.8999938964844,323.8999938964844,323.8999938964844,403,104.05999755859375,,,
22-07-2002,323.6000061035156,323.6000061035156,323.6000061035156,323.6000061035156,0,104.75,,,
23-07-2002,312.70001220703125,312.70001220703125,312.70001220703125,312.70001220703125,0,106.66000366210938,,,
24-07-2002,311.5,311.5,311.5,311.5,0,105.5199966430664,,,
25-07-2002,309.79998779296875,309.79998779296875,309.79998779296875,309.79998779296875,3,105.12000274658203,,,
26-07-2002,303.3999938964844,303.3999938964844,303.3999938964844,303.3999938964844,0,106.61000061035156,,,
29-07-2002,302.5,302.5,302.5,300.79998779296875,23830,107.0999984741211,,,
30-07-2002,303.70001220703125,301.5,305.20001220703125,301.5,3224,106.80000305175781,,,
31-07-2002,303.20001220703125,303.70001220703125,305.29998779296875,301.79998779296875,965,107.41000366210938,,,
01-08-2002,304.0,303.20001220703125,304.79998779296875,298.0,217,107.0199966430664,,,
02-08-2002,307.0,303.6000061035156,307.8999938964844,303.6000061035156,392,106.66999816894531,,,
05-08-2002,307.79998779296875,307.5,309.6000061035156,306.5,139,107.2699966430664,,,
06-08-2002,305.5,307.5,307.5,304.79998779296875,52,108.69000244140625,,,
07-08-2002,314.29998779296875,308.0,315.5,307.8999938964844,177,107.8499984741211,,,
08-08-2002,310.3999938964844,314.6000061035156,314.6000061035156,310.29998779296875,86,108.66000366210938,,,
09-08-2002,314.20001220703125,310.0,315.0,310.0,29,108.20999908447266,,,
12-08-2002,314.1000061035156,313.79998779296875,318.0,313.79998779296875,8,107.41000366210938,,,
13-08-2002,314.20001220703125,313.6000061035156,315.0,313.6000061035156,68,107.11000061035156,,,
14-08-2002,311.79998779296875,317.0,317.0,311.0,152,106.79000091552734,,,
15-08-2002,314.29998779296875,311.6000061035156,316.5,311.1000061035156,132,106.72000122070312,,,
16-08-2002,313.70001220703125,313.1000061035156,315.0,312.20001220703125,725,106.72000122070312,,,
19-08-2002,306.0,313.1000061035156,313.1000061035156,305.5,118,107.5199966430664,,,
20-08-2002,308.70001220703125,307.3999938964844,308.70001220703125,306.20001220703125,219,107.30999755859375,,,
21-08-2002,307.6000061035156,307.5,308.0,306.0,105,107.13999938964844,,,
22-08-2002,306.6000061035156,305.79998779296875,306.6000061035156,304.8999938964844,378,108.12999725341797,,,
23-08-2002,306.70001220703125,305.5,306.70001220703125,305.20001220703125,53,107.97000122070312,,,
26-08-2002,309.3999938964844,310.5,310.5,309.3999938964844,153,107.86000061035156,,,
27-08-2002,312.29998779296875,308.5,312.8999938964844,308.5,0,106.7699966430664,,,
28-08-2002,309.3999938964844,311.8999938964844,312.5,309.3999938964844,17,107.08000183105469,,,
29-08-2002,312.8999938964844,312.0,312.8999938964844,312.0,0,106.69999694824219,,,
30-08-2002,312.3999938964844,312.3999938964844,312.3999938964844,312.3999938964844,36,106.9800033569336,,,
03-09-2002,313.3999938964844,312.5,313.3999938964844,312.5,0,105.56999969482422,,,
04-09-2002,314.8999938964844,314.8999938964844,314.8999938964844,314.8999938964844,0,106.0999984741211,,,
05-09-2002,318.20001220703125,318.20001220703125,318.20001220703125,318.20001220703125,7,105.9800033569336,,,
06-09-2002,319.8999938964844,320.0,320.0,319.8999938964844,0,106.83999633789062,,,
09-09-2002,321.29998779296875,321.29998779296875,321.29998779296875,321.29998779296875,0,107.0999984741211,,,
10-09-2002,317.8999938964844,317.8999938964844,317.8999938964844,317.8999938964844,0,107.5199966430664,,,
11-09-2002,316.6000061035156,316.6000061035156,316.6000061035156,316.6000061035156,0,107.62000274658203,,,
12-09-2002,318.8999938964844,318.8999938964844,318.8999938964844,318.8999938964844,0,107.16000366210938,,,
13-09-2002,316.6000061035156,319.0,319.0,316.6000061035156,0,108.05999755859375,,,
16-09-2002,317.1000061035156,317.1000061035156,317.1000061035156,317.1000061035156,0,108.23999786376953,,,
17-09-2002,317.0,317.0,317.0,317.0,0,108.33000183105469,,,
18-09-2002,320.6000061035156,320.6000061035156,320.6000061035156,320.6000061035156,0,107.76000213623047,,,
19-09-2002,322.6000061035156,322.6000061035156,322.6000061035156,322.6000061035156,0,107.0,,,
20-09-2002,321.8999938964844,321.8999938964844,321.8999938964844,321.8999938964844,7,107.52999877929688,,,
23-09-2002,323.0,323.0,323.0,323.0,0,107.86000061035156,,,
24-09-2002,325.8999938964844,325.8999938964844,325.8999938964844,325.8999938964844,0,107.5199966430664,,,
25-09-2002,322.20001220703125,322.20001220703125,322.20001220703125,322.20001220703125,0,107.79000091552734,,,
26-09-2002,320.29998779296875,320.29998779296875,320.29998779296875,320.29998779296875,3485,107.68000030517578,,,
27-09-2002,319.70001220703125,319.6000061035156,321.20001220703125,319.0,858,107.52999877929688,,,
30-09-2002,323.8999938964844,320.70001220703125,324.20001220703125,320.3999938964844,43,106.87000274658203,,,
01-10-2002,320.8999938964844,322.0,322.0,320.8999938964844,2837,107.06999969482422,,,
02-10-2002,321.5,319.6000061035156,321.5,319.6000061035156,41,107.16000366210938,,,
03-10-2002,321.1000061035156,321.0,322.8999938964844,321.0,9,106.97000122070312,,,
04-10-2002,322.1000061035156,321.3999938964844,322.1000061035156,321.3999938964844,117,107.5999984741211,,,
07-10-2002,321.8999938964844,322.0,322.20001220703125,321.8999938964844,12,107.55000305175781,,,
08-10-2002,318.20001220703125,319.0,319.70001220703125,318.20001220703125,5,108.06999969482422,,,
09-10-2002,319.6000061035156,318.20001220703125,319.6000061035156,318.20001220703125,35,106.94000244140625,,,
10-10-2002,316.5,319.0,319.29998779296875,316.5,10,107.19999694824219,,,
11-10-2002,316.29998779296875,316.70001220703125,317.0,316.29998779296875,18,107.25,,,
14-10-2002,317.79998779296875,318.0,318.0,317.79998779296875,6,107.1500015258789,,,
15-10-2002,312.6000061035156,315.5,315.5,312.6000061035156,31,107.77999877929688,,,
16-10-2002,314.0,314.5,314.5,314.0,539,107.62999725341797,,,
17-10-2002,311.6000061035156,314.0,314.0,311.5,17,108.37000274658203,,,
18-10-2002,312.70001220703125,312.20001220703125,313.20001220703125,311.79998779296875,17,108.5199966430664,,,
21-10-2002,310.8999938964844,310.8999938964844,313.0,310.8999938964844,12,108.2300033569336,,,
22-10-2002,313.0,313.29998779296875,313.29998779296875,312.29998779296875,12,107.94000244140625,,,
23-10-2002,312.0,313.29998779296875,313.29998779296875,312.0,80,108.0,,,
24-10-2002,310.70001220703125,311.70001220703125,311.70001220703125,309.79998779296875,10,107.91000366210938,,,
25-10-2002,313.3999938964844,314.0,314.0,312.79998779296875,26,107.91999816894531,,,
28-10-2002,315.20001220703125,314.0,315.20001220703125,314.0,0,107.16000366210938,,,
29-10-2002,317.70001220703125,317.70001220703125,317.70001220703125,316.0,13,107.06999969482422,,,
30-10-2002,316.5,316.5,316.5,316.0,2,107.06999969482422,,,
31-10-2002,318.0,318.0,318.0,318.0,0,106.63999938964844,,,
01-11-2002,318.79998779296875,318.79998779296875,318.79998779296875,318.79998779296875,0,106.08000183105469,,,
04-11-2002,318.29998779296875,318.29998779296875,318.29998779296875,318.29998779296875,0,106.12000274658203,,,
05-11-2002,318.20001220703125,318.20001220703125,318.20001220703125,318.20001220703125,0,105.87000274658203,,,
06-11-2002,317.5,317.5,317.5,317.5,0,105.5999984741211,,,
07-11-2002,320.5,320.5,320.5,320.5,2,104.97000122070312,,,
08-11-2002,321.29998779296875,321.5,321.5,321.29998779296875,0,104.5,,,
11-11-2002,321.20001220703125,321.20001220703125,321.20001220703125,321.20001220703125,0,104.56999969482422,,,
12-11-2002,324.5,324.5,324.5,324.5,4,104.66000366210938,,,
13-11-2002,318.70001220703125,318.70001220703125,318.70001220703125,317.5,0,105.0999984741211,,,
14-11-2002,317.8999938964844,318.79998779296875,318.79998779296875,317.8999938964844,0,105.20999908447266,,,
15-11-2002,320.70001220703125,320.70001220703125,320.70001220703125,320.70001220703125,0,105.04000091552734,,,
18-11-2002,319.20001220703125,319.20001220703125,319.20001220703125,319.20001220703125,0,105.19999694824219,,,
19-11-2002,318.6000061035156,318.6000061035156,318.6000061035156,318.6000061035156,0,105.66999816894531,,,
20-11-2002,317.3999938964844,317.3999938964844,317.3999938964844,317.3999938964844,0,105.87000274658203,,,
21-11-2002,317.3999938964844,317.3999938964844,317.3999938964844,317.3999938964844,2,105.80999755859375,,,
22-11-2002,320.70001220703125,317.3999938964844,320.70001220703125,317.20001220703125,4,106.12000274658203,,,
25-11-2002,317.79998779296875,316.5,317.79998779296875,316.5,50896,106.54000091552734,,,
26-11-2002,317.70001220703125,318.1000061035156,318.8999938964844,317.1000061035156,0,106.52999877929688,,,
27-11-2002,316.79998779296875,318.0,318.5,316.70001220703125,3643,106.7699966430664,,,
02-12-2002,317.6000061035156,318.1000061035156,318.5,315.5,750,106.3499984741211,,,
03-12-2002,320.20001220703125,317.3999938964844,321.20001220703125,317.1000061035156,628,106.37000274658203,,,
04-12-2002,322.20001220703125,319.79998779296875,323.0,319.79998779296875,395,106.13999938964844,,,
05-12-2002,324.79998779296875,321.70001220703125,324.79998779296875,321.0,859,106.0999984741211,,,
06-12-2002,326.29998779296875,324.29998779296875,328.0,324.29998779296875,134,105.36000061035156,,,
09-12-2002,325.79998779296875,325.70001220703125,326.6000061035156,324.79998779296875,124,105.23999786376953,,,
10-12-2002,323.5,326.0,326.20001220703125,323.0,274,105.37000274658203,,,
11-12-2002,324.79998779296875,323.20001220703125,325.0,323.20001220703125,224,105.3499984741211,,,
12-12-2002,331.3999938964844,333.0,333.0,326.5,234,104.51000213623047,,,
13-12-2002,333.20001220703125,331.0,336.0,330.29998779296875,64,103.9800033569336,,,
16-12-2002,337.0,334.0,337.0,332.5,175,104.05999755859375,,,
17-12-2002,337.3999938964844,337.5,342.0,336.5,27,103.51000213623047,,,
18-12-2002,342.1000061035156,337.29998779296875,342.5,337.0,84,103.62999725341797,,,
19-12-2002,345.8999938964844,344.3999938964844,349.20001220703125,342.5,48,103.4800033569336,,,
20-12-2002,340.5,346.0,346.0,340.0,57,103.45999908447266,,,
23-12-2002,345.1000061035156,344.5,345.1000061035156,342.0,227,103.63999938964844,,,
24-12-2002,346.79998779296875,346.1000061035156,347.70001220703125,346.0,43,103.25,,,
26-12-2002,348.8999938964844,346.0,350.3999938964844,346.0,0,102.81999969482422,,,
27-12-2002,349.20001220703125,348.79998779296875,350.5,347.20001220703125,95,102.41000366210938,,,
30-12-2002,343.3999938964844,350.3999938964844,350.3999938964844,343.3999938964844,11,102.01000213623047,,,
31-12-2002,347.6000061035156,343.6000061035156,347.6000061035156,341.0,0,101.8499984741211,,,
02-01-2003,346.1000061035156,346.1000061035156,346.1000061035156,346.1000061035156,3,102.9800033569336,,,
03-01-2003,351.20001220703125,345.20001220703125,351.20001220703125,345.20001220703125,0,102.47000122070312,,,
06-01-2003,351.70001220703125,351.70001220703125,351.70001220703125,351.1000061035156,2,101.97000122070312,,,
07-01-2003,347.29998779296875,349.29998779296875,349.29998779296875,347.29998779296875,4,102.56999969482422,,,
08-01-2003,353.8999938964844,346.79998779296875,353.8999938964844,346.29998779296875,0,101.87000274658203,,,
09-01-2003,353.29998779296875,353.29998779296875,353.29998779296875,353.29998779296875,2,101.94000244140625,,,
10-01-2003,354.5,354.20001220703125,354.5,354.20001220703125,1,101.2300033569336,,,
13-01-2003,354.70001220703125,352.0,354.70001220703125,352.0,0,101.47000122070312,,,
14-01-2003,352.0,352.0,352.0,352.0,1,101.20999908447266,,,
15-01-2003,350.70001220703125,350.0,350.70001220703125,350.0,0,101.33999633789062,,,
16-01-2003,357.70001220703125,357.70001220703125,357.70001220703125,357.70001220703125,0,100.79000091552734,,,
17-01-2003,356.6000061035156,356.6000061035156,356.6000061035156,356.6000061035156,0,100.55000305175781,,,
21-01-2003,357.29998779296875,357.29998779296875,357.29998779296875,356.20001220703125,20,100.2300033569336,,,
22-01-2003,359.70001220703125,360.5,360.5,359.0,0,100.2300033569336,,,
23-01-2003,364.5,364.5,364.5,364.5,1,99.86000061035156,,,
24-01-2003,368.20001220703125,368.20001220703125,368.20001220703125,367.0,44,99.22000122070312,,,
27-01-2003,369.3999938964844,371.0,372.0,369.3999938964844,28,99.26000213623047,,,
28-01-2003,370.0,369.0,370.0,369.0,0,99.4800033569336,,,
29-01-2003,366.29998779296875,366.29998779296875,366.29998779296875,366.29998779296875,834,99.27999877929688,,,
30-01-2003,368.6000061035156,366.0,370.0,362.6000061035156,6537,99.5199966430664,,,
31-01-2003,368.29998779296875,368.79998779296875,371.5,367.0,821,99.91000366210938,,,
03-02-2003,370.79998779296875,368.0,372.0,368.0,1358,99.9000015258789,,,
04-02-2003,379.0,371.3999938964844,379.5,371.20001220703125,833,99.13999938964844,,,
05-02-2003,376.3999938964844,379.0,388.8999938964844,374.0,730,99.6500015258789,,,
06-02-2003,370.1000061035156,370.0,377.0,368.3999938964844,179,99.45999908447266,,,
07-02-2003,369.8999938964844,370.5,374.5,367.5,572,99.56999969482422,,,
10-02-2003,363.70001220703125,370.3999938964844,372.0,363.70001220703125,611,100.2699966430664,,,
11-02-2003,362.5,363.20001220703125,365.3999938964844,361.79998779296875,801,100.38999938964844,,,
12-02-2003,352.6000061035156,363.79998779296875,364.6000061035156,352.6000061035156,221,100.51000213623047,,,
13-02-2003,357.3999938964844,352.3999938964844,359.0,349.0,207,99.58999633789062,,,
14-02-2003,351.8999938964844,354.8999938964844,357.6000061035156,349.8999938964844,518,100.04000091552734,,,
18-02-2003,344.20001220703125,347.79998779296875,348.0,342.0,319,100.52999877929688,,,
19-02-2003,349.8999938964844,344.0,350.0,344.0,160,100.0,,,
20-02-2003,353.1000061035156,351.70001220703125,355.0,350.0,202,99.55000305175781,,,
21-02-2003,351.79998779296875,352.5,353.79998779296875,351.79998779296875,83,100.08999633789062,,,
24-02-2003,356.29998779296875,353.8999938964844,358.0,353.0,115,99.66000366210938,,,
25-02-2003,352.29998779296875,357.3999938964844,359.0,352.0,0,99.83000183105469,,,
26-02-2003,354.0,353.0,356.0,351.5,3,99.62000274658203,,,
27-02-2003,346.1000061035156,346.1000061035156,346.1000061035156,346.1000061035156,0,99.80999755859375,,,
28-02-2003,350.20001220703125,350.20001220703125,350.20001220703125,350.20001220703125,16,99.70999908447266,,,
03-03-2003,349.20001220703125,349.20001220703125,349.20001220703125,349.20001220703125,0,99.0999984741211,,,
04-03-2003,353.20001220703125,353.20001220703125,353.20001220703125,353.20001220703125,0,99.12999725341797,,,
05-03-2003,353.1000061035156,353.1000061035156,353.1000061035156,353.1000061035156,0,98.27999877929688,,,
06-03-2003,356.79998779296875,356.79998779296875,356.79998779296875,356.79998779296875,0,98.30999755859375,,,
07-03-2003,350.79998779296875,350.79998779296875,350.79998779296875,350.79998779296875,0,98.04000091552734,,,
10-03-2003,354.70001220703125,354.70001220703125,354.70001220703125,354.70001220703125,0,97.8499984741211,,,
11-03-2003,350.5,350.5,350.5,350.5,0,97.98999786376953,,,
12-03-2003,346.5,346.5,346.5,346.5,1,98.16000366210938,,,
13-03-2003,335.8999938964844,342.70001220703125,342.70001220703125,335.8999938964844,1,99.55000305175781,,,
14-03-2003,336.5,336.5,336.5,336.5,4,99.98999786376953,,,
17-03-2003,337.1000061035156,343.0,343.0,337.1000061035156,24,100.73999786376953,,,
18-03-2003,337.6000061035156,336.0,340.1000061035156,336.0,5,100.86000061035156,,,
19-03-2003,336.1000061035156,336.1000061035156,336.1000061035156,336.1000061035156,0,101.58000183105469,,,
20-03-2003,332.8999938964844,332.8999938964844,332.8999938964844,332.8999938964844,0,101.1500015258789,,,
21-03-2003,326.0,326.0,326.0,326.0,0,101.91999816894531,,,
24-03-2003,329.5,329.5,329.5,329.5,5,100.9800033569336,,,
25-03-2003,328.3999938964844,328.3999938964844,328.3999938964844,328.3999938964844,13,100.87000274658203,,,
26-03-2003,330.29998779296875,330.29998779296875,330.29998779296875,330.29998779296875,0,100.61000061035156,,,
27-03-2003,328.70001220703125,328.70001220703125,328.70001220703125,328.70001220703125,0,100.63999938964844,,,
28-03-2003,328.70001220703125,331.5,331.5,328.70001220703125,4021,99.95999908447266,,,
31-03-2003,335.8999938964844,331.6000061035156,336.3999938964844,331.6000061035156,2026,99.05999755859375,,,
01-04-2003,334.29998779296875,336.0,338.3999938964844,333.79998779296875,434,99.1500015258789,,,
02-04-2003,329.6000061035156,334.3999938964844,335.70001220703125,327.5,293,100.08000183105469,,,
03-04-2003,324.8999938964844,329.70001220703125,329.70001220703125,323.20001220703125,636,100.33999633789062,,,
04-04-2003,325.29998779296875,324.70001220703125,325.5,323.0,154,100.44999694824219,,,
07-04-2003,321.5,321.0,323.5,319.29998779296875,55,101.04000091552734,,,
08-04-2003,322.20001220703125,322.29998779296875,323.8999938964844,321.5,860,100.52999877929688,,,
09-04-2003,325.6000061035156,323.0,327.0,322.0,163,100.16000366210938,,,
10-04-2003,326.70001220703125,327.0,327.29998779296875,324.3999938964844,45,99.81999969482422,,,
11-04-2003,327.8999938964844,326.5,327.8999938964844,323.3999938964844,139,100.18000030517578,,,
14-04-2003,324.20001220703125,325.6000061035156,326.0,324.20001220703125,25,99.95999908447266,,,
15-04-2003,324.8999938964844,324.5,325.8999938964844,322.5,149,99.76000213623047,,,
16-04-2003,325.79998779296875,325.5,325.79998779296875,323.5,0,99.05999755859375,,,
17-04-2003,327.20001220703125,326.0,328.29998779296875,326.0,16,99.30000305175781,,,
21-04-2003,333.5,329.70001220703125,333.5,329.5,0,99.58999633789062,,,
22-04-2003,334.3999938964844,333.5,336.5,333.20001220703125,22,98.7300033569336,,,
23-04-2003,331.5,334.29998779296875,334.70001220703125,331.5,77,98.77999877929688,,,
24-04-2003,334.79998779296875,332.6000061035156,335.20001220703125,331.79998779296875,21,98.33000183105469,,,
25-04-2003,333.3999938964844,333.3999938964844,334.5,333.29998779296875,0,98.36000061035156,,,
28-04-2003,334.5,335.0,335.0,334.5,1,98.66999816894531,,,
29-04-2003,333.70001220703125,333.0,333.0,333.0,1,98.0199966430664,,,
30-04-2003,339.1000061035156,337.0,337.0,337.0,6,97.19000244140625,,,
01-05-2003,342.1000061035156,339.0,339.0,339.0,1,96.69999694824219,,,
02-05-2003,341.0,342.1000061035156,342.20001220703125,342.20001220703125,1,96.76000213623047,,,
05-05-2003,342.29998779296875,342.29998779296875,342.29998779296875,342.29998779296875,1,96.37000274658203,,,
06-05-2003,342.5,342.5,342.5,342.5,5,95.33999633789062,,,
07-05-2003,341.8999938964844,342.1000061035156,342.1000061035156,342.1000061035156,5,95.58000183105469,,,
08-05-2003,348.3999938964844,344.6000061035156,344.6000061035156,344.6000061035156,6,94.93000030517578,,,
09-05-2003,348.6000061035156,348.29998779296875,348.20001220703125,348.20001220703125,1,94.9800033569336,,,
12-05-2003,351.6000061035156,351.6000061035156,351.6000061035156,351.6000061035156,1,94.55000305175781,,,
13-05-2003,350.0,350.0,350.0,350.0,1,94.72000122070312,,,
14-05-2003,352.29998779296875,350.1000061035156,350.1000061035156,350.1000061035156,1,94.58000183105469,,,
15-05-2003,352.6000061035156,352.6000061035156,352.6000061035156,352.6000061035156,1,95.22000122070312,,,
16-05-2003,354.70001220703125,352.6000061035156,352.70001220703125,352.70001220703125,1,94.08000183105469,,,
19-05-2003,364.20001220703125,364.20001220703125,364.20001220703125,364.20001220703125,1,93.77999877929688,,,
20-05-2003,366.29998779296875,366.29998779296875,366.29998779296875,366.29998779296875,1,93.26000213623047,,,
21-05-2003,372.0,366.3999938964844,366.3999938964844,366.3999938964844,1,93.54000091552734,,,
22-05-2003,368.1000061035156,368.1000061035156,368.1000061035156,368.1000061035156,1,93.55999755859375,,,
23-05-2003,368.79998779296875,368.79998779296875,368.79998779296875,368.79998779296875,1,93.05000305175781,,,
27-05-2003,367.79998779296875,367.79998779296875,367.79998779296875,367.79998779296875,68840,92.72000122070312,,,
28-05-2003,365.20001220703125,367.0,367.29998779296875,358.6000061035156,57228,93.44999694824219,,,
29-05-2003,369.6000061035156,365.1000061035156,370.0,360.20001220703125,33180,92.70999908447266,,,
30-05-2003,364.5,368.6000061035156,369.6000061035156,360.5,4747,93.2699966430664,,,
02-06-2003,366.0,360.0,367.0,360.0,1955,93.33999633789062,,,
03-06-2003,365.20001220703125,365.0,366.8999938964844,363.0,987,93.52999877929688,,,
04-06-2003,362.6000061035156,366.1000061035156,366.1000061035156,361.5,452,93.7300033569336,,,
05-06-2003,368.6000061035156,361.79998779296875,370.0,360.8999938964844,1831,92.5199966430664,,,
06-06-2003,363.70001220703125,368.1000061035156,368.1000061035156,362.0,942,93.4800033569336,,,
09-06-2003,361.79998779296875,362.79998779296875,366.1000061035156,361.20001220703125,453,93.30000305175781,,,
10-06-2003,352.20001220703125,359.5,362.29998779296875,351.5,1371,93.55999755859375,,,
11-06-2003,355.5,352.20001220703125,356.1000061035156,352.20001220703125,558,92.97000122070312,,,
12-06-2003,353.29998779296875,354.5,355.6000061035156,351.0,114,92.9000015258789,,,
13-06-2003,356.6000061035156,353.70001220703125,357.0,352.29998779296875,82,92.22000122070312,,,
16-06-2003,359.0,359.1000061035156,359.29998779296875,356.5,560,92.4000015258789,,,
17-06-2003,363.20001220703125,359.8999938964844,365.0,359.8999938964844,146,92.61000061035156,,,
18-06-2003,357.20001220703125,360.70001220703125,361.0,356.79998779296875,67,93.16999816894531,,,
19-06-2003,361.29998779296875,356.0,363.0,356.0,29,93.16000366210938,,,
20-06-2003,356.29998779296875,362.29998779296875,362.29998779296875,356.0,93,94.04000091552734,,,
23-06-2003,353.0,355.8999938964844,357.29998779296875,351.5,178,94.08000183105469,,,
24-06-2003,346.29998779296875,354.0,354.0,346.29998779296875,83,94.38999938964844,,,
25-06-2003,349.29998779296875,348.1000061035156,349.8999938964844,347.70001220703125,514,94.12000274658203,,,
26-06-2003,343.8999938964844,346.5,345.5,343.3999938964844,1,94.97000122070312,,,
27-06-2003,345.20001220703125,345.20001220703125,345.20001220703125,345.20001220703125,3,95.1500015258789,,,
30-06-2003,346.0,345.29998779296875,345.29998779296875,345.29998779296875,3,94.7300033569336,,,
01-07-2003,351.3999938964844,351.3999938964844,351.3999938964844,351.3999938964844,3,94.30000305175781,,,
02-07-2003,351.29998779296875,351.3999938964844,351.3999938964844,351.3999938964844,3,94.12000274658203,,,
03-07-2003,351.0,351.0,351.0,351.0,3,94.41000366210938,,,
07-07-2003,348.1000061035156,351.0,351.0,351.0,3,95.51000213623047,,,
08-07-2003,344.1000061035156,344.1000061035156,344.1000061035156,344.1000061035156,3,95.81999969482422,,,
09-07-2003,343.6000061035156,343.6000061035156,343.6000061035156,343.6000061035156,3,95.58999633789062,,,
10-07-2003,344.29998779296875,343.6000061035156,343.6000061035156,343.6000061035156,3,95.38999938964844,,,
11-07-2003,344.79998779296875,344.0,344.0,344.0,1,95.80000305175781,,,
14-07-2003,347.70001220703125,344.5,346.8999938964844,346.8999938964844,120,96.06999969482422,,,
15-07-2003,342.1000061035156,347.70001220703125,347.70001220703125,347.70001220703125,120,96.06999969482422,,,
16-07-2003,343.1000061035156,342.1000061035156,342.1000061035156,342.1000061035156,100,96.72000122070312,,,
17-07-2003,344.20001220703125,343.1000061035156,343.1000061035156,343.1000061035156,100,96.86000061035156,,,
18-07-2003,347.20001220703125,343.5,344.29998779296875,344.29998779296875,100,96.86000061035156,,,
21-07-2003,350.8999938964844,350.8999938964844,350.8999938964844,350.8999938964844,100,96.11000061035156,,,
22-07-2003,350.6000061035156,350.8999938964844,350.8999938964844,350.8999938964844,100,96.37999725341797,,,
23-07-2003,358.6000061035156,350.6000061035156,350.6000061035156,350.6000061035156,100,95.44000244140625,,,
24-07-2003,362.20001220703125,358.6000061035156,358.70001220703125,358.70001220703125,100,95.33999633789062,,,
25-07-2003,362.70001220703125,362.70001220703125,362.70001220703125,362.70001220703125,100,94.95999908447266,,,
28-07-2003,364.79998779296875,362.70001220703125,362.70001220703125,362.70001220703125,100,95.05999755859375,,,
29-07-2003,361.70001220703125,364.70001220703125,364.79998779296875,364.79998779296875,48032,95.33000183105469,,,
30-07-2003,356.20001220703125,361.1000061035156,362.0,354.5,34582,96.06999969482422,,,
31-07-2003,354.0,354.70001220703125,357.5,353.0,2554,96.88999938964844,,,
01-08-2003,346.1000061035156,354.1000061035156,355.1000061035156,346.0,2275,96.66000366210938,,,
04-08-2003,349.20001220703125,346.5,350.79998779296875,346.29998779296875,1783,96.18000030517578,,,
05-08-2003,349.6000061035156,349.1000061035156,349.79998779296875,348.20001220703125,102,96.16000366210938,,,
06-08-2003,350.79998779296875,352.0,352.20001220703125,349.0,384,96.2300033569336,,,
07-08-2003,352.5,351.0,353.3999938964844,350.1000061035156,407,95.83000183105469,,,
08-08-2003,356.29998779296875,354.0,357.5,352.0,151,96.36000061035156,,,
11-08-2003,361.70001220703125,359.6000061035156,361.0,358.70001220703125,45,95.87000274658203,,,
12-08-2003,358.5,359.6000061035156,359.6000061035156,358.1000061035156,25,96.1500015258789,,,
13-08-2003,362.1000061035156,357.20001220703125,363.79998779296875,357.20001220703125,15,96.18000030517578,,,
14-08-2003,366.0,363.79998779296875,366.0,363.0,15,96.68000030517578,,,
15-08-2003,363.20001220703125,366.0,366.0,363.5,25,96.6500015258789,,,
18-08-2003,358.3999938964844,360.0,360.0,358.0,21,97.3499984741211,,,
19-08-2003,361.6000061035156,357.0,361.29998779296875,357.0,91,97.30999755859375,,,
20-08-2003,365.6000061035156,361.1000061035156,367.0,361.1000061035156,86,97.37000274658203,,,
21-08-2003,360.6000061035156,364.6000061035156,364.6000061035156,362.70001220703125,49,98.61000061035156,,,
22-08-2003,363.1000061035156,362.0,363.5,362.0,37,98.83000183105469,,,
25-08-2003,361.29998779296875,364.0,364.0,361.0,26,98.83000183105469,,,
26-08-2003,365.79998779296875,361.5,366.5,361.0,187,98.76000213623047,,,
27-08-2003,373.5,365.8999938964844,375.0,370.5,6,98.86000061035156,,,
28-08-2003,370.5,369.0,369.0,369.0,7,98.83000183105469,,,
29-08-2003,375.70001220703125,375.0,375.0,375.0,6,98.0999984741211,,,
02-09-2003,373.20001220703125,375.0,375.0,375.0,8,98.94999694824219,,,
03-09-2003,373.8999938964844,373.8999938964844,373.8999938964844,373.8999938964844,8,98.70999908447266,,,
04-09-2003,372.8999938964844,372.8999938964844,372.8999938964844,372.8999938964844,8,98.19999694824219,,,
05-09-2003,377.6000061035156,377.6000061035156,377.6000061035156,377.6000061035156,8,97.08999633789062,,,
08-09-2003,375.1000061035156,375.1000061035156,375.1000061035156,375.1000061035156,8,97.16000366210938,,,
09-09-2003,381.70001220703125,381.70001220703125,381.70001220703125,381.70001220703125,8,96.44000244140625,,,
10-09-2003,380.0,380.0,380.0,380.0,8,96.5,,,
11-09-2003,379.70001220703125,378.0,378.0,378.0,1,96.55999755859375,,,
12-09-2003,375.79998779296875,375.79998779296875,375.79998779296875,375.79998779296875,1,96.01000213623047,,,
15-09-2003,374.5,375.3999938964844,375.3999938964844,375.3999938964844,1,95.9800033569336,,,
16-09-2003,373.5,373.5,373.5,373.5,1,96.66999816894531,,,
17-09-2003,376.20001220703125,376.20001220703125,376.20001220703125,376.20001220703125,1,95.73999786376953,,,
18-09-2003,376.6000061035156,376.6000061035156,376.6000061035156,376.6000061035156,1,95.94999694824219,,,
19-09-2003,381.79998779296875,381.79998779296875,381.79998779296875,381.79998779296875,1,94.95999908447266,,,
22-09-2003,387.20001220703125,387.20001220703125,387.20001220703125,387.20001220703125,1,93.8499984741211,,,
23-09-2003,385.8999938964844,385.8999938964844,385.8999938964844,385.8999938964844,1,93.98999786376953,,,
24-09-2003,387.5,387.5,387.5,387.5,1,93.69999694824219,,,
25-09-2003,385.0,385.0,385.0,385.0,1,93.76000213623047,,,
26-09-2003,380.79998779296875,380.79998779296875,380.79998779296875,380.79998779296875,7322,93.87000274658203,,,
29-09-2003,382.3999938964844,381.0,385.0,380.1000061035156,5080,93.08000183105469,,,
30-09-2003,385.3999938964844,382.29998779296875,388.70001220703125,382.29998779296875,3738,92.8499984741211,,,
01-10-2003,384.29998779296875,385.5,386.29998779296875,383.0,83,92.38999938964844,,,
02-10-2003,383.1000061035156,385.1000061035156,385.1000061035156,380.5,146,92.41999816894531,,,
03-10-2003,369.3999938964844,383.0,384.5,368.0,708,93.2300033569336,,,
06-10-2003,372.70001220703125,371.5,373.29998779296875,370.70001220703125,93,92.41000366210938,,,
07-10-2003,377.20001220703125,374.6000061035156,376.79998779296875,374.6000061035156,89,91.88999938964844,,,
08-10-2003,375.3999938964844,376.70001220703125,377.79998779296875,376.0,89,91.7300033569336,,,
09-10-2003,369.20001220703125,373.5,373.5,369.0,1556,91.98999786376953,,,
10-10-2003,373.6000061035156,370.79998779296875,370.79998779296875,370.79998779296875,96,91.5199966430664,,,
13-10-2003,375.20001220703125,371.29998779296875,371.29998779296875,370.0,13,91.88999938964844,,,
14-10-2003,375.70001220703125,373.5,375.79998779296875,373.5,35,91.83000183105469,,,
15-10-2003,372.6000061035156,374.0,374.0,374.0,2,92.41999816894531,,,
16-10-2003,372.70001220703125,372.70001220703125,372.70001220703125,372.70001220703125,18,92.61000061035156,,,
17-10-2003,371.79998779296875,369.5,369.5,369.5,2,92.29000091552734,,,
20-10-2003,374.0,373.5,374.5,373.0,9,92.43000030517578,,,
21-10-2003,381.70001220703125,378.70001220703125,382.0,377.6000061035156,98,92.37000274658203,,,
22-10-2003,386.5,376.5,386.6000061035156,385.0,178,91.2699966430664,,,
23-10-2003,384.70001220703125,386.0,387.79998779296875,384.6000061035156,28,91.51000213623047,,,
24-10-2003,388.8999938964844,384.70001220703125,394.0,384.1000061035156,62,91.27999877929688,,,
27-10-2003,387.8999938964844,387.79998779296875,389.0,387.0,54,91.61000061035156,,,
28-10-2003,383.20001220703125,385.0,385.5,383.0,229,91.86000061035156,,,
29-10-2003,386.79998779296875,383.0,387.0,380.79998779296875,2,91.86000061035156,,,
30-10-2003,384.29998779296875,387.1000061035156,387.1000061035156,387.1000061035156,2,92.20999908447266,,,
31-10-2003,384.5,384.5,384.5,384.5,2,92.7300033569336,,,
03-11-2003,377.0,382.79998779296875,383.0,382.79998779296875,3,93.66000366210938,,,
04-11-2003,379.8999938964844,377.0,377.0,377.0,3,93.2300033569336,,,
05-11-2003,382.6000061035156,382.6000061035156,382.6000061035156,382.6000061035156,3,93.62999725341797,,,
06-11-2003,380.6000061035156,380.6000061035156,380.6000061035156,380.6000061035156,3,93.88999938964844,,,
07-11-2003,383.29998779296875,383.29998779296875,383.29998779296875,383.29998779296875,3,93.0199966430664,,,
10-11-2003,386.6000061035156,386.6000061035156,386.6000061035156,386.6000061035156,3,93.05000305175781,,,
11-11-2003,388.1000061035156,388.70001220703125,388.70001220703125,388.70001220703125,3,93.0999984741211,,,
12-11-2003,394.8999938964844,391.70001220703125,396.5,396.0,1,92.30999755859375,,,
13-11-2003,394.1000061035156,396.0,396.0,396.0,101,91.61000061035156,,,
14-11-2003,397.79998779296875,397.79998779296875,397.79998779296875,397.79998779296875,101,91.44000244140625,,,
17-11-2003,391.5,397.6000061035156,398.0,398.0,101,91.52999877929688,,,
18-11-2003,397.6000061035156,397.6000061035156,397.6000061035156,397.6000061035156,101,90.33000183105469,,,
19-11-2003,394.8999938964844,397.70001220703125,397.70001220703125,397.70001220703125,101,90.9000015258789,,,
20-11-2003,393.70001220703125,393.70001220703125,393.70001220703125,393.70001220703125,101,90.66000366210938,,,
21-11-2003,396.0,394.0,395.79998779296875,394.0,2,90.5999984741211,,,
24-11-2003,391.5,391.5,391.5,391.5,77377,91.58999633789062,,,
25-11-2003,391.1000061035156,391.5,393.20001220703125,389.5,74334,91.45999908447266,,,
26-11-2003,396.79998779296875,390.70001220703125,402.0,390.6000061035156,12662,90.5999984741211,,,
01-12-2003,402.70001220703125,397.20001220703125,402.8999938964844,397.0,1664,90.3499984741211,15113.0,6086005.284484863,7337840.950668993
02-12-2003,403.70001220703125,402.0,406.0,399.5,1519,89.63999938964844,15075.0,6085777.684020996,7337566.534869781
03-12-2003,403.8999938964844,403.20001220703125,404.0,401.5,2672,89.5,15102.0,6099697.707824707,7354349.780352914
04-12-2003,403.29998779296875,403.8999938964844,405.0,400.0,304,89.5999984741211,15087.0,6084586.9158325195,7336130.836547527
05-12-2003,406.3999938964844,402.5,406.79998779296875,400.0,655,89.13999938964844,15089.0,6132169.507904053,7393500.73294436
08-12-2003,406.6000061035156,409.0,409.5,405.29998779296875,221,88.75,15093.0,6136813.892120361,7399100.424548301
09-12-2003,408.20001220703125,407.0,409.1000061035156,406.5,1224,88.61000061035156,15105.0,6165861.184387207,7434122.479367262
10-12-2003,406.20001220703125,406.8999938964844,412.0,405.79998779296875,842,88.8499984741211,15109.0,6137275.984436035,7399657.565030185
11-12-2003,404.6000061035156,405.79998779296875,407.0,402.70001220703125,101,88.87999725341797,15108.0,6112696.892211914,7370022.778167246
12-12-2003,409.3999938964844,406.1000061035156,409.8999938964844,406.1000061035156,171,88.48999786376953,15124.0,6191765.50769043,7465355.085230805
15-12-2003,409.20001220703125,401.6000061035156,411.0,401.6000061035156,86,88.45999908447266,15123.0,6188331.784606934,7461215.0766902985
16-12-2003,407.70001220703125,410.0,410.0,407.0,39,88.30999755859375,15131.0,6168908.88470459,7437797.06378658
17-12-2003,412.0,409.1000061035156,410.79998779296875,407.70001220703125,185,87.94000244140625,15157.0,6244684.0,7529158.427779118
18-12-2003,410.3999938964844,413.20001220703125,413.20001220703125,408.0,85,87.8499984741211,15161.0,6222074.3074646,7501898.128122256
19-12-2003,409.20001220703125,410.79998779296875,411.20001220703125,408.1000061035156,94,88.11000061035156,15137.0,6194060.584777832,7468122.238700062
22-12-2003,410.6000061035156,409.6000061035156,411.5,409.6000061035156,52,87.98999786376953,15152.0,6221411.292480469,7501098.737015274
23-12-2003,411.0,410.3999938964844,411.5,409.79998779296875,185,87.98999786376953,15153.0,6227883.0,7508901.615625753
24-12-2003,412.29998779296875,411.5,413.20001220703125,410.5,165,87.54000091552734,15153.0,6247581.7150268555,7532652.176304383
29-12-2003,414.79998779296875,414.1000061035156,415.79998779296875,413.0,1,87.3499984741211,15150.0,6284219.815063477,7576826.398677931
30-12-2003,416.8999938964844,416.8999938964844,416.8999938964844,416.8999938964844,1,87.0,15147.0,6314784.207550049,7613677.60736683
31-12-2003,415.70001220703125,416.8999938964844,417.20001220703125,417.20001220703125,1,86.91999816894531,15002.0,6236331.583129883,7519087.9950926965
05-01-2004,424.3999938964844,415.70001220703125,422.5,422.5,20,86.06999969482422,15148.0,6428811.107543945,7751158.798582042
06-01-2004,422.79998779296875,424.3999938964844,424.29998779296875,424.29998779296875,20,85.62999725341797,15150.0,6405419.815063477,7722956.13101456
07-01-2004,421.8999938964844,423.0,423.0,423.0,20,86.19999694824219,15153.0,6393050.607513428,7708042.690515346
08-01-2004,424.0,421.8999938964844,422.0,422.0,20,85.56999969482422,15129.0,6414696.0,7734140.3424162045
09-01-2004,426.3999938964844,424.0,423.8999938964844,423.8999938964844,20,85.11000061035156,15176.0,6471046.307373047,7802081.3930227235
12-01-2004,426.29998779296875,425.79998779296875,428.20001220703125,425.79998779296875,3,85.55000305175781,15158.0,6461855.21496582,7790999.77690598
13-01-2004,423.70001220703125,425.3999938964844,425.8999938964844,423.0,12,85.51000213623047,15163.0,6424563.285095215,7746037.237877037
14-01-2004,421.70001220703125,421.70001220703125,421.70001220703125,421.70001220703125,12,86.02999877929688,15162.0,6393815.585083008,7708965.016979754
15-01-2004,408.3999938964844,421.79998779296875,422.0,422.0,12,86.55999755859375,15164.0,6192977.507446289,7466816.382259813
16-01-2004,406.70001220703125,408.29998779296875,408.29998779296875,408.29998779296875,12,87.7300033569336,15187.0,6176553.085388184,7447013.606689394
20-01-2004,412.70001220703125,406.70001220703125,406.70001220703125,406.70001220703125,12,86.70999908447266,15138.0,6247452.784790039,7532496.726296164
21-01-2004,411.1000061035156,412.6000061035156,412.6000061035156,412.6000061035156,2,86.36000061035156,15153.0,6229398.392486572,7510728.710497434
22-01-2004,410.0,411.29998779296875,411.29998779296875,411.29998779296875,2,85.81999969482422,15172.0,6220520.0,7500024.113817217
23-01-2004,407.8999938964844,407.8999938964844,407.8999938964844,407.8999938964844,2,86.55999755859375,15192.0,6196816.707275391,7471445.270406788
26-01-2004,406.6000061035156,406.6000061035156,406.6000061035156,406.6000061035156,2,87.25,15174.0,6169748.492614746,7438809.371370564
27-01-2004,410.0,410.0,410.0,410.0,2,86.27999877929688,15170.0,6219700.0,7499035.447311309
28-01-2004,414.5,414.5,414.5,414.5,76523,86.97000122070312,15194.0,6297913.0,7593336.146612008
29-01-2004,398.5,412.0,412.0,396.5,42434,87.58000183105469,15198.0,6056403.0,7302149.746804919
30-01-2004,402.20001220703125,398.0,402.6000061035156,398.0,13533,87.19999694824219,15165.0,6099363.185119629,7353946.44938465
02-02-2004,398.70001220703125,403.0,403.29998779296875,394.0,2646,87.52999877929688,15179.0,6051867.485290527,7296681.318170397
03-02-2004,399.20001220703125,398.5,403.0,398.5,490,86.79000091552734,15228.0,6079017.785888672,7329416.187471271
04-02-2004,401.0,399.79998779296875,401.29998779296875,398.5,977,86.83999633789062,15228.0,6106428.0,7362464.432119604
05-02-2004,398.1000061035156,399.3999938964844,400.29998779296875,397.5,131,86.9000015258789,15216.0,6057489.692871094,7303459.962468162
06-02-2004,403.6000061035156,397.0,407.0,397.0,313,86.0199966430664,15208.0,6137948.892822266,7400468.88452166
09-02-2004,406.79998779296875,403.79998779296875,407.5,403.79998779296875,101,86.0,15304.0,6225667.013183594,7506229.820573418
10-02-2004,406.3999938964844,407.29998779296875,410.5,407.29998779296875,71,85.83999633789062,15208.0,6180531.107177734,7451809.87120537
11-02-2004,410.20001220703125,407.79998779296875,412.0,406.0,134,85.19999694824219,15190.0,6230938.185424805,7512585.224770683
12-02-2004,413.70001220703125,411.8999938964844,413.5,410.0,146,85.29000091552734,15195.0,6286171.68548584,7579179.751007765
13-02-2004,410.29998779296875,412.70001220703125,416.0,408.0,146,85.55999755859375,15222.0,6245586.41418457,7530246.460314167
17-02-2004,416.0,414.0,415.3999938964844,413.3999938964844,146,85.0199966430664,15243.0,6341088.0,7645391.84952978
18-02-2004,412.29998779296875,414.79998779296875,415.29998779296875,412.0,146,85.87999725341797,15242.0,6284276.41394043,7576894.639426609
19-02-2004,409.79998779296875,411.0,411.29998779296875,409.0,63,85.94999694824219,15225.0,6239204.814147949,7522552.223472328
20-02-2004,397.5,409.0,409.0,395.0,109,87.23999786376953,15231.0,6054322.5,7299641.306968893
23-02-2004,399.0,399.0,400.20001220703125,399.0,162,87.04000091552734,15239.0,6080361.0,7331035.6884494815
24-02-2004,404.5,401.6000061035156,403.20001220703125,399.0,77,86.13999938964844,15248.0,6167816.0,7436479.382686279
25-02-2004,395.79998779296875,404.79998779296875,404.79998779296875,395.0,31,87.25,15269.0,6043470.01361084,7286556.5633118395
26-02-2004,395.79998779296875,395.1000061035156,395.1000061035156,395.1000061035156,40,87.68000030517578,15226.0,6026450.614135742,7266036.428907333
27-02-2004,396.3999938964844,395.1000061035156,395.0,395.0,2,87.30999755859375,15242.0,6041928.706970215,7284698.22398145
01-03-2004,399.29998779296875,396.3999938964844,396.3999938964844,396.3999938964844,2,87.5199966430664,15257.0,6092119.913757324,7345213.303300367
02-03-2004,393.5,397.5,398.79998779296875,393.5,104,88.83000183105469,15257.0,6003629.5,7238521.220159151
03-03-2004,392.3999938964844,391.1000061035156,391.29998779296875,391.1000061035156,4,89.02999877929688,15280.0,5995871.906738281,7229167.960861202
04-03-2004,392.8999938964844,394.79998779296875,394.79998779296875,393.0,86,89.13999938964844,15287.0,6006262.206695557,7241695.450561318
05-03-2004,401.29998779296875,401.0,401.0,401.0,1,88.18000030517578,15263.0,6125041.713684082,7384906.816595227
08-03-2004,400.6000061035156,399.5,399.5,399.0,11,88.0,15269.0,6116761.49319458,7374923.430425102
09-03-2004,404.20001220703125,401.70001220703125,402.3999938964844,401.20001220703125,5,88.29000091552734,15247.0,6162837.5861206055,7430476.954570298
10-03-2004,400.0,400.0,400.0,400.0,1,88.94999694824219,15247.0,6098800.0,7353267.422232939
11-03-2004,400.70001220703125,399.20001220703125,399.1000061035156,399.1000061035156,5,88.51000213623047,15233.0,6103863.285949707,7359372.179828438
12-03-2004,395.29998779296875,395.29998779296875,395.29998779296875,395.29998779296875,5,89.12000274658203,15265.0,6034254.313659668,7275445.278104253
15-03-2004,399.3999938964844,399.3999938964844,399.3999938964844,399.3999938964844,5,88.80999755859375,15261.0,6095243.306854248,7348979.149812211
16-03-2004,402.3999938964844,402.0,402.0,402.0,8,88.58999633789062,15228.0,6127747.107055664,7388168.684658384
17-03-2004,406.8999938964844,402.5,404.0,404.0,8,88.6500015258789,15216.0,6191390.307128906,7464902.709342785
18-03-2004,411.1000061035156,411.1000061035156,411.1000061035156,411.1000061035156,8,87.69999694824219,15224.0,6258586.492919922,7545920.5364358835
19-03-2004,412.5,412.0,412.0,412.0,16,88.16000366210938,15230.0,6282375.0,7574602.122015915
22-03-2004,417.3999938964844,417.3999938964844,417.3999938964844,417.3999938964844,2,87.80999755859375,15225.0,6354914.907073975,7662062.825022877
23-03-2004,419.79998779296875,417.3999938964844,417.3999938964844,417.3999938964844,2,87.8499984741211,15228.0,6392714.214111328,7707637.104064779
24-03-2004,417.20001220703125,417.20001220703125,417.20001220703125,417.20001220703125,2,88.93000030517578,15235.0,6356042.185974121,7663421.974890428
25-03-2004,416.70001220703125,416.0,417.0,416.0,8,88.9000015258789,15213.0,6339257.285705566,7643184.57403613
26-03-2004,422.1000061035156,422.0,422.0,422.0,8,88.88999938964844,15221.0,6424784.192901611,7746303.584400303
29-03-2004,417.1000061035156,422.1000061035156,422.1000061035156,422.1000061035156,64296,88.62999725341797,15237.0,6355352.792999268,7662590.780081104
30-03-2004,421.70001220703125,416.5,424.3999938964844,416.5,36663,88.43000030517578,15226.0,6420804.385864258,7741505.167427367
31-03-2004,427.29998779296875,421.0,428.0,420.6000061035156,4496,87.61000061035156,15201.0,6495387.114440918,7831428.881650492
01-04-2004,427.79998779296875,427.20001220703125,432.0,424.5,1561,87.20999908447266,15226.0,6513682.614135742,7853487.598427468
02-04-2004,421.6000061035156,426.6000061035156,429.0,417.5,1455,88.51000213623047,15226.0,6419281.692932129,7739669.270475198
05-04-2004,415.3999938964844,421.6000061035156,421.6000061035156,414.0,572,89.22000122070312,15210.0,6318233.907165527,7617836.878665936
06-04-2004,418.8999938964844,415.6000061035156,419.79998779296875,415.6000061035156,202,88.75,15210.0,6371468.907165527,7682021.831643992
07-04-2004,422.79998779296875,418.8999938964844,423.6000061035156,417.79998779296875,381,88.2699966430664,15193.0,6423600.214538574,7744876.072508529
08-04-2004,419.8999938964844,423.29998779296875,423.29998779296875,419.0,790,89.0199966430664,15213.0,6387938.607147217,7701879.198393075
12-04-2004,420.1000061035156,421.1000061035156,422.1000061035156,418.0,39,88.94999694824219,15213.0,6390981.392852783,7705547.8573098425
13-04-2004,407.0,417.79998779296875,417.79998779296875,406.0,496,89.83000183105469,15202.0,6187214.0,7459867.374005305
14-04-2004,399.79998779296875,407.29998779296875,407.8999938964844,399.0,161,90.23999786376953,15196.0,6075360.614501953,7325006.769353693
15-04-2004,397.70001220703125,401.0,401.0,396.5,333,90.05999755859375,15193.0,6042256.285461426,7285093.182374518
16-04-2004,401.0,399.6000061035156,402.20001220703125,398.5,177,89.94000244140625,15183.0,6088383.0,7340707.740535326
19-04-2004,400.6000061035156,404.6000061035156,404.6000061035156,400.20001220703125,76,89.80000305175781,15192.0,6085915.292724609,7337732.448426102
20-04-2004,397.70001220703125,400.29998779296875,400.29998779296875,396.79998779296875,49,90.48999786376953,15189.0,6040665.485412598,7283175.169294186
21-04-2004,390.79998779296875,393.3999938964844,395.0,390.0,63,91.12000274658203,15179.0,5931953.014709473,7152101.536905562
22-04-2004,393.29998779296875,390.5,393.5,390.5,50,90.81999969482422,15179.0,5969900.514709473,7197854.490848171
23-04-2004,395.1000061035156,393.0,396.79998779296875,393.0,41,91.08000183105469,15205.0,6007495.592803955,7243182.532920129
26-04-2004,396.0,396.5,396.70001220703125,396.29998779296875,45,90.62000274658203,15196.0,6017616.0,7255384.615384615
27-04-2004,398.6000061035156,397.70001220703125,399.0,395.79998779296875,61,90.41000366210938,15209.0,6062307.492828369,7309268.739846117
28-04-2004,385.3999938964844,395.5,396.0,384.1000061035156,19,91.16999816894531,15179.0,5849986.507354736,7053275.268091073
29-04-2004,386.6000061035156,380.0,386.0,380.0,6,90.56999969482422,15189.0,5872067.492706299,7079898.110328308
30-04-2004,387.0,389.0,389.0,389.0,2,90.4800033569336,15149.0,5862663.0,7068559.199421268
03-05-2004,387.0,387.0,387.0,387.0,4,90.76000213623047,15186.0,5876982.0,7085823.486857969
04-05-2004,391.3999938964844,392.0,392.0,392.0,2,89.80999755859375,15198.0,5948497.1072387695,7172048.598069411
05-05-2004,393.3999938964844,391.3999938964844,391.3999938964844,391.3999938964844,0,89.30999755859375,15207.0,5982433.707183838,7212965.646471953
06-05-2004,388.0,387.20001220703125,387.20001220703125,387.20001220703125,1,89.87999725341797,15239.0,5912732.0,7128926.935133832
07-05-2004,378.70001220703125,388.1000061035156,377.0,377.0,3,91.12999725341797,15207.0,5758891.085632324,6943442.350653875
10-05-2004,378.29998779296875,378.6000061035156,378.6000061035156,378.6000061035156,0,91.55999755859375,15196.0,5748646.614501953,6931090.685437609
11-05-2004,376.8999938964844,376.8999938964844,376.8999938964844,376.8999938964844,0,91.66000366210938,15197.0,5727749.207244873,6905894.87249201
12-05-2004,377.3999938964844,377.3999938964844,377.3999938964844,377.3999938964844,0,91.29000091552734,15203.0,5737612.107208252,6917786.480839465
13-05-2004,374.79998779296875,377.3999938964844,377.3999938964844,377.3999938964844,20,91.95999908447266,15202.0,5697709.414428711,6869676.168831337
14-05-2004,377.0,377.0,377.0,377.0,5,91.66000366210938,15200.0,5730400.0,6909090.909090909
17-05-2004,379.5,379.5,379.5,379.5,0,91.0,15231.0,5780164.5,6969091.51193634
18-05-2004,375.79998779296875,375.79998779296875,375.79998779296875,375.79998779296875,0,91.25,15227.0,5722306.414123535,6899332.5465680435
19-05-2004,382.8999938964844,382.8999938964844,382.8999938964844,382.8999938964844,0,90.52999877929688,15235.0,5833481.407012939,7033375.219451337
20-05-2004,378.3999938964844,382.79998779296875,382.79998779296875,382.79998779296875,0,91.02999877929688,15235.0,5764923.907012939,6950716.068257703
21-05-2004,384.79998779296875,384.79998779296875,384.79998779296875,384.79998779296875,0,90.48999786376953,15253.0,5869354.213806152,7076626.7347554285
24-05-2004,385.6000061035156,385.6000061035156,385.6000061035156,385.6000061035156,0,90.4800033569336,15227.0,5871531.292938232,7079251.619168353
25-05-2004,388.29998779296875,388.29998779296875,388.29998779296875,388.29998779296875,0,89.83999633789062,15224.0,5911479.014160156,7127416.22155794
26-05-2004,388.29998779296875,388.29998779296875,388.29998779296875,388.29998779296875,81917,89.72000122070312,15221.0,5910314.114196777,7126011.712318275
27-05-2004,394.8999938964844,388.20001220703125,395.8999938964844,388.1000061035156,53047,88.66999816894531,15231.0,6014721.8070373535,7251895.113379978
28-05-2004,394.0,395.29998779296875,396.29998779296875,392.6000061035156,9836,88.94999694824219,15232.0,6001408.0,7235842.777911743
01-06-2004,394.6000061035156,393.8999938964844,399.0,393.29998779296875,1864,88.87999725341797,15236.0,6012125.692993164,7248765.002403139
02-06-2004,390.70001220703125,394.5,397.5,390.0,937,88.83999633789062,15228.0,5949579.785888672,7173353.97382285
03-06-2004,388.1000061035156,390.70001220703125,393.0,387.3999938964844,601,88.94999694824219,15216.0,5905329.692871094,7120002.041079206
04-06-2004,390.8999938964844,388.3999938964844,391.5,385.5,234,88.54000091552734,15228.0,5952625.107055664,7177025.689722286
07-06-2004,393.79998779296875,392.6000061035156,394.0,392.0,130,88.25,15245.0,6003480.813903809,7238341.950691836
08-06-2004,391.0,393.79998779296875,395.0,390.29998779296875,611,88.51000213623047,15288.0,5977608.0,7207147.335423198
09-06-2004,384.5,391.6000061035156,391.6000061035156,383.0,543,89.7300033569336,15233.0,5857088.5,7061838.075717386
10-06-2004,385.8999938964844,385.29998779296875,385.5,384.5,71,89.25,15225.0,5875327.407073975,7083828.559288612
14-06-2004,383.6000061035156,383.6000061035156,385.29998779296875,383.0,209,89.94000244140625,15192.0,5827651.292724609,7026345.9039361095
15-06-2004,388.1000061035156,383.1000061035156,388.5,383.0,51,89.08999633789062,15194.0,5896791.492736816,7109707.611209086
16-06-2004,384.6000061035156,386.5,386.5,383.5,102,90.04000091552734,15195.0,5843997.09274292,7046053.885631685
17-06-2004,388.8999938964844,385.29998779296875,385.29998779296875,385.29998779296875,17,89.5999984741211,15194.0,5908946.507263184,7124362.8011371875
18-06-2004,395.1000061035156,392.0,396.3999938964844,393.0,108,89.08000183105469,15192.0,6002359.292724609,7236989.742855811
21-06-2004,394.0,394.6000061035156,394.6000061035156,393.20001220703125,133,89.29000091552734,15212.0,5993528.0,7226341.93392814
22-06-2004,395.0,394.0,396.5,394.0,56,89.43000030517578,15218.0,6011110.0,7247540.390643839
23-06-2004,395.0,395.5,397.20001220703125,394.5,50,89.41999816894531,15209.0,6007555.0,7243254.15963347
24-06-2004,403.1000061035156,394.6000061035156,403.70001220703125,394.6000061035156,148,88.75,15207.0,6129941.792816162,7390814.797222284
25-06-2004,402.8999938964844,402.29998779296875,403.6000061035156,401.29998779296875,189,88.87999725341797,15205.0,6126094.407196045,7386176.039541892
28-06-2004,401.0,403.0,405.0,401.29998779296875,2,88.72000122070312,15220.0,6103220.0,7358596.575837955
29-06-2004,392.5,400.20001220703125,400.20001220703125,398.0,5,89.41000366210938,15208.0,5969140.0,7196937.545213407
30-06-2004,392.6000061035156,395.3999938964844,395.3999938964844,394.29998779296875,146,88.80000305175781,15206.0,5969875.692810059,7197824.563310898
01-07-2004,396.0,396.0,396.0,396.0,146,88.79000091552734,15228.0,6030288.0,7270663.129973475
02-07-2004,398.29998779296875,396.0,397.20001220703125,397.20001220703125,20,87.97000122070312,15213.0,6059337.714294434,7305688.105008963
06-07-2004,392.6000061035156,398.29998779296875,393.0,393.0,20,88.12000274658203,15229.0,5978905.492950439,7208711.710815577
07-07-2004,402.29998779296875,397.79998779296875,397.79998779296875,397.79998779296875,6,87.6500015258789,15220.0,6123005.814208984,7382452.151204466
08-07-2004,407.79998779296875,407.79998779296875,407.79998779296875,407.79998779296875,6,87.54000091552734,15206.0,6201006.614379883,7476497.003110541
09-07-2004,407.5,407.70001220703125,407.8999938964844,407.8999938964844,15,87.41999816894531,15218.0,6201335.0,7476892.9346515555
12-07-2004,408.1000061035156,407.5,407.5,407.5,15,87.38999938964844,15211.0,6207609.192840576,7484457.671618732
13-07-2004,402.0,408.1000061035156,408.1000061035156,408.1000061035156,15,87.81999969482422,15215.0,6116430.0,7374523.752109959
14-07-2004,405.3999938964844,402.0,402.0,402.0,15,87.58000183105469,15217.0,6168971.707122803,7437872.808202077
15-07-2004,404.20001220703125,404.20001220703125,404.20001220703125,404.20001220703125,15,87.98999786376953,15254.0,6165666.986206055,7433888.33639505
16-07-2004,406.6000061035156,404.20001220703125,404.1000061035156,404.1000061035156,15,87.13999938964844,15217.0,6187232.292877197,7459889.42956016
19-07-2004,405.6000061035156,406.6000061035156,406.6000061035156,406.6000061035156,15,87.18000030517578,15227.0,6176071.292938232,7446432.713935655
20-07-2004,401.8999938964844,405.6000061035156,405.6000061035156,405.6000061035156,15,87.83000183105469,15244.0,6126563.506958008,7386741.628837723
21-07-2004,397.1000061035156,401.79998779296875,401.8999938964844,401.8999938964844,15,88.55999755859375,15221.0,6044259.192901611,7287508.069570305
22-07-2004,395.20001220703125,395.20001220703125,395.20001220703125,395.20001220703125,15,88.44999694824219,15214.0,6012572.985717773,7249304.299153332
23-07-2004,390.5,395.20001220703125,391.0,391.0,4,89.26000213623047,15212.0,5940286.0,7162148.541114058
26-07-2004,390.29998779296875,389.8999938964844,389.8999938964844,389.8999938964844,1,89.02999877929688,15230.0,5944268.814086914,7166950.583659168
27-07-2004,387.0,390.29998779296875,390.20001220703125,390.20001220703125,0,89.79000091552734,15221.0,5890527.0,7102154.569568362
28-07-2004,389.0,387.0,387.0,387.0,69175,89.75,15167.0,5899963.0,7113531.468531468
29-07-2004,387.0,389.0,391.0,385.0,42070,89.94999694824219,15217.0,5888979.0,7100288.160115746
30-07-2004,391.0,388.20001220703125,392.0,387.0,4977,89.95999908447266,15228.0,5954148.0,7178861.827827345
02-08-2004,391.70001220703125,394.0,394.5,391.0,1102,89.75,15230.0,5965591.185913086,7192658.772501912
03-08-2004,394.0,392.0,394.79998779296875,388.79998779296875,2692,89.56999969482422,15224.0,5998256.0,7232042.440318302
04-08-2004,392.20001220703125,393.6000061035156,393.6000061035156,390.5,149,89.68000030517578,15234.0,5974774.985961914,7203731.59628878
05-08-2004,392.29998779296875,393.0,393.5,391.0,108,89.63999938964844,15256.0,5984928.613769531,7215973.732541031
06-08-2004,399.79998779296875,392.5,401.5,391.0,132,88.36000061035156,15241.0,6093351.613952637,7346698.352969178
09-08-2004,400.70001220703125,399.1000061035156,400.70001220703125,398.5,318,88.38999938964844,15256.0,6113079.386230469,7370483.947709752
10-08-2004,400.0,399.29998779296875,401.29998779296875,398.5,92,88.79000091552734,15245.0,6098000.0,7352302.869544249
11-08-2004,395.5,399.5,399.5,393.29998779296875,185,88.8499984741211,15246.0,6029793.0,7270066.312997348
12-08-2004,394.29998779296875,395.70001220703125,396.0,393.5,69,88.69000244140625,15227.0,6004005.914123535,7238975.059227797
13-08-2004,398.8999938964844,394.29998779296875,399.5,393.5,64,87.9000015258789,15225.0,6073252.407073975,7322464.922924975
16-08-2004,402.8999938964844,399.0,403.0,399.0,288,87.95999908447266,15236.0,6138584.307006836,7401234.99759686
17-08-2004,404.3999938964844,402.5,404.0,400.29998779296875,208,88.05999755859375,15251.0,6167504.306915283,7436103.577182641
18-08-2004,404.29998779296875,403.0,404.5,402.70001220703125,61,88.08000183105469,15241.0,6161936.113952637,7429390.057816056
19-08-2004,407.1000061035156,404.29998779296875,407.8999938964844,404.29998779296875,128,87.79000091552734,15242.0,6205018.293029785,7481333.847395448
20-08-2004,413.20001220703125,407.0,412.79998779296875,407.0,254,88.12000274658203,15247.0,6300060.5861206055,7595925.471570539
23-08-2004,410.5,411.29998779296875,411.79998779296875,409.70001220703125,18,89.05999755859375,15256.0,6262588.0,7550745.116952013
24-08-2004,403.0,410.5,407.0,404.0,33,89.45999908447266,15252.0,6146556.0,7410846.394984325
25-08-2004,407.8999938964844,405.29998779296875,407.0,405.20001220703125,164,89.41999816894531,15238.0,6215580.106994629,7494068.1299669985
26-08-2004,407.3999938964844,409.0,409.0,406.20001220703125,28,89.30000305175781,15250.0,6212849.906921387,7490776.352690362
27-08-2004,403.29998779296875,407.3999938964844,408.0,403.0,19,89.7699966430664,15249.0,6149921.5138549805,7414904.164281384
30-08-2004,407.79998779296875,407.0,407.8999938964844,404.70001220703125,114,89.69000244140625,15238.0,6214056.213989258,7492230.786097489
31-08-2004,410.3999938964844,410.3999938964844,410.3999938964844,410.3999938964844,114,88.94000244140625,15226.0,6248750.307067871,7534061.137048313
01-09-2004,408.79998779296875,407.29998779296875,407.29998779296875,407.29998779296875,0,88.87000274658203,15253.0,6235426.213806152,7517996.399573369
02-09-2004,406.0,407.5,406.3999938964844,406.3999938964844,34,88.9800033569336,15250.0,6191500.0,7465034.9650349645
03-09-2004,400.5,400.5,400.5,400.5,34,89.62999725341797,15253.0,6108826.5,7365356.281649385
07-09-2004,397.3999938964844,398.0,398.0,398.0,60,89.2300033569336,15257.0,6063131.706878662,7310262.4871939495
08-09-2004,399.3999938964844,396.79998779296875,396.79998779296875,396.79998779296875,20,88.7699966430664,15241.0,6087255.306976318,7339348.091362814
09-09-2004,398.5,398.8999938964844,398.8999938964844,398.8999938964844,20,88.83000183105469,15247.0,6075929.5,7325692.669399566
10-09-2004,401.8999938964844,401.0,402.0,401.0,120,88.38999938964844,15233.0,6122142.6070251465,7381411.390191881
13-09-2004,404.1000061035156,404.1000061035156,404.1000061035156,404.1000061035156,120,88.55000305175781,15256.0,6164949.693115234,7433023.502670888
14-09-2004,405.70001220703125,405.1000061035156,405.1000061035156,405.1000061035156,43,88.45999908447266,15237.0,6181651.085998535,7453160.219433971
15-09-2004,405.0,407.0,404.0,404.0,24,89.1500015258789,15225.0,6166125.0,7434440.559440559
16-09-2004,404.70001220703125,404.70001220703125,404.70001220703125,404.70001220703125,24,88.79000091552734,15226.0,6161962.385864258,7429421.733619794
17-09-2004,405.79998779296875,405.79998779296875,405.79998779296875,405.79998779296875,24,88.91000366210938,15263.0,6193725.213684082,7467717.88483733
20-09-2004,405.29998779296875,403.6000061035156,403.6000061035156,403.6000061035156,44,88.98999786376953,15221.0,6169071.114196777,7437992.662402674
21-09-2004,408.29998779296875,408.29998779296875,408.29998779296875,408.29998779296875,44,88.12999725341797,15243.0,6223716.713928223,7503878.36258527
22-09-2004,407.20001220703125,407.20001220703125,407.20001220703125,407.20001220703125,44,88.51000213623047,15230.0,6201656.185913086,7477280.185571601
23-09-2004,410.8999938964844,410.8999938964844,410.8999938964844,410.8999938964844,44,88.44000244140625,15236.0,6260472.307006836,7548194.245245763
24-09-2004,408.1000061035156,408.1000061035156,408.1000061035156,408.1000061035156,44,88.4000015258789,15240.0,6219444.093017578,7498726.902601372
27-09-2004,409.1000061035156,409.1000061035156,409.1000061035156,409.1000061035156,44,88.29000091552734,15232.0,6231411.29296875,7513155.646212623
28-09-2004,412.5,410.79998779296875,410.79998779296875,410.79998779296875,9143,88.11000061035156,15242.0,6287325.0,7580570.291777188
29-09-2004,413.0,412.0,414.0,411.6000061035156,5052,88.0999984741211,15221.0,6286273.0,7579301.90499156
30-09-2004,418.70001220703125,412.8999938964844,418.79998779296875,412.70001220703125,1162,87.36000061035156,15223.0,6373870.285827637,7684917.15195037
01-10-2004,419.5,419.1000061035156,419.1000061035156,417.0,167,87.62999725341797,15238.0,6392341.0,7707187.123221606
04-10-2004,414.0,419.0,415.0,411.5,327,88.37999725341797,15262.0,6318468.0,7618119.122257053
05-10-2004,418.20001220703125,415.29998779296875,419.29998779296875,415.0,164,88.16999816894531,15242.0,6374204.58605957,7685320.2146847965
06-10-2004,418.3999938964844,417.5,419.0,417.0,186,88.4800033569336,15242.0,6377252.706970215,7688995.306209567
07-10-2004,418.0,418.0,419.0,417.5,93,88.33999633789062,15245.0,6372410.0,7683156.49867374
08-10-2004,423.1000061035156,418.70001220703125,425.0,418.0,75,87.44999694824219,15240.0,6448044.093017578,7774347.8333947165
11-10-2004,422.0,422.20001220703125,422.20001220703125,421.0,20,87.54000091552734,15248.0,6434656.0,7758205.931999035
12-10-2004,415.1000061035156,419.1000061035156,419.1000061035156,413.5,299,88.0199966430664,15243.0,6327369.393035889,7628851.450489376
13-10-2004,413.20001220703125,411.0,411.79998779296875,410.29998779296875,74,87.87999725341797,15235.0,6295102.185974121,7589947.17382942
14-10-2004,418.1000061035156,416.0,418.79998779296875,415.20001220703125,101,87.55000305175781,15241.0,6372262.193023682,7682978.289153221
15-10-2004,418.70001220703125,418.29998779296875,419.70001220703125,417.79998779296875,51,87.08999633789062,15250.0,6385175.186157227,7698547.366960727
18-10-2004,416.20001220703125,419.0,419.0,417.1000061035156,6,87.0199966430664,15252.0,6347882.586181641,7653584.019992332
19-10-2004,420.29998779296875,420.70001220703125,420.70001220703125,420.70001220703125,3,86.83999633789062,15242.0,6406212.41394043,7723911.760236833
20-10-2004,423.5,420.29998779296875,425.1000061035156,420.29998779296875,7,86.3499984741211,15251.0,6458798.5,7787314.323607427
21-10-2004,424.3999938964844,423.5,423.5,422.0,9,86.0199966430664,15254.0,6473797.506896973,7805398.489145132
22-10-2004,424.6000061035156,424.6000061035156,424.6000061035156,424.6000061035156,193,85.87000274658203,15264.0,6481094.4931640625,7814196.398799207
25-10-2004,429.0,429.0,430.0,428.5,128,84.97000122070312,15275.0,6552975.0,7900862.068965517
26-10-2004,426.79998779296875,429.1000061035156,429.1000061035156,425.3999938964844,55,85.20999908447266,15267.0,6515955.413635254,7856227.892012604
27-10-2004,424.79998779296875,429.5,429.70001220703125,423.5,50,85.44000244140625,15254.0,6479899.013793945,7812755.020248306
28-10-2004,425.1000061035156,425.1000061035156,425.1000061035156,425.1000061035156,319,85.27999877929688,15750.0,6695325.096130371,8072492.278912914
29-10-2004,428.5,428.5,428.5,428.5,319,84.91000366210938,15254.0,6536339.0,7880804.1958041955
01-11-2004,427.29998779296875,427.29998779296875,427.29998779296875,427.29998779296875,319,85.19999694824219,15752.0,6730829.407714844,8115299.502911555
02-11-2004,420.0,427.20001220703125,427.20001220703125,427.20001220703125,319,85.47000122070312,15740.0,6610800.0,7970581.142994936
03-11-2004,424.6000061035156,424.6000061035156,424.6000061035156,424.6000061035156,319,84.69999694824219,15739.0,6682779.496063232,8057366.163567919
04-11-2004,430.1000061035156,430.1000061035156,430.1000061035156,430.1000061035156,319,84.54000091552734,15740.0,6769774.096069336,8162254.757739735
05-11-2004,433.6000061035156,433.6000061035156,433.6000061035156,433.6000061035156,319,84.01000213623047,15742.0,6825731.296081543,8229721.842393951
08-11-2004,432.70001220703125,432.70001220703125,432.70001220703125,432.70001220703125,319,84.08999633789062,15734.0,6808101.99206543,8208466.351658342
09-11-2004,435.70001220703125,434.0,434.0,434.0,2,84.29000091552734,15742.0,6858789.592163086,8269579.92785518
10-11-2004,434.0,434.5,434.5,434.5,2,84.43000030517578,15740.0,6831160.0,8236267.181094767
11-11-2004,434.8999938964844,434.8999938964844,434.8999938964844,434.8999938964844,2,84.37000274658203,15740.0,6845325.903930664,8253346.881999836
12-11-2004,437.8999938964844,437.8999938964844,437.8999938964844,437.8999938964844,0,83.69000244140625,15752.0,6897800.703857422,8316615.268697157
15-11-2004,437.0,437.0,437.0,437.0,0,84.0,15269.0,6672553.0,8045036.170725825
16-11-2004,440.20001220703125,440.20001220703125,440.20001220703125,440.20001220703125,0,83.80000305175781,15750.0,6933150.192260742,8359235.8238012325
17-11-2004,444.79998779296875,444.79998779296875,444.79998779296875,444.79998779296875,0,83.29000091552734,15752.0,7006489.407714844,8447660.245617125
18-11-2004,442.6000061035156,442.6000061035156,442.6000061035156,442.6000061035156,1,83.69000244140625,15765.0,6977589.096221924,8412815.40417401
19-11-2004,446.79998779296875,446.79998779296875,446.79998779296875,446.79998779296875,0,83.30999755859375,15758.0,7040674.207641602,8488876.546469256
22-11-2004,448.79998779296875,446.8999938964844,446.8999938964844,446.8999938964844,0,83.19000244140625,15763.0,7074434.207580566,8529580.669858411
23-11-2004,447.79998779296875,447.79998779296875,447.79998779296875,447.79998779296875,0,82.97000122070312,15775.0,7064044.807434082,8517054.265051944
24-11-2004,449.29998779296875,449.29998779296875,449.29998779296875,449.29998779296875,110725,82.41000366210938,15774.0,7087258.007446289,8545042.208158053
29-11-2004,453.70001220703125,450.79998779296875,454.79998779296875,449.29998779296875,56709,81.93000030517578,15780.0,7159386.192626953,8632006.501841033
30-11-2004,451.29998779296875,453.79998779296875,454.1000061035156,448.29998779296875,14253,81.81999969482422,15768.0,7116098.207519531,8579814.57381183
01-12-2004,454.0,451.6000061035156,456.0,450.5,2682,81.55999755859375,15765.0,7157310.0,8629503.255365323
02-12-2004,450.3999938964844,454.0,456.5,447.0,1419,81.94999694824219,15780.0,7107311.903686523,8569221.007579604
03-12-2004,456.0,450.3999938964844,455.5,448.5,1231,80.9800033569336,15774.0,7192944.0,8672466.843501326
06-12-2004,454.20001220703125,454.3999938964844,456.1000061035156,451.5,674,81.27999877929688,15777.0,7165913.592590332,8639876.528322078
07-12-2004,452.0,453.0,455.5,451.5,550,81.23999786376953,15770.0,7128040.0,8594212.683867857
08-12-2004,437.20001220703125,449.0,450.0,434.0,2065,81.9000015258789,15770.0,6894644.192504883,8312809.491807189
09-12-2004,435.79998779296875,437.5,440.6000061035156,432.6000061035156,1347,82.02999877929688,15764.0,6869951.007568359,8283037.144403616
10-12-2004,433.8999938964844,436.5,437.1000061035156,432.6000061035156,209,82.55000305175781,15770.0,6842602.903747559,8250063.785564937
13-12-2004,438.8999938964844,437.0,439.5,436.0,628,82.0999984741211,15766.0,6919697.303771973,8343015.79909811
14-12-2004,435.8999938964844,438.8999938964844,438.8999938964844,435.3999938964844,199,82.31999969482422,15760.0,6869783.903808594,8282835.668927651
15-12-2004,440.79998779296875,435.70001220703125,442.0,435.70001220703125,356,81.62999725341797,15768.0,6950534.207519531,8380195.572123862
16-12-2004,436.8999938964844,440.79998779296875,442.6000061035156,437.0,232,82.5,15775.0,6892097.403717041,8309738.851841139
17-12-2004,441.6000061035156,436.79998779296875,440.0,436.79998779296875,94,82.16000366210938,15766.0,6962265.696228027,8394340.120844016
20-12-2004,442.3999938964844,442.5,444.0,442.0,461,81.66999816894531,15765.0,6974435.903778076,8409013.628861919
21-12-2004,441.79998779296875,443.0,443.20001220703125,441.1000061035156,57,81.94000244140625,15779.0,6971162.007385254,8405066.32190168
22-12-2004,440.29998779296875,442.1000061035156,442.70001220703125,439.0,70,81.93000030517578,15770.0,6943530.807495117,8371751.636719456
23-12-2004,441.8999938964844,441.29998779296875,442.6000061035156,441.0,98,81.33999633789062,15770.0,6968762.903747559,8402173.744571447
27-12-2004,445.20001220703125,444.0,445.8999938964844,443.0,348,80.72000122070312,15775.0,7023030.192565918,8467603.318743572
28-12-2004,444.29998779296875,445.5,445.5,443.0,2,80.72000122070312,15780.0,7011053.807373047,8453163.500570348
29-12-2004,436.0,440.5,440.5,440.5,3,80.97000122070312,15780.0,6880080.0,8295249.578008198
30-12-2004,437.5,437.70001220703125,439.0,438.8999938964844,3,80.52999877929688,15778.0,6902875.0,8322733.301181577
03-01-2005,428.70001220703125,431.0,431.0,431.0,4,81.30000305175781,15771.0,6761027.89251709,8151709.540049542
04-01-2005,428.5,428.5,428.5,428.5,108,82.56999969482422,15773.0,6758730.5,8148939.59488787
05-01-2005,426.6000061035156,425.70001220703125,425.70001220703125,425.70001220703125,2,82.54000091552734,15775.0,6729615.096282959,8113835.41871589
06-01-2005,421.0,421.0,421.0,421.0,1,83.1500015258789,15785.0,6645485.0,8012400.530503979
07-01-2005,418.8999938964844,423.70001220703125,423.70001220703125,418.70001220703125,1,83.61000061035156,15785.0,6612336.403656006,7972433.570841579
10-01-2005,419.1000061035156,419.1000061035156,419.1000061035156,419.1000061035156,1,83.29000091552734,15773.0,6610464.396270752,7970176.50864571
11-01-2005,421.8999938964844,421.8999938964844,421.8999938964844,421.8999938964844,1,83.0199966430664,15770.0,6653362.903747559,8021898.847055171
12-01-2005,426.1000061035156,423.79998779296875,423.79998779296875,423.79998779296875,1,82.13999938964844,15766.0,6717892.696228027,8099701.828102276
13-01-2005,424.5,424.70001220703125,424.70001220703125,424.70001220703125,1,82.51000213623047,15771.0,6694789.5,8071846.515553412
14-01-2005,422.70001220703125,422.0,423.20001220703125,422.0,20,83.05999755859375,15745.0,6655411.692199707,8024369.052567768
18-01-2005,423.20001220703125,423.20001220703125,423.20001220703125,423.20001220703125,20,83.36000061035156,15780.0,6678096.192626953,8051719.547416148
19-01-2005,423.0,426.5,426.5,426.5,20,83.5999984741211,15781.0,6675363.0,8048424.162044851
20-01-2005,422.3999938964844,421.79998779296875,421.79998779296875,421.79998779296875,20,83.83999633789062,15780.0,6665471.903686523,8036498.557615775
21-01-2005,426.70001220703125,425.8999938964844,425.8999938964844,425.8999938964844,20,83.26000213623047,15784.0,6735032.992675781,8120367.72688182
24-01-2005,426.8999938964844,426.8999938964844,426.8999938964844,426.8999938964844,20,83.23999786376953,15785.0,6738616.403656006,8124688.212751393
25-01-2005,422.0,422.0,422.0,422.0,20,83.98999786376953,15785.0,6661270.0,8031432.360742705
26-01-2005,426.8999938964844,426.8999938964844,426.8999938964844,426.8999938964844,20,83.30000305175781,15781.0,6736908.80368042,8122629.375066819
27-01-2005,426.29998779296875,426.29998779296875,426.29998779296875,426.29998779296875,66923,83.43000030517578,15791.0,6731703.1072387695,8116352.914442693
28-01-2005,425.79998779296875,426.1000061035156,427.5,424.0,41282,83.4800033569336,15785.0,6721252.807312012,8103753.083327721
31-01-2005,421.79998779296875,426.0,426.5,419.29998779296875,6857,83.5999984741211,15781.0,6656425.60736084,8025591.520811236
01-02-2005,420.79998779296875,422.20001220703125,422.29998779296875,419.20001220703125,1461,83.44999694824219,15800.0,6648639.807128906,8016204.252627087
02-02-2005,421.1000061035156,420.8999938964844,422.29998779296875,419.79998779296875,426,83.5199966430664,15795.0,6651274.596405029,8019380.993977609
03-02-2005,416.6000061035156,421.29998779296875,421.29998779296875,414.70001220703125,574,83.97000122070312,15790.0,6578114.096374512,7931172.047714626
04-02-2005,414.0,416.3999938964844,417.79998779296875,413.70001220703125,320,84.38999938964844,15798.0,6540372.0,7885666.747046057
07-02-2005,413.6000061035156,414.1000061035156,416.0,412.5,534,85.04000091552734,15786.0,6529089.696350098,7872063.776645886
08-02-2005,412.6000061035156,413.6000061035156,413.6000061035156,410.1000061035156,1432,85.0999984741211,15790.0,6514954.096374512,7855020.612942503
09-02-2005,412.8999938964844,412.20001220703125,413.79998779296875,410.29998779296875,1300,85.0199966430664,15796.0,6522168.303588867,7863718.716649225
10-02-2005,417.20001220703125,412.0,418.5,412.5,397,84.54000091552734,15795.0,6589674.192810059,7945109.950337664
11-02-2005,420.5,416.79998779296875,422.0,417.6000061035156,801,84.56999969482422,15800.0,6643900.0,8010489.51048951
14-02-2005,425.79998779296875,420.0,425.6000061035156,422.29998779296875,55,83.95999908447266,15144.0,6448315.015136719,7774674.48171777
15-02-2005,425.8999938964844,425.8999938964844,426.20001220703125,424.0,113,83.58999633789062,15784.0,6722405.503662109,8105142.878782384
16-02-2005,425.5,426.0,425.0,422.79998779296875,146,83.66999816894531,15795.0,6720772.5,8103173.981191223
17-02-2005,427.29998779296875,425.5,428.0,425.29998779296875,712,83.47000122070312,15780.0,6742793.807373047,8129724.870235166
18-02-2005,427.1000061035156,426.70001220703125,427.1000061035156,426.70001220703125,14,83.48999786376953,15788.0,6743054.896362305,8130039.662843386
22-02-2005,434.5,426.5,435.0,426.5,53,82.41000366210938,15790.0,6860755.0,8271949.602122015
23-02-2005,434.8999938964844,434.0,435.5,433.20001220703125,107,82.68000030517578,15788.0,6866201.103637695,8278515.919505299
24-02-2005,434.5,436.0,436.0,432.5,6,82.87999725341797,15799.0,6864665.5,8276664.456233421
25-02-2005,434.8999938964844,434.5,436.0,436.0,1,82.66000366210938,15790.0,6867070.903625488,8279564.62940136
28-02-2005,436.5,435.5,435.5,435.5,16,82.51000213623047,15796.0,6894954.0,8313183.023872679
01-03-2005,432.8999938964844,435.0,433.0,433.0,1,82.7699966430664,15804.0,6841551.503540039,8248796.121943621
02-03-2005,432.79998779296875,433.3999938964844,433.3999938964844,433.3999938964844,1,83.08000183105469,15798.0,6837374.20715332,8243759.5938670365
03-03-2005,429.8999938964844,429.8999938964844,429.8999938964844,429.8999938964844,1,83.27999877929688,15808.0,6795859.103515625,8193705.2128232755
04-03-2005,434.20001220703125,434.20001220703125,434.20001220703125,434.20001220703125,0,82.54000091552734,15202.0,6600708.585571289,7958414.016845055
07-03-2005,435.0,435.0,435.0,435.0,0,82.79000091552734,15159.0,6594165.0,7950524.475524475
08-03-2005,440.29998779296875,440.29998779296875,440.29998779296875,440.29998779296875,0,81.9800033569336,15168.0,6678470.21484375,8052170.5025847
09-03-2005,442.1000061035156,442.1000061035156,442.1000061035156,442.1000061035156,0,81.62999725341797,15193.0,6716825.392730713,8098414.990029796
10-03-2005,442.79998779296875,442.79998779296875,442.79998779296875,442.79998779296875,1,81.56999969482422,15167.0,6715947.414855957,8097356.4201301625
11-03-2005,446.20001220703125,446.3999938964844,446.3999938964844,446.3999938964844,0,81.41999816894531,15166.0,6767069.385131836,8158993.712481114
14-03-2005,441.1000061035156,441.1000061035156,441.1000061035156,441.1000061035156,0,81.97000122070312,15153.0,6683988.392486572,8058823.71893727
15-03-2005,440.8999938964844,440.8999938964844,440.8999938964844,440.8999938964844,0,82.12000274658203,15172.0,6689334.707397461,8065269.721964626
16-03-2005,443.70001220703125,443.70001220703125,443.70001220703125,443.70001220703125,0,81.62000274658203,15163.0,6727823.285095215,8111675.048342434
17-03-2005,438.70001220703125,438.70001220703125,438.70001220703125,438.70001220703125,0,81.83999633789062,15173.0,6656395.285217285,8025554.961679871
18-03-2005,439.29998779296875,439.29998779296875,439.29998779296875,439.29998779296875,0,82.12999725341797,15815.0,6947529.306945801,8376572.590964313
21-03-2005,431.1000061035156,431.1000061035156,431.1000061035156,431.1000061035156,100,82.87999725341797,15808.0,6814828.896484375,8216576.918838166
22-03-2005,431.29998779296875,431.29998779296875,431.29998779296875,431.29998779296875,16,83.36000061035156,15815.0,6821009.306945801,8224028.583247891
23-03-2005,425.20001220703125,425.20001220703125,425.20001220703125,425.20001220703125,0,84.0,15820.0,6726664.193115234,8110277.541735272
24-03-2005,424.70001220703125,424.70001220703125,424.70001220703125,424.70001220703125,0,84.12999725341797,15818.0,6717904.79309082,8099716.41317919
28-03-2005,425.8999938964844,425.8999938964844,425.8999938964844,425.8999938964844,0,84.62000274658203,15825.0,6739867.403411865,8126196.531723975
29-03-2005,426.0,426.0,426.0,426.0,0,84.31999969482422,15825.0,6741450.0,8128104.653966723
31-03-2005,428.70001220703125,428.70001220703125,428.70001220703125,428.70001220703125,3051,84.05999755859375,15825.0,6784177.6931762695,8179621.0431351205
01-04-2005,425.8999938964844,428.29998779296875,428.5,424.5,552,84.43000030517578,15815.0,6735608.4034729,8121061.494421148
04-04-2005,423.8999938964844,426.0,426.29998779296875,422.70001220703125,486,84.77999877929688,15818.0,6705250.10345459,8084458.7695377255
05-04-2005,424.5,423.79998779296875,425.5,423.6000061035156,313,84.66000366210938,15825.0,6717712.5,8099484.567156981
06-04-2005,427.1000061035156,424.8999938964844,427.70001220703125,424.1000061035156,62,84.68000030517578,15826.0,6759284.696594238,8149607.784656665
07-04-2005,426.5,426.5,428.5,426.5,181,84.87000274658203,15830.0,6751495.0,8140215.818664094
08-04-2005,426.8999938964844,425.20001220703125,427.29998779296875,424.79998779296875,49,84.47000122070312,15825.0,6755692.403411865,8145276.589597137
11-04-2005,428.6000061035156,426.0,429.79998779296875,426.0,26,84.16000366210938,15825.0,6782595.096588135,8177712.920892374
12-04-2005,427.6000061035156,428.1000061035156,430.20001220703125,426.5,148,84.41999816894531,15825.0,6766770.096588135,8158632.863019212
13-04-2005,429.29998779296875,428.0,430.0,427.5,27,84.41999816894531,15815.0,6789379.306945801,8185892.581318785
14-04-2005,424.0,429.5,429.5,423.5,116,85.0,15830.0,6711920.0,8092500.60284543
15-04-2005,424.8999938964844,423.20001220703125,425.6000061035156,423.20001220703125,73,84.55999755859375,15820.0,6721917.903442383,8104554.983653705
18-04-2005,427.5,423.6000061035156,427.5,423.6000061035156,29,84.0,15820.0,6763050.0,8154147.576561369
19-04-2005,432.8999938964844,426.79998779296875,433.0,426.79998779296875,128,83.76000213623047,15825.0,6850642.403411865,8259756.936836105
20-04-2005,435.29998779296875,433.6000061035156,435.79998779296875,432.3999938964844,42,83.5199966430664,15835.0,6892975.30670166,8310797.3314464195
21-04-2005,433.0,434.1000061035156,435.0,432.29998779296875,52,83.69999694824219,15830.0,6854390.0,8264275.379792621
22-04-2005,434.29998779296875,433.5,435.79998779296875,433.5,88,83.5,15825.0,6872797.3068237305,8286468.901403099
25-04-2005,434.6000061035156,432.70001220703125,434.3999938964844,432.70001220703125,19,83.81999969482422,15822.0,6876241.296569824,8290621.288364871
26-04-2005,437.8999938964844,438.0,438.20001220703125,435.8999938964844,169,83.95999908447266,15820.0,6927577.903442383,8352517.366098845
27-04-2005,433.0,436.3999938964844,437.0,433.6000061035156,19,84.12000274658203,15820.0,6850060.0,8259054.738365083
29-04-2005,435.0,435.0,435.0,435.0,0,84.43000030517578,15825.0,6883875.0,8299825.174825175
02-05-2005,429.5,429.5,429.5,429.5,0,84.48999786376953,15825.0,6796837.5,8194884.856522787
03-05-2005,426.70001220703125,426.70001220703125,426.70001220703125,426.70001220703125,0,84.51000213623047,15820.0,6750394.193115234,8138888.585863557
04-05-2005,429.0,429.0,429.0,429.0,17,84.0,15840.0,6795360.0,8193103.448275862
05-05-2005,429.79998779296875,429.79998779296875,429.79998779296875,429.79998779296875,0,83.94000244140625,15840.0,6808031.806640625,8208381.72973309
06-05-2005,426.1000061035156,429.79998779296875,429.79998779296875,429.79998779296875,0,84.61000061035156,15845.0,6751554.596710205,8140287.673872926
09-05-2005,426.20001220703125,426.20001220703125,426.20001220703125,426.20001220703125,0,84.63999938964844,15835.0,6748877.19329834,8137059.553048396
10-05-2005,427.20001220703125,426.20001220703125,426.20001220703125,426.20001220703125,0,84.44999694824219,15835.0,6764712.19329834,8156151.6678301655
11-05-2005,427.20001220703125,427.20001220703125,427.20001220703125,427.20001220703125,0,84.94000244140625,15835.0,6764712.19329834,8156151.6678301655
12-05-2005,421.6000061035156,421.6000061035156,421.6000061035156,421.6000061035156,0,85.48999786376953,15285.0,6444156.093292236,7769660.107658833
13-05-2005,420.20001220703125,420.20001220703125,420.20001220703125,420.20001220703125,0,86.0999984741211,15835.0,6653867.19329834,8022506.864357776
16-05-2005,418.8999938964844,418.8999938964844,418.8999938964844,418.8999938964844,0,86.12000274658203,15830.0,6631186.903381348,7995161.446083129
17-05-2005,419.3999938964844,419.3999938964844,419.3999938964844,419.3999938964844,0,86.20999908447266,15845.0,6645392.903289795,8012289.490342169
18-05-2005,421.5,421.5,421.5,421.5,0,85.81999969482422,15840.0,6676560.0,8049867.374005305
19-05-2005,420.5,421.20001220703125,421.20001220703125,421.20001220703125,0,86.08999633789062,15830.0,6656515.0,8025699.3006993
20-05-2005,417.3999938964844,420.20001220703125,416.5,416.5,4,86.62999725341797,15835.0,6609528.90335083,7969048.593381758
23-05-2005,416.6000061035156,416.6000061035156,416.6000061035156,416.6000061035156,4,86.4000015258789,15840.0,6598944.0966796875,7956286.5887143565
24-05-2005,417.5,417.5,417.5,417.5,4,86.37000274658203,15835.0,6611112.5,7970957.921388956
25-05-2005,418.79998779296875,418.79998779296875,418.79998779296875,418.79998779296875,4,86.3499984741211,15190.0,6361571.814575195,7670088.997558711
26-05-2005,418.0,418.79998779296875,418.1000061035156,418.1000061035156,72619,86.8499984741211,15840.0,6621120.0,7983023.8726790445
27-05-2005,419.79998779296875,417.79998779296875,420.0,417.3999938964844,51363,86.41999816894531,15840.0,6649631.806640625,8017400.297372348
31-05-2005,416.29998779296875,418.0,420.20001220703125,413.20001220703125,7494,87.76000213623047,15855.0,6600436.3064575195,7958085.732405979
01-06-2005,415.29998779296875,416.3999938964844,417.29998779296875,414.0,2816,88.11000061035156,15840.0,6578351.806640625,7931458.652810013
02-06-2005,422.70001220703125,415.79998779296875,423.5,415.79998779296875,1984,87.75,15850.0,6699795.193481445,8077881.834436273
03-06-2005,423.70001220703125,422.20001220703125,425.5,421.70001220703125,416,88.04000091552734,15855.0,6717763.6935424805,8099546.290743285
06-06-2005,426.5,423.6000061035156,427.79998779296875,422.6000061035156,558,87.5999984741211,15855.0,6762157.5,8153071.497468049
07-06-2005,424.79998779296875,426.70001220703125,426.70001220703125,424.0,232,87.48999786376953,15860.0,6737327.806396484,8123134.562812255
08-06-2005,424.70001220703125,425.6000061035156,425.8999938964844,424.5,171,87.87999725341797,15855.0,6733618.6935424805,8118662.519342272
09-06-2005,424.20001220703125,423.70001220703125,424.0,422.0,101,88.06999969482422,15190.0,6443598.185424805,7768987.443241867
10-06-2005,427.3999938964844,423.79998779296875,428.5,422.0,65,88.69000244140625,15866.0,6781128.303161621,8175944.421463252
13-06-2005,429.29998779296875,428.29998779296875,431.5,428.29998779296875,66,88.94999694824219,15868.0,6812132.206298828,8213325.544126872
14-06-2005,427.5,428.20001220703125,428.20001220703125,426.5,73,89.26000213623047,15855.0,6778012.5,8172187.726067036
15-06-2005,429.1000061035156,427.5,428.29998779296875,427.5,20,88.6500015258789,15862.0,6806384.296813965,8206395.342191903
16-06-2005,436.20001220703125,429.5,436.79998779296875,429.5,157,88.72000122070312,15875.0,6924675.193786621,8349017.595595154
17-06-2005,438.29998779296875,436.1000061035156,439.29998779296875,436.1000061035156,29,87.7300033569336,15876.0,6958450.606201172,8389740.301665265
20-06-2005,438.3999938964844,440.0,440.3999938964844,438.0,18,88.48999786376953,15866.0,6955654.303161621,8386368.8246462755
21-06-2005,438.8999938964844,438.3999938964844,439.0,439.0,5,88.18000030517578,15870.0,6965342.903137207,8398050.2810914
22-06-2005,438.1000061035156,438.79998779296875,438.5,437.5,169,88.55999755859375,15860.0,6948266.096801758,8377460.931760017
23-06-2005,441.70001220703125,438.29998779296875,442.5,438.29998779296875,29,89.12000274658203,15865.0,7007570.693664551,8448963.942204667
24-06-2005,440.5,441.5,441.5,438.5,31,88.77999877929688,15850.0,6981925.0,8418043.16373282
27-06-2005,440.29998779296875,440.70001220703125,440.70001220703125,439.5,10,88.44999694824219,15850.0,6978754.806518555,8414220.890425071
28-06-2005,436.3999938964844,436.0,437.5,436.0,0,88.98999786376953,15198.0,6632407.1072387695,7996632.634722413
30-06-2005,435.8999938964844,435.8999938964844,435.8999938964844,435.8999938964844,0,89.11000061035156,15855.0,6911194.40322876,8332763.929622329
01-07-2005,427.79998779296875,427.79998779296875,427.79998779296875,427.79998779296875,0,90.12999725341797,15845.0,6778490.80657959,8172764.415938739
05-07-2005,422.8999938964844,422.8999938964844,422.8999938964844,422.8999938964844,0,90.44000244140625,15846.0,6701273.303283691,8079663.977916194
06-07-2005,423.5,423.5,423.79998779296875,423.5,16,90.37999725341797,15850.0,6712475.0,8093169.761273209
07-07-2005,423.29998779296875,423.5,423.5,423.5,125,90.27999877929688,15855.0,6711421.3064575195,8091899.33259889
08-07-2005,422.8999938964844,422.8999938964844,422.8999938964844,422.8999938964844,0,90.25,15860.0,6707193.903198242,8086802.391123995
11-07-2005,425.5,425.5,425.5,425.5,0,89.45999908447266,15855.0,6746302.5,8133955.268869062
12-07-2005,426.29998779296875,426.29998779296875,426.29998779296875,426.29998779296875,0,88.41000366210938,15865.0,6763249.306335449,8154387.878388532
13-07-2005,423.8999938964844,423.8999938964844,423.8999938964844,423.8999938964844,70,89.30999755859375,15295.0,6483550.4066467285,7817157.471240329
14-07-2005,419.6000061035156,419.6000061035156,419.6000061035156,419.6000061035156,70,89.4000015258789,15875.0,6661150.096893311,8031287.794662781
15-07-2005,420.70001220703125,420.70001220703125,420.70001220703125,420.70001220703125,0,89.72000122070312,15855.0,6670198.6935424805,8042197.604946323
18-07-2005,420.5,420.3999938964844,420.3999938964844,420.3999938964844,0,89.63999938964844,15872.0,6674176.0,8046993.006993007
19-07-2005,419.70001220703125,420.0,420.0,420.0,0,89.8499984741211,15870.0,6660639.193725586,8030671.803382669
20-07-2005,421.70001220703125,419.70001220703125,419.70001220703125,419.70001220703125,0,89.33999633789062,15865.0,6690270.693664551,8066398.23205275
21-07-2005,425.3999938964844,425.3999938964844,425.3999938964844,425.3999938964844,0,88.93000030517578,15870.0,6751097.903137207,8139737.0426057475
22-07-2005,424.70001220703125,425.3999938964844,425.3999938964844,425.3999938964844,0,89.63999938964844,15870.0,6739989.193725586,8126343.37319217
25-07-2005,425.70001220703125,425.70001220703125,425.70001220703125,425.70001220703125,2,89.5999984741211,15159.0,6453186.485046387,7780547.968466828
26-07-2005,423.3999938964844,423.3999938964844,423.3999938964844,423.3999938964844,2,90.0,15870.0,6719357.903137207,8101468.414681947
27-07-2005,424.70001220703125,424.70001220703125,424.70001220703125,424.70001220703125,2,89.7300033569336,15870.0,6739989.193725586,8126343.37319217
28-07-2005,427.29998779296875,424.70001220703125,424.70001220703125,424.70001220703125,40680,89.33999633789062,15157.0,6476585.914978027,7808760.447284817
29-07-2005,429.8999938964844,427.70001220703125,430.5,427.0,3607,89.3499984741211,15171.0,6522012.807403564,7863531.236319706
01-08-2005,431.8999938964844,430.0,432.29998779296875,429.1000061035156,776,88.80000305175781,15870.0,6854252.903137207,8264110.083358099
02-08-2005,431.8999938964844,431.70001220703125,433.0,430.70001220703125,206,88.76000213623047,15870.0,6854252.903137207,8264110.083358099
03-08-2005,436.8999938964844,431.5,437.5,430.70001220703125,270,87.98999786376953,15872.0,6934476.703125,8360835.185827103
04-08-2005,437.8999938964844,436.5,439.0,436.1000061035156,91,87.80000305175781,15880.0,6953851.903076172,8384195.68733563
05-08-2005,437.20001220703125,437.70001220703125,438.5,437.0,91,88.05999755859375,15879.0,6942298.993835449,8370266.450247708
08-08-2005,434.70001220703125,437.0,437.0,434.0,51,87.91999816894531,15868.0,6897819.793701172,8316638.285147301
09-08-2005,434.20001220703125,432.5,434.3999938964844,432.5,52,87.88999938964844,15862.0,6887280.59362793,8303931.267938184
10-08-2005,436.5,434.8999938964844,437.0,434.8999938964844,187,87.61000061035156,15872.0,6928128.0,8353180.612490957
11-08-2005,445.5,437.20001220703125,446.5,437.20001220703125,306,87.0999984741211,15870.0,7070085.0,8524336.870026525
12-08-2005,445.8999938964844,445.79998779296875,449.5,444.5,169,86.9800033569336,15865.0,7074203.403167725,8529302.3910872
15-08-2005,442.20001220703125,441.3999938964844,442.5,441.3999938964844,61,87.31999969482422,15868.0,7016829.793701172,8460127.554498639
16-08-2005,446.1000061035156,441.70001220703125,442.5,441.70001220703125,234,87.43000030517578,15861.0,7075592.196807861,8530976.84688674
17-08-2005,439.8999938964844,442.5,443.29998779296875,439.5,276,88.0,15861.0,6977253.803192139,8412411.144432286
18-08-2005,439.5,440.3999938964844,440.3999938964844,438.5,46,88.58999633789062,15860.0,6970470.0,8404231.97492163
19-08-2005,437.20001220703125,439.1000061035156,439.6000061035156,438.0,73,88.58000183105469,15857.0,6932680.5935668945,8358669.632947787
22-08-2005,438.1000061035156,437.0,439.0,437.0,12,88.13999938964844,15862.0,6949142.296813965,8378517.358107023
23-08-2005,439.3999938964844,438.79998779296875,438.79998779296875,438.5,2,88.08000183105469,15869.0,6972838.503143311,8407087.657515446
24-08-2005,437.29998779296875,439.70001220703125,439.70001220703125,437.0,29,87.91000366210938,15874.0,6941700.006225586,8369544.2563607255
25-08-2005,438.3999938964844,438.5,438.5,438.0,54,87.63999938964844,15871.0,6957846.3031311035,8389011.698976493
26-08-2005,437.3999938964844,438.3999938964844,439.0,438.3999938964844,52,87.86000061035156,15881.0,6946349.303070068,8375149.8710755585
29-08-2005,437.0,438.5,439.5,437.29998779296875,37,88.25,15885.0,6941745.0,8369598.504943333
30-08-2005,431.20001220703125,438.5,439.5,437.29998779296875,0,88.3499984741211,15872.0,6844006.59375,8251756.201772366
31-08-2005,433.79998779296875,431.20001220703125,431.20001220703125,431.20001220703125,10,87.58000183105469,15867.0,6883104.406311035,8298896.077056951
01-09-2005,442.29998779296875,438.5,442.5,438.5,4,86.55000305175781,15867.0,7017973.906311035,8461507.00061615
02-09-2005,444.20001220703125,444.20001220703125,444.20001220703125,444.20001220703125,4,86.30000305175781,15874.0,7051230.993774414,8501604.767029677
06-09-2005,444.3999938964844,444.3999938964844,444.3999938964844,444.3999938964844,4,86.56999969482422,15871.0,7053072.3031311035,8503824.81689306
07-09-2005,444.8999938964844,444.70001220703125,444.70001220703125,444.70001220703125,1006,86.97000122070312,15874.0,7062342.503112793,8515001.812289357
08-09-2005,446.70001220703125,446.70001220703125,446.70001220703125,446.70001220703125,6,87.04000091552734,15880.0,7093596.193847656,8552684.101576628
09-09-2005,449.0,449.0,449.0,449.0,6,86.88999938964844,15875.0,7127875.0,8594013.744875813
12-09-2005,449.70001220703125,449.70001220703125,449.70001220703125,449.70001220703125,6,87.70999908447266,15885.0,7143484.693908691,8612834.210162396
13-09-2005,446.1000061035156,446.1000061035156,446.1000061035156,446.1000061035156,6,87.75,15872.0,7080499.296875,8536893.29259103
14-09-2005,449.79998779296875,449.79998779296875,449.79998779296875,449.79998779296875,6,87.66999816894531,15885.0,7145072.806091309,8614748.982507003
15-09-2005,455.5,455.5,455.5,455.5,6,88.12999725341797,15880.0,7233340.0,8721171.93151676
16-09-2005,459.5,459.5,459.5,459.5,6,88.05000305175781,15880.0,7296860.0,8797757.414998794
19-09-2005,466.70001220703125,466.70001220703125,466.70001220703125,466.70001220703125,6,88.44000244140625,15864.0,7403728.993652344,8926608.38395508
20-09-2005,466.20001220703125,466.20001220703125,466.20001220703125,466.20001220703125,2,88.5999984741211,15874.0,7400458.993774414,8922665.774987236
21-09-2005,468.8999938964844,468.8999938964844,468.8999938964844,468.8999938964844,2,88.13999938964844,15881.0,7446600.803070068,8978298.532758703
22-09-2005,466.6000061035156,467.5,467.5,467.5,2,88.55999755859375,15865.0,7402609.096832275,8925258.134594014
23-09-2005,463.5,467.20001220703125,466.79998779296875,466.79998779296875,2,89.20999908447266,15870.0,7355745.0,8868754.521340728
26-09-2005,465.8999938964844,463.8999938964844,463.8999938964844,463.8999938964844,2,89.11000061035156,15880.0,7398491.903076172,8920294.071709877
27-09-2005,462.6000061035156,462.6000061035156,462.6000061035156,462.6000061035156,2,89.5999984741211,15885.0,7348401.096954346,8859900.044555517
28-09-2005,469.70001220703125,469.70001220703125,469.70001220703125,469.70001220703125,2,89.47000122070312,15885.0,7461184.693908691,8995882.196658658
29-09-2005,472.20001220703125,469.70001220703125,469.70001220703125,469.70001220703125,7799,89.4000015258789,15890.0,7503258.193969727,9046609.83116678
30-09-2005,469.0,472.70001220703125,474.0,468.5,2926,89.5199966430664,15895.0,7454755.0,8988129.9734748
03-10-2005,466.1000061035156,467.79998779296875,468.0,464.20001220703125,493,90.12999725341797,15895.0,7408659.597015381,8932553.167368436
04-10-2005,466.1000061035156,466.79998779296875,468.79998779296875,465.29998779296875,210,90.0999984741211,15895.0,7408659.597015381,8932553.167368436
05-10-2005,466.1000061035156,465.0,465.0,463.5,226,89.9800033569336,15886.0,7404464.696960449,8927495.41470997
06-10-2005,471.8999938964844,465.6000061035156,471.6000061035156,465.6000061035156,243,88.66000366210938,15896.0,7501322.302978516,9044275.745091049
07-10-2005,474.70001220703125,473.0,475.5,470.0,96,89.16999816894531,15896.0,7545831.394042969,9097939.949412791
10-10-2005,475.1000061035156,474.79998779296875,477.29998779296875,473.6000061035156,248,89.45999908447266,15891.0,7549814.196990967,9102741.97852781
11-10-2005,477.1000061035156,475.20001220703125,477.5,475.20001220703125,99,89.97000122070312,15895.0,7583504.597015381,9143362.185936075
12-10-2005,473.8999938964844,478.5,478.5,473.29998779296875,49,89.62999725341797,15888.0,7529323.103027344,9078036.05380678
13-10-2005,471.1000061035156,472.0,472.0,468.29998779296875,48,89.80999755859375,15898.0,7489547.897033691,9030079.45145128
14-10-2005,469.20001220703125,469.29998779296875,469.29998779296875,467.0,113,89.3499984741211,15901.0,7460749.394104004,8995357.359662412
17-10-2005,474.1000061035156,473.0,475.0,473.0,18,89.80000305175781,15910.0,7542931.097106934,9094443.087903224
18-10-2005,472.1000061035156,472.0,472.5,472.0,13,90.29000091552734,15910.0,7511111.097106934,9056078.004710553
19-10-2005,463.5,471.0,471.0,465.0,46,89.98999786376953,15908.0,7373358.0,8889990.354473112
20-10-2005,461.0,465.0,465.0,460.5,9,89.91000366210938,15904.0,7331744.0,8839816.734989148
21-10-2005,467.0,462.0,462.0,462.0,9,90.30999755859375,15904.0,7427168.0,8954868.579696165
24-10-2005,465.0,465.5,465.5,465.5,2,90.11000061035156,15902.0,7394430.0,8915396.672293223
25-10-2005,472.79998779296875,465.0,474.0,465.0,18,89.23999786376953,15908.0,7521302.205810547,9068365.331336565
26-10-2005,471.20001220703125,472.5,473.5,471.5,159,89.48999786376953,15914.0,7498676.994262695,9041086.320548221
27-10-2005,473.79998779296875,471.0,475.5,471.0,2,89.0999984741211,15910.0,7538157.805786133,9088687.974181496
28-10-2005,473.0,473.5,473.5,471.6000061035156,4,89.58999633789062,15902.0,7521646.0,9068779.840848805
31-10-2005,465.1000061035156,471.1000061035156,471.1000061035156,471.1000061035156,1,90.06999969482422,15901.0,7395555.197052002,8916753.312095493
01-11-2005,458.79998779296875,463.0,463.0,460.0,5,90.08000183105469,15890.0,7290331.806030273,8789886.431191552
02-11-2005,462.79998779296875,462.79998779296875,462.79998779296875,462.79998779296875,2,89.72000122070312,15888.0,7352966.2060546875,8865404.154876642
03-11-2005,460.1000061035156,460.1000061035156,460.1000061035156,460.1000061035156,2,90.44000244140625,15892.0,7311909.29699707,8815902.214850578
04-11-2005,456.29998779296875,455.29998779296875,455.29998779296875,455.29998779296875,2,91.26000213623047,15892.0,7251519.406005859,8743090.675193947
07-11-2005,459.0,459.0,459.0,459.0,0,91.29000091552734,15889.0,7293051.0,8793164.938509766
08-11-2005,460.8999938964844,458.5,458.5,458.5,10,91.37000274658203,15893.0,7325083.602996826,8831786.3551927
09-11-2005,466.29998779296875,466.29998779296875,466.29998779296875,466.29998779296875,100,91.5,15896.0,7412304.605957031,8936947.921337148
10-11-2005,466.6000061035156,466.6000061035156,466.6000061035156,466.6000061035156,100,92.08000183105469,15895.0,7416607.097015381,8942135.395485146
11-11-2005,468.29998779296875,468.29998779296875,468.29998779296875,468.29998779296875,0,91.9800033569336,15889.0,7440818.5060424805,8971326.870077744
14-11-2005,468.20001220703125,468.29998779296875,468.29998779296875,468.29998779296875,0,92.12999725341797,15902.0,7445316.594116211,8976750.173759598
15-11-2005,468.1000061035156,468.1000061035156,468.1000061035156,468.1000061035156,50,92.08999633789062,15904.0,7444662.4970703125,8975961.53492924
16-11-2005,478.29998779296875,478.29998779296875,478.29998779296875,478.29998779296875,0,92.33000183105469,15910.0,7609752.805786133,9175009.411365002
17-11-2005,486.20001220703125,476.0,486.0,486.0,38,91.87999725341797,15905.0,7733011.194152832,9323620.923743468
18-11-2005,485.6000061035156,485.6000061035156,485.6000061035156,485.6000061035156,38,91.93000030517578,15904.0,7722982.4970703125,9311529.415324707
21-11-2005,489.0,485.6000061035156,485.6000061035156,485.6000061035156,38,92.02999877929688,15899.0,7774611.0,9373777.429467084
22-11-2005,492.6000061035156,489.0,489.0,489.0,0,91.5,15903.0,7833817.897064209,9445162.644157473
23-11-2005,492.1000061035156,492.6000061035156,492.6000061035156,492.6000061035156,0,91.51000213623047,15903.0,7825866.397064209,9435575.59327732
28-11-2005,498.29998779296875,502.20001220703125,502.20001220703125,502.20001220703125,109050,90.9800033569336,15901.0,7923468.105895996,9553253.081620444
29-11-2005,499.1000061035156,498.70001220703125,502.29998779296875,494.29998779296875,42519,91.62000274658203,15901.0,7936189.197052002,9568590.784967449
30-11-2005,494.6000061035156,500.0,500.0,492.29998779296875,5688,91.56999969482422,15907.0,7867602.297088623,9485896.186506659
01-12-2005,502.5,494.20001220703125,503.0,490.5,2665,91.81999969482422,15903.0,7991257.5,9634986.1345551
02-12-2005,503.29998779296875,503.0,507.0,500.0,1610,91.94999694824219,15900.0,8002469.805908203,9648504.709317824
05-12-2005,508.8999938964844,504.5,509.70001220703125,503.5,431,91.4800033569336,15903.0,8093036.602935791,9757700.268791646
06-12-2005,510.20001220703125,509.20001220703125,511.20001220703125,504.5,720,91.44000244140625,15907.0,8115751.594177246,9785087.526136057
07-12-2005,514.2999877929688,510.70001220703125,517.0,509.29998779296875,985,91.88999938964844,15901.0,8177884.105895996,9860000.127677834
08-12-2005,519.2999877929688,514.5999755859375,520.0,512.0,337,91.26000213623047,15897.0,8255311.905944824,9953354.118573455
09-12-2005,527.0,520.4000244140625,531.0,520.0,472,91.25,15904.0,8381408.0,10105387.026766337
12-12-2005,528.4000244140625,526.5,538.5,526.5,995,90.3499984741211,15905.0,8404202.388305664,10132870.012425445
13-12-2005,521.0,528.4000244140625,530.7000122070312,520.0,583,90.37999725341797,15904.0,8285984.0,9990335.18205932
14-12-2005,506.5,521.0,521.0,506.0,712,89.83000183105469,15902.0,8054363.0,9711071.859175308
15-12-2005,503.8999938964844,506.0,509.0,501.0,378,90.0199966430664,15905.0,8014529.402923584,9663044.855224961
16-12-2005,503.3999938964844,503.8999938964844,508.0,495.20001220703125,276,89.69999694824219,15900.0,8004059.902954102,9650421.874793949
19-12-2005,503.6000061035156,509.5,509.5,504.5,150,89.87000274658203,15915.0,8014794.097137451,9663363.994619545
20-12-2005,494.6000061035156,506.8999938964844,506.8999938964844,496.0,120,90.77999877929688,15910.0,7869086.097106934,9487685.190628085
21-12-2005,493.0,495.5,495.5,490.1000061035156,56,90.94000244140625,15907.0,7842151.0,9455209.79020979
22-12-2005,502.70001220703125,494.0,503.0,494.0,1632,90.72000122070312,15904.0,7994940.994140625,9639427.289776495
23-12-2005,503.0,502.29998779296875,505.70001220703125,502.29998779296875,37,90.83999633789062,15894.0,7994682.0,9639115.022908127
27-12-2005,508.0,508.70001220703125,509.0,506.0,57,91.19000244140625,15899.0,8076692.0,9737993.730407523
28-12-2005,514.2000122070312,506.8999938964844,517.2999877929688,516.9000244140625,20,91.26000213623047,15888.0,8169609.7939453125,9850023.865378963
29-12-2005,515.7000122070312,515.7000122070312,515.7000122070312,515.7000122070312,2,91.0999984741211,15900.0,8199630.194091797,9886219.187475039
30-12-2005,517.0999755859375,515.7000122070312,515.7000122070312,515.7000122070312,2,91.16999816894531,15913.0,8228611.911499023,9921162.179285053
03-01-2006,530.7000122070312,518.5999755859375,528.5,518.5999755859375,7,89.83999633789062,15903.0,8439722.294128418,10175696.038254663
04-01-2006,533.9000244140625,533.5999755859375,533.5999755859375,533.5,8,89.13999938964844,15916.0,8497552.788574219,10245421.73688717
05-01-2006,526.2999877929688,529.0,529.0,526.0,10,89.33000183105469,15904.0,8370275.005859375,10091964.077476941
06-01-2006,539.7000122070312,539.7000122070312,539.7000122070312,539.7000122070312,10,88.8499984741211,15914.0,8588785.994262695,10355420.779193025
09-01-2006,549.0999755859375,539.7000122070312,539.7000122070312,539.7000122070312,10,89.25,15912.0,8737278.811523438,10534457.211868143
10-01-2006,544.2999877929688,544.2999877929688,544.2999877929688,544.2999877929688,2,89.33000183105469,15905.0,8657091.305847168,10437775.869118841
11-01-2006,548.7999877929688,548.7999877929688,548.7999877929688,548.7999877929688,0,88.98999786376953,15917.0,8735249.405700684,10532010.375814665
12-01-2006,548.2999877929688,548.2999877929688,548.2999877929688,548.2999877929688,0,89.44000244140625,15904.0,8720163.005859375,10513820.84140267
13-01-2006,556.0999755859375,547.0999755859375,547.0999755859375,547.0999755859375,0,88.88999938964844,15901.0,8842545.711791992,10661376.551473344
17-01-2006,553.4000244140625,553.4000244140625,553.4000244140625,553.4000244140625,0,89.30000305175781,15902.0,8800167.188232422,10610281.152920691
18-01-2006,543.7000122070312,543.7000122070312,543.7000122070312,543.7000122070312,0,89.26000213623047,15900.0,8644830.194091797,10422992.758731367
19-01-2006,558.4000244140625,543.7000122070312,552.0,551.0,22,89.38999938964844,15908.0,8883027.588378906,10710185.180104781
20-01-2006,553.5,558.4000244140625,558.4000244140625,558.4000244140625,22,88.94999694824219,15913.0,8807845.5,10619538.82324572
23-01-2006,558.2999877929688,555.0,555.0,555.0,1,87.94999694824219,15918.0,8887019.205688477,10714997.836614994
24-01-2006,557.7000122070312,555.0,555.0,555.0,2,88.05999755859375,15915.0,8875795.694274902,10701465.751476854
25-01-2006,562.2000122070312,562.2000122070312,562.2000122070312,562.2000122070312,2,88.33000183105469,15918.0,8949099.794311523,10789847.834954815
26-01-2006,559.7000122070312,559.7000122070312,559.7000122070312,559.7000122070312,2,88.62000274658203,15915.0,8907625.694274902,10739842.89157813
27-01-2006,558.7000122070312,558.7000122070312,558.7000122070312,558.7000122070312,79958,89.31999969482422,15913.0,8890593.294250488,10719307.082530128
30-01-2006,565.7999877929688,559.2000122070312,566.0,557.5999755859375,35179,89.41999816894531,15913.0,9003575.205749512,10855528.340667363
31-01-2006,570.7999877929688,566.5,572.7000122070312,565.0,6749,88.95999908447266,15913.0,9083140.205749512,10951459.13401195
01-02-2006,569.4000244140625,570.7999877929688,571.5999755859375,563.0,3768,89.51000213623047,15915.0,9062001.388549805,10925972.255304804
02-02-2006,572.5,569.7999877929688,575.2999877929688,568.0,887,89.37000274658203,15912.0,9109620.0,10983385.579937303
03-02-2006,567.4000244140625,571.5,574.2000122070312,565.0,686,89.88999938964844,15929.0,9038114.988891602,10897172.641537981
06-02-2006,570.2000122070312,568.4000244140625,574.0,567.5,649,90.29000091552734,15922.0,9078724.594360352,10946135.271714916
07-02-2006,551.0,569.5,571.0,550.5999755859375,1276,90.23999786376953,15923.0,8773573.0,10578216.783216784
08-02-2006,550.0999755859375,551.0,553.2999877929688,545.5,762,90.43000030517578,15928.0,8761992.411132812,10564254.1730562
09-02-2006,564.5,549.9000244140625,566.0,549.9000244140625,227,90.29000091552734,15925.0,8989662.5,10838753.918495297
10-02-2006,550.2000122070312,561.9000244140625,561.9000244140625,548.0,222,90.55000305175781,15915.0,8756433.194274902,10557551.47609706
13-02-2006,539.0,548.5,549.5,540.0,645,90.54000091552734,15925.0,8583575.0,10349137.931034483
14-02-2006,545.9000244140625,538.0,546.0,535.5,142,90.54000091552734,15927.0,8694549.688842773,10482939.09915936
15-02-2006,539.7000122070312,544.9000244140625,545.0,538.0,150,90.72000122070312,15931.0,8597960.894470215,10366482.872522565
16-02-2006,546.0,539.0,546.0,537.2000122070312,96,90.7300033569336,15934.0,8699964.0,10489467.084639499
17-02-2006,551.7999877929688,548.0,552.5,546.0,55,90.63999938964844,15924.0,8786863.005615234,10594240.421527892
21-02-2006,553.9000244140625,550.5,556.5,550.5,86,90.55000305175781,15920.0,8818088.388671875,10631888.58050624
22-02-2006,553.9000244140625,552.5999755859375,554.7999877929688,551.0,253,90.66999816894531,15914.0,8814764.98852539,10627881.587322632
23-02-2006,548.4000244140625,554.5,555.5,548.5,174,90.38999938964844,15914.0,8727237.98852539,10522351.083343852
24-02-2006,558.7999877929688,547.5,560.0,547.5,14,90.61000061035156,15908.0,8889390.205810547,10717856.529793281
27-02-2006,554.7000122070312,556.0999755859375,556.0999755859375,552.5,24,90.62999725341797,15913.0,8826941.294250488,10642562.44785446
28-02-2006,561.5999755859375,553.0999755859375,558.0,553.0999755859375,49,90.11000061035156,15909.0,8934494.01159668,10772237.776219772
01-03-2006,563.5,562.5,564.5,562.5,1,90.22000122070312,15912.0,8966412.0,10810721.003134796
02-03-2006,568.2000122070312,568.2000122070312,568.2000122070312,568.2000122070312,1,89.55999755859375,15901.0,9034948.394104004,10893354.707142517
03-03-2006,566.0,569.7999877929688,569.7999877929688,568.7000122070312,2,89.66000366210938,15904.0,9001664.0,10853224.017361948
06-03-2006,554.9000244140625,554.7999877929688,554.7999877929688,554.7999877929688,2,89.88999938964844,15905.0,8825684.888305664,10641047.610689249
07-03-2006,552.7000122070312,554.5,554.5,554.0,3,90.7699966430664,15905.0,8790693.694152832,10598859.047688488
08-03-2006,542.5,540.0,540.0,540.0,3,90.62000274658203,15903.0,8627377.5,10401950.204967447
09-03-2006,545.5,545.0,545.2000122070312,544.2999877929688,25,90.75,15903.0,8675086.5,10459472.510248372
10-03-2006,539.9000244140625,539.9000244140625,539.9000244140625,539.9000244140625,3,90.8499984741211,15909.0,8589269.48840332,10356003.723659657
13-03-2006,546.0999755859375,541.0,542.5,541.0,4,90.54000091552734,15904.0,8685174.01171875,10471634.93093652
14-03-2006,551.7000122070312,551.7000122070312,551.7000122070312,551.7000122070312,4,90.0,15893.0,8768168.294006348,10571700.378594583
15-03-2006,553.0999755859375,553.0999755859375,553.0999755859375,553.0999755859375,4,89.69999694824219,15899.0,8793736.51184082,10602527.745166168
16-03-2006,554.4000244140625,554.4000244140625,554.4000244140625,554.4000244140625,4,89.06999969482422,15911.0,8821058.788452148,10635469.964374425
17-03-2006,554.0999755859375,554.0999755859375,554.0999755859375,554.0999755859375,4,88.91999816894531,15906.0,8813514.211669922,10626373.537099013
20-03-2006,555.2000122070312,555.2000122070312,555.2000122070312,555.2000122070312,4,89.12999725341797,15904.0,8829900.994140625,10646130.930962894
21-03-2006,552.4000244140625,552.4000244140625,552.4000244140625,552.4000244140625,4,89.62000274658203,15911.0,8789236.788452148,10597102.469800035
22-03-2006,550.9000244140625,550.9000244140625,550.9000244140625,550.9000244140625,300,89.72000122070312,15916.0,8768124.788574219,10571647.924492668
23-03-2006,550.0999755859375,550.0999755859375,550.0999755859375,550.0999755859375,547,90.45999908447266,15910.0,8752090.611572266,10552315.663819948
24-03-2006,560.0,560.0,560.0,560.0,547,90.06999969482422,15910.0,8909600.0,10742223.293947432
27-03-2006,567.0,567.0,567.0,567.0,547,90.06999969482422,15915.0,9023805.0,10879919.218712322
28-03-2006,566.5999755859375,566.5999755859375,566.5999755859375,566.5999755859375,547,90.25,15920.0,9020271.611328125,10875659.044282764
29-03-2006,573.0,573.0,573.0,573.0,64190,90.25,15915.0,9119295.0,10995050.639016155
30-03-2006,586.7000122070312,572.5999755859375,587.4000244140625,571.2999877929688,25210,89.38999938964844,15233.0,8937201.285949707,10775501.912165068
31-03-2006,581.7999877929688,586.0,589.5999755859375,579.0,2845,89.7300033569336,15915.0,9259346.805725098,11163909.821226304
03-04-2006,589.4000244140625,582.0,592.0,582.0,729,89.62999725341797,15920.0,9383248.388671875,11313296.827431727
04-04-2006,586.0,588.0,590.5,585.5,1293,88.83000183105469,15227.0,8923022.0,10758406.076681938
05-04-2006,587.9000244140625,587.0,590.7999877929688,582.5999755859375,736,88.62999725341797,15192.0,8931377.170898438,10768479.829875136
06-04-2006,595.2000122070312,588.0,595.5999755859375,588.0,855,88.95999908447266,15910.0,9469632.194213867,11417448.992300298
07-04-2006,588.4000244140625,595.5,598.2999877929688,585.5,450,89.62999725341797,15915.0,9364386.388549805,11290555.086266946
10-04-2006,597.5999755859375,589.0,599.0,589.0,316,89.72000122070312,15329.0,9160610.025756836,11044863.787987504
11-04-2006,595.2000122070312,602.0,604.0,595.0,697,89.44000244140625,15918.0,9474393.794311523,11423190.010021128
12-04-2006,597.5,597.2999877929688,600.0,597.2999877929688,38,89.62000274658203,15915.0,9509212.5,11465170.605256813
13-04-2006,596.5,596.5,597.5,592.0,107,89.62000274658203,15276.0,9112134.0,10986416.686761513
17-04-2006,615.4000244140625,605.0,616.5,605.0,1125,88.63999938964844,15184.0,9344233.970703125,11266257.500244906
18-04-2006,620.0,614.5999755859375,620.5,614.5999755859375,502,88.23999786376953,15915.0,9867300.0,11896913.43139619
19-04-2006,632.5999755859375,620.5,632.0,620.5,99,87.79000091552734,15910.0,10064665.611572266,12134875.34551756
20-04-2006,619.7999877929688,640.0,642.0,611.0,537,88.25,15252.0,9453189.41381836,11397624.082250252
21-04-2006,632.2000122070312,615.0,637.0,611.2000122070312,222,88.05000305175781,15925.0,10067785.194396973,12138636.598019017
24-04-2006,620.5999755859375,634.0,634.0,620.0,288,87.44999694824219,15925.0,9883054.611206055,11915908.622143785
25-04-2006,631.0,620.5999755859375,632.0,620.5999755859375,112,87.31999969482422,15242.0,9617702.0,11595975.403906438
26-04-2006,638.7999877929688,635.0,639.5,635.0,3,87.22000122070312,15930.0,10176083.805541992,12269211.243720753
27-04-2006,633.2999877929688,636.5,636.5,636.5,6,86.62999725341797,15925.0,10085302.305603027,12159756.818908883
28-04-2006,651.7999877929688,651.7999877929688,651.7999877929688,651.7999877929688,6,86.11000061035156,15928.0,10381870.205566406,12517326.025520142
01-05-2006,657.5,658.0,658.0,658.0,9,85.97000122070312,15164.0,9970330.0,12021135.760790933
02-05-2006,664.7000122070312,666.0,666.0,666.0,2,85.79000091552734,15935.0,10591994.694519043,12770671.201493902
03-05-2006,665.9000244140625,669.2000122070312,669.2000122070312,669.2000122070312,1,85.83999633789062,15935.0,10611116.889038086,12793726.656665163
04-05-2006,674.2000122070312,674.2000122070312,674.2000122070312,674.2000122070312,1,85.83999633789062,15283.0,10303798.786560059,12423196.029129561
05-05-2006,682.2000122070312,682.2000122070312,682.2000122070312,682.2000122070312,1,85.12000274658203,15965.0,10891323.194885254,13131568.838781353
08-05-2006,677.7999877929688,679.0,679.0,679.0,2,85.2300033569336,15417.0,10449642.4118042,12599038.35520159
09-05-2006,699.4000244140625,679.0,679.0,679.0,8,84.83000183105469,16000.0,11190400.390625,13492163.480377382
10-05-2006,703.7000122070312,695.5,695.5,695.5,4,84.5,15975.0,11241607.695007324,13553903.659280593
11-05-2006,719.7999877929688,723.0,723.0,723.0,10,84.2699966430664,15351.0,11049649.612609863,13322461.553665135
12-05-2006,710.2999877929688,714.0,714.0,706.0,32,83.95999908447266,15325.0,10885347.312927246,13124363.772518985
15-05-2006,683.5999755859375,710.2999877929688,710.2999877929688,710.2999877929688,32,84.54000091552734,15315.0,10469333.626098633,12622779.87231569
16-05-2006,691.5,710.2999877929688,710.2999877929688,710.2999877929688,0,84.16999816894531,15965.0,11039797.5,13310582.951531228
17-05-2006,690.5,690.5,690.5,690.5,0,84.8499984741211,15507.0,10707583.5,12910035.567880396
18-05-2006,679.5999755859375,679.5999755859375,679.5999755859375,679.5999755859375,0,84.51000213623047,15204.0,10332638.028808594,12457967.239942843
19-05-2006,656.7000122070312,679.5999755859375,679.5999755859375,679.5999755859375,0,84.87999725341797,15302.0,10048823.586791992,12115774.761022417
22-05-2006,657.0,656.5,656.5,656.5,0,84.3499984741211,15310.0,10058670.0,12127646.491439594
23-05-2006,673.0,673.0,673.0,673.0,0,84.3499984741211,15378.0,10349394.0,12478169.761273209
24-05-2006,637.0,637.0,637.0,637.0,0,84.94999694824219,15441.0,9835917.0,11859075.235109717
25-05-2006,648.4000244140625,648.2999877929688,648.2999877929688,648.2999877929688,0,84.6500015258789,15400.0,9985360.375976562,12039257.747741213
26-05-2006,650.9000244140625,648.4000244140625,648.4000244140625,648.4000244140625,80564,85.26000213623047,15391.0,10018002.275756836,12078613.787987504
30-05-2006,653.9000244140625,650.7000122070312,664.5,648.2000122070312,51461,84.27999877929688,15307.0,10009247.673706055,12068058.444304382
31-05-2006,642.5,651.0,658.5,638.0,5034,84.72000122070312,15364.0,9871370.0,11901820.593199903
01-06-2006,627.5999755859375,642.7999877929688,645.0999755859375,620.0,1682,84.79000091552734,15305.0,9605417.626342773,11581164.24685649
02-06-2006,635.5,628.0,637.5,622.5999755859375,1151,84.05000305175781,15184.0,9649432.0,11634231.974921629
05-06-2006,643.2000122070312,635.5,645.0,635.5,613,84.13999938964844,15962.0,10266758.594848633,12378537.008498471
06-06-2006,629.4000244140625,643.4000244140625,643.4000244140625,625.0,361,84.7300033569336,15368.0,9672619.575195312,11662189.022420198
07-06-2006,627.4000244140625,629.2000122070312,629.7999877929688,617.5,793,84.98999786376953,15320.0,9611768.374023438,11588821.285294715
08-06-2006,609.0999755859375,627.5999755859375,627.5999755859375,608.5,532,85.91000366210938,15440.0,9404503.623046875,11338924.069263171
09-06-2006,608.2000122070312,610.0,615.7999877929688,606.9000244140625,73,85.72000122070312,15340.0,9329788.18725586,11248840.351164527
12-06-2006,606.7999877929688,606.0,610.0,606.0,19,85.8499984741211,15329.0,9301637.012878418,11214898.737495078
13-06-2006,562.5,571.2000122070312,605.5999755859375,568.0,207,86.43000030517578,15357.0,8638312.5,10415134.434530986
14-06-2006,562.2999877929688,555.0,571.0,555.0,243,86.13999938964844,15347.0,8629617.912658691,10404651.450034592
15-06-2006,566.5,557.2999877929688,577.0,557.2999877929688,135,86.0199966430664,15315.0,8675947.5,10460510.610079575
16-06-2006,578.0,566.5,574.7000122070312,572.0,4,85.91999816894531,15335.0,8863630.0,10686797.685073547
19-06-2006,568.7999877929688,568.7999877929688,568.7999877929688,568.7999877929688,6,86.30999755859375,15319.0,8713447.013000488,10505723.430191088
20-06-2006,576.9000244140625,571.0,571.0,568.0,4,86.18000030517578,15308.0,8831185.573730469,10647679.73683442
21-06-2006,587.5,572.0,585.0,572.0,60,85.77999877929688,15266.0,8968775.0,10813570.050639017
22-06-2006,582.2000122070312,588.0,588.0,587.0,14,86.38999938964844,15333.0,8926872.78717041,10763048.935580432
23-06-2006,584.7999877929688,583.9000244140625,584.0,574.0,19,86.81999969482422,15337.0,8969077.412780762,10813934.66696499
26-06-2006,584.7999877929688,583.0,584.0,580.0,119,86.48999786376953,15293.0,8943346.213317871,10782910.794933531
27-06-2006,581.5999755859375,589.0,589.0,589.0,39,86.47000122070312,15316.0,8907785.226074219,10740035.237610584
28-06-2006,578.2999877929688,585.5,586.0,580.0,1,86.62999725341797,15348.0,8875748.212646484,10701408.50331141
29-06-2006,586.5,586.5,586.5,586.5,104,85.87000274658203,15322.0,8986353.0,10834763.684591271
30-06-2006,613.5,560.9000244140625,614.5,609.0,18,85.22000122070312,15327.0,9403114.5,11337249.21630094
05-07-2006,627.2999877929688,631.0,631.0,631.0,94,85.5999984741211,15385.0,9651010.312194824,11636134.93151052
06-07-2006,634.0999755859375,624.0,624.0,624.0,6,85.3499984741211,15326.0,9718216.225830078,11717164.487376511
07-07-2006,632.7999877929688,634.2999877929688,634.2999877929688,634.2999877929688,6,84.9800033569336,15325.0,9697659.812927246,11692379.808207434
10-07-2006,624.0999755859375,632.7999877929688,632.7999877929688,632.7999877929688,6,85.5,15353.0,9581806.925170898,11552697.040234987
11-07-2006,641.2000122070312,632.7999877929688,632.7999877929688,632.7999877929688,6,85.36000061035156,15316.0,9820619.38696289,11840631.042877851
12-07-2006,649.4000244140625,632.7999877929688,632.7999877929688,632.7999877929688,6,85.91000366210938,15355.0,9971537.37487793,12022591.481646888
13-07-2006,652.9000244140625,652.9000244140625,652.9000244140625,652.9000244140625,6,85.79000091552734,15320.0,10002428.374023438,12059836.476999562
14-07-2006,666.5999755859375,666.5999755859375,666.5999755859375,666.5999755859375,6,86.08999633789062,15363.0,10240975.424926758,12347450.476159582
17-07-2006,650.5999755859375,675.0999755859375,677.0,675.0999755859375,40,86.95999908447266,15342.0,9981504.825439453,12034609.145695023
18-07-2006,628.2999877929688,628.2999877929688,628.2999877929688,628.2999877929688,40,87.01000213623047,15370.0,9656970.81237793,11643321.452107463
19-07-2006,641.5999755859375,641.5999755859375,641.5999755859375,641.5999755859375,40,86.45999908447266,15316.0,9826745.226074219,11848016.9111095
20-07-2006,631.7000122070312,641.5999755859375,641.5999755859375,641.5999755859375,40,86.22000122070312,15323.0,9679539.28704834,11670532.0557612
21-07-2006,619.5999755859375,631.7000122070312,631.7000122070312,631.7000122070312,600,85.93000030517578,15321.0,9492891.225952148,11445492.194299672
24-07-2006,612.7000122070312,619.5999755859375,619.5999755859375,619.5999755859375,600,86.33999633789062,15319.0,9385951.486999512,11316555.928381374
25-07-2006,617.5999755859375,612.7000122070312,612.7000122070312,612.7000122070312,600,86.63999938964844,15410.0,9517215.623779297,11474819.898455868
26-07-2006,621.5999755859375,621.5999755859375,621.5999755859375,621.5999755859375,1,85.93000030517578,15406.0,9576369.223876953,11546140.853480773
27-07-2006,632.4000244140625,632.4000244140625,632.4000244140625,632.4000244140625,66412,85.87000274658203,15395.0,9735798.375854492,11738363.124975273
28-07-2006,634.7999877929688,632.5,636.5999755859375,625.0,27652,85.44000244140625,15400.0,9775919.812011719,11786737.17387475
31-07-2006,634.2000122070312,634.5,646.5,627.0,3183,85.30000305175781,15320.0,9715944.187011719,11714425.110937688
01-08-2006,646.2999877929688,635.4000244140625,646.5,629.5,1360,85.05000305175781,15326.0,9905193.612915039,11942601.414172944
02-08-2006,651.5999755859375,645.7999877929688,656.0,644.7000122070312,414,85.05000305175781,15351.0,10002711.225219727,12060177.508101912
03-08-2006,644.9000244140625,651.0,651.0,638.0,429,85.0199966430664,15319.0,9879223.473999023,11911289.455026554
04-08-2006,644.0,646.0,653.5,643.0,97,84.56999969482422,15289.0,9846116.0,11871372.076199662
07-08-2006,647.7999877929688,651.2000122070312,652.0,646.5,139,84.75,15405.0,9979358.811950684,12032021.716844326
08-08-2006,645.7000122070312,646.7999877929688,646.7999877929688,640.0,43,84.66000366210938,15363.0,9919889.287536621,11960319.854758404
09-08-2006,650.5,645.0,654.5,638.5,65,84.70999908447266,15382.0,10005991.0,12064131.902580177
10-08-2006,634.9000244140625,650.2000122070312,651.2999877929688,634.0,127,85.08000183105469,15429.0,9795872.47668457,11810793.919320678
11-08-2006,633.5,638.0,642.2999877929688,626.0,596,85.5199966430664,15397.0,9753999.5,11760308.054014951
14-08-2006,628.5,629.9000244140625,629.9000244140625,620.0,147,85.63999938964844,15995.0,10052857.5,12120638.413310826
15-08-2006,622.5,625.0,625.5,622.0,124,85.22000122070312,15336.0,9546660.0,11510320.713768989
16-08-2006,628.7000122070312,631.0,631.0,627.0,206,84.87999725341797,15272.0,9601506.586425781,11576448.741772102
17-08-2006,615.4000244140625,627.5,628.5,615.5,295,85.04000091552734,15383.0,9466698.575561523,11413911.95510191
18-08-2006,612.0999755859375,614.2000122070312,617.0,609.0,102,85.08999633789062,15997.0,9791763.309448242,11805839.533938078
21-08-2006,625.7000122070312,613.5999755859375,626.5,613.5999755859375,117,84.62999725341797,15996.0,10008697.395263672,12067394.97861547
22-08-2006,624.5999755859375,626.0,628.0,623.5,19,85.18000030517578,16005.0,9996722.60925293,12052957.088561526
23-08-2006,623.7000122070312,624.5999755859375,628.0,623.2000122070312,20,85.12999725341797,16008.0,9984189.795410156,12037846.389450394
24-08-2006,619.5,621.5999755859375,624.5,618.0,35,85.27999877929688,16008.0,9916956.0,11956783.216783216
25-08-2006,622.0,622.5,623.5,621.7999877929688,173,85.37999725341797,16008.0,9956976.0,12005034.965034965
28-08-2006,615.2999877929688,621.7000122070312,621.7000122070312,614.0,46,85.2300033569336,16005.0,9847876.304626465,11873494.459400127
29-08-2006,610.7000122070312,616.7999877929688,616.7999877929688,610.5,2,84.91000366210938,16004.0,9773642.995361328,11783992.036847513
30-08-2006,617.7000122070312,615.5999755859375,618.0,611.7999877929688,26,84.97000122070312,16005.0,9886288.695373535,11919807.927867778
31-08-2006,625.9000244140625,625.9000244140625,625.9000244140625,625.9000244140625,26,85.05000305175781,16005.0,10017529.89074707,12078044.23769842
01-09-2006,624.4000244140625,624.4000244140625,624.4000244140625,624.4000244140625,26,84.94000244140625,15358.0,9589535.574951172,11562015.402641876
04-09-2006,624.4000244140625,624.4000244140625,624.4000244140625,624.4000244140625,26,84.94000244140625,15346.0,9582042.774658203,11552981.40180637
05-09-2006,638.5,638.5,638.5,638.5,23,85.0,16005.0,10219192.5,12321187.00265252
06-09-2006,633.5,633.5,633.5,633.5,102,85.0999984741211,15369.0,9736261.5,11738921.509524958
07-09-2006,617.0,617.0,617.0,617.0,102,85.52999877929688,15404.0,9504268.0,11459209.066795273
08-09-2006,609.5999755859375,609.5999755859375,609.5999755859375,609.5999755859375,102,85.94999694824219,15388.0,9380524.424316406,11310012.568503022
11-09-2006,590.0,590.0,590.0,590.0,0,85.91999816894531,15407.0,9090130.0,10959886.665059078
12-09-2006,586.9000244140625,591.0,591.0,591.0,10,85.91999816894531,15396.0,9035912.775878906,10894517.4534349
13-09-2006,589.0999755859375,589.0999755859375,589.0999755859375,589.0999755859375,10,85.87000274658203,15394.0,9068605.024169922,10933934.19842045
14-09-2006,579.2999877929688,579.2999877929688,579.2999877929688,579.2999877929688,0,85.66000366210938,15358.0,8896889.212524414,10726898.013653742
15-09-2006,576.4000244140625,576.4000244140625,576.4000244140625,576.4000244140625,0,85.98999786376953,15408.0,8881171.576171875,10707947.403149113
18-09-2006,586.2000122070312,586.2000122070312,586.2000122070312,586.2000122070312,0,85.80999755859375,15412.0,9034514.588134766,10892831.67125002
19-09-2006,576.7999877929688,576.7999877929688,576.7999877929688,576.7999877929688,0,85.94000244140625,15355.0,8856763.812561035,10678519.185629413
20-09-2006,580.0,584.0,584.0,584.0,2,85.80999755859375,15353.0,8904740.0,10736363.636363637
21-09-2006,582.2000122070312,582.2000122070312,582.2000122070312,582.2000122070312,0,85.18000030517578,15338.0,8929783.787231445,10766558.701749993
22-09-2006,589.4000244140625,589.4000244140625,589.4000244140625,589.4000244140625,0,85.19999694824219,15415.0,9085601.376342773,10954426.54490327
25-09-2006,589.9000244140625,589.9000244140625,589.9000244140625,589.9000244140625,0,85.29000091552734,15400.0,9084460.375976562,10953050.851189489
26-09-2006,591.2000122070312,591.2000122070312,591.2000122070312,591.2000122070312,0,85.62999725341797,15392.0,9099750.587890625,10971486.119954936
27-09-2006,597.2999877929688,597.2999877929688,597.2999877929688,597.2999877929688,7818,85.66000366210938,15380.0,9186473.81225586,11076047.518996695
28-09-2006,605.0,597.7000122070312,606.2000122070312,597.7000122070312,8709,85.72000122070312,15411.0,9323655.0,11241445.623342175
29-09-2006,598.5999755859375,605.0999755859375,605.0999755859375,595.0,662,85.97000122070312,15393.0,9214249.424194336,11109536.320465801
02-10-2006,597.7000122070312,598.9000244140625,604.0,598.0,109,85.58999633789062,15359.0,9180074.487487793,11068331.91160814
03-10-2006,576.2999877929688,591.0,591.9000244140625,580.0,160,85.70999908447266,15295.0,8814508.313293457,10627572.11634128
04-10-2006,562.0,573.9000244140625,577.0,561.0,4584,85.83999633789062,15387.0,8647494.0,10426204.485170001
05-10-2006,571.0,565.9000244140625,575.0,565.9000244140625,22,85.91999816894531,15417.0,8803107.0,10613825.65710152
06-10-2006,572.4000244140625,572.0,572.5,560.5,24,86.44000244140625,15484.0,8863041.978027344,10686088.712355128
09-10-2006,578.4000244140625,578.0,578.0,578.0,93,86.5199966430664,15390.0,8901576.375732422,10732549.283497011
10-10-2006,571.9000244140625,574.5,574.5,568.0,136,87.0199966430664,15455.0,8838714.877319336,10656757.749360183
11-10-2006,572.2999877929688,578.0,578.0,578.0,1,87.12000274658203,15419.0,8824293.511779785,10639370.040727979
12-10-2006,576.2999877929688,575.0,575.0,575.0,5,86.91999816894531,15348.0,8845052.212646484,10664398.616646351
13-10-2006,588.7999877929688,585.5,585.5,585.5,8,87.12000274658203,15436.0,9088716.611572266,10958182.55554891
16-10-2006,594.7000122070312,593.5,594.5,593.5,210,87.0,15394.0,9154811.987915039,11037873.146750709
17-10-2006,589.7000122070312,598.5,598.5,588.5,14,86.87000274658203,15372.0,9064868.587646484,10929429.211051947
18-10-2006,588.9000244140625,592.5,594.0,591.5,18,86.87999725341797,15403.0,9070827.076049805,10936613.30606439
19-10-2006,599.0,588.9000244140625,588.9000244140625,588.7000122070312,103,86.23999786376953,15399.0,9224001.0,11121293.706293706
20-10-2006,593.0,597.5,597.5,597.0,4,86.2699966430664,15397.0,9130421.0,11008465.15553412
23-10-2006,579.7000122070312,579.7000122070312,579.7000122070312,579.7000122070312,4,86.70999908447266,15401.0,8927959.888000488,10764359.643116094
24-10-2006,584.4000244140625,576.5,576.5,576.5,501,86.62999725341797,15407.0,9003851.176147461,10855861.07565404
25-10-2006,587.5999755859375,587.5999755859375,587.5999755859375,587.5999755859375,199,86.37999725341797,15377.0,9035524.824584961,10894049.70410533
26-10-2006,596.7999877929688,595.0,595.5,595.0,26,85.88999938964844,15373.0,9174606.212341309,11061738.86223934
27-10-2006,598.2000122070312,598.2000122070312,598.2000122070312,598.2000122070312,5,85.55999755859375,15365.0,9191343.187561035,11081918.480300259
30-10-2006,604.7000122070312,608.5,608.9000244140625,608.0,13,85.58999633789062,15424.0,9326892.98828125,11245349.63622046
31-10-2006,604.0999755859375,604.0999755859375,604.0999755859375,604.0999755859375,0,85.31999969482422,15402.0,9304347.82397461,11218167.137659283
01-11-2006,616.5999755859375,612.5,612.5,612.5,6,85.31999969482422,15403.0,9497489.423950195,11451036.199602358
02-11-2006,625.4000244140625,625.4000244140625,625.4000244140625,625.4000244140625,6,85.33999633789062,15426.0,9647420.776611328,11631807.061262753
03-11-2006,626.9000244140625,626.9000244140625,626.9000244140625,626.9000244140625,0,85.70999908447266,15498.0,9715696.57836914,11714126.57146026
06-11-2006,625.7999877929688,625.7999877929688,625.7999877929688,625.7999877929688,0,85.75,15398.0,9636068.212036133,11618119.37790708
07-11-2006,625.7000122070312,625.7000122070312,625.7000122070312,625.7000122070312,0,85.43000030517578,15392.0,9630774.587890625,11611736.903653996
08-11-2006,616.4000244140625,616.4000244140625,616.4000244140625,616.4000244140625,0,85.41000366210938,15452.0,9524613.177246094,11483739.061063532
09-11-2006,635.0,617.0,617.0,617.0,2,85.18000030517578,15474.0,9825990.0,11847106.341933928
10-11-2006,628.4000244140625,628.4000244140625,628.4000244140625,628.4000244140625,2,85.05000305175781,15457.0,9713179.177368164,11711091.364080256
13-11-2006,624.2000122070312,629.0,629.0,629.0,1,85.36000061035156,15456.0,9647635.388671875,11632065.817062786
14-11-2006,623.7999877929688,620.5,620.5,620.5,1,85.23999786376953,15445.0,9634590.811462402,11616338.0895375
15-11-2006,622.5,622.5,622.5,622.5,0,85.33999633789062,15443.0,9613267.5,11590628.76778394
16-11-2006,620.5999755859375,620.5999755859375,620.5999755859375,620.5999755859375,0,85.5,15450.0,9588269.622802734,11560489.055706214
17-11-2006,621.5,617.5,617.5,617.5,10,85.37000274658203,15461.0,9609011.5,11585497.347480105
20-11-2006,621.2000122070312,621.5,621.5,621.5,0,85.41999816894531,15453.0,9599403.788635254,11573913.41769382
21-11-2006,628.2000122070312,628.0999755859375,628.0999755859375,628.0999755859375,0,85.23999786376953,15418.0,9685587.788208008,11677824.678331332
22-11-2006,628.7000122070312,628.7000122070312,628.7000122070312,628.7000122070312,0,84.6500015258789,15382.0,9670663.587768555,11659830.706255792
24-11-2006,628.7000122070312,628.7000122070312,628.7000122070312,628.7000122070312,0,83.70999908447266,15443.0,9709014.288513184,11706069.795651294
28-11-2006,637.2000122070312,637.2000122070312,637.2000122070312,637.2000122070312,82649,83.20999908447266,15400.0,9812880.187988281,11831299.961403763
29-11-2006,635.5,638.4000244140625,640.2999877929688,634.5,29111,83.44000244140625,15438.0,9810849.0,11828850.976609597
30-11-2006,646.9000244140625,635.0,648.0,635.0,2327,82.91999816894531,15365.0,9939618.87512207,11984107.638198782
01-12-2006,644.7000122070312,645.7000122070312,649.7000122070312,643.5,728,82.4800033569336,15354.0,9898723.987426758,11934801.045848515
04-12-2006,645.2000122070312,647.0999755859375,648.0,640.5,562,82.48999786376953,15399.0,9935434.987976074,11979063.16370397
05-12-2006,642.2999877929688,644.2999877929688,648.0,640.5,214,82.44999694824219,15436.0,9914542.611572266,11953873.416412184
06-12-2006,630.5,640.5,640.5,631.0,247,82.7699966430664,15430.0,9728615.0,11729702.194357367
07-12-2006,631.9000244140625,628.2999877929688,632.5,625.0,316,82.80000305175781,15422.0,9745162.176513672,11749652.973852992
08-12-2006,626.0999755859375,633.2999877929688,636.5,626.0,104,83.33000183105469,15505.0,9707680.121459961,11704461.20262836
11-12-2006,630.0,623.0,629.7000122070312,622.4000244140625,467,83.12000274658203,15561.0,9803430.0,11819905.956112852
12-12-2006,627.0,630.2999877929688,630.5,627.5,222,82.97000122070312,15374.0,9639498.0,11622254.641909814
13-12-2006,627.9000244140625,634.7999877929688,632.5,624.0,81,82.97000122070312,15499.0,9731822.478393555,11733569.421742892
14-12-2006,626.5999755859375,628.0,628.5,627.5,43,83.6500015258789,15459.0,9686609.022583008,11679055.97128407
15-12-2006,615.0,625.5,627.7000122070312,613.0,118,84.05999755859375,15444.0,9498060.0,11451724.137931034
18-12-2006,614.0,614.0,616.5,612.0,57,83.9800033569336,15444.0,9482616.0,11433103.448275862
19-12-2006,621.5999755859375,620.9000244140625,620.9000244140625,616.5,40,83.45999908447266,16062.0,9984138.807861328,12037784.914228752
20-12-2006,620.5999755859375,621.4000244140625,622.7000122070312,619.7000122070312,385,83.5199966430664,15458.0,9593234.422607422,11566475.069456741
21-12-2006,618.2000122070312,620.7999877929688,620.7999877929688,618.0,22,83.56999969482422,15415.0,9529553.188171387,11489695.187088722
22-12-2006,619.0999755859375,619.0,619.0,618.7000122070312,122,83.94000244140625,15483.0,9585524.92199707,11557179.795029022
26-12-2006,623.7000122070312,625.0999755859375,628.0,623.0,58,84.06999969482422,16055.0,10013503.695983887,12073189.891468395
27-12-2006,627.2000122070312,627.2000122070312,627.2000122070312,627.2000122070312,3,83.94000244140625,15451.0,9690867.38861084,11684190.244286038
28-12-2006,634.0999755859375,627.0999755859375,627.0999755859375,626.0,17,83.81999969482422,15401.0,9765773.723999023,11774504.12828433
29-12-2006,635.2000122070312,635.2000122070312,635.2000122070312,635.2000122070312,17,83.72000122070312,16035.0,10185432.195739746,12280482.512345968
02-01-2007,635.2000122070312,635.2000122070312,635.2000122070312,635.2000122070312,17,83.19999694824219,15423.0,9796689.788269043,11811779.344428554
03-01-2007,627.0999755859375,640.4000244140625,640.4000244140625,628.5,38,83.91999816894531,15476.0,9704999.222167969,11701228.866853109
04-01-2007,623.9000244140625,624.5,624.5,624.5,4,84.31999969482422,15419.0,9619914.47644043,11598642.96653054
05-01-2007,604.9000244140625,623.7000122070312,623.7000122070312,617.2999877929688,531,84.62999725341797,15507.0,9380184.678588867,11309602.94018431
08-01-2007,607.5,607.5,607.5,607.5,1000,84.5999984741211,15403.0,9357322.5,11282038.220400289
09-01-2007,613.0999755859375,607.0,607.0,607.0,2,84.73999786376953,15448.0,9471168.422851562,11419301.209128963
10-01-2007,611.5999755859375,611.5999755859375,611.5999755859375,611.5999755859375,2,85.08000183105469,15451.0,9449831.22277832,11393575.142004244
11-01-2007,612.4000244140625,612.4000244140625,612.4000244140625,612.4000244140625,0,85.30999755859375,15446.0,9459130.77709961,11404787.529659525
12-01-2007,625.5,616.2000122070312,616.2000122070312,616.2000122070312,1,85.02999877929688,15468.0,9675234.0,11665341.210513623
16-01-2007,624.5999755859375,623.5999755859375,623.5999755859375,623.5999755859375,2,85.05000305175781,15469.0,9661937.022338867,11649309.166070493
17-01-2007,632.0999755859375,630.5,632.5999755859375,630.5,2,84.9800033569336,15469.0,9777954.522338867,11789190.405520698
18-01-2007,627.0999755859375,627.0999755859375,627.0999755859375,627.0999755859375,2,84.91000366210938,15376.0,9642289.224609375,11625619.995911954
19-01-2007,635.5,633.5,633.5,633.5,2,84.86000061035156,15406.0,9790513.0,11804332.047263082
22-01-2007,633.2999877929688,633.2999877929688,633.2999877929688,633.2999877929688,2,85.0199966430664,15426.0,9769285.611694336,11778738.379182946
23-01-2007,645.2000122070312,642.2000122070312,642.2000122070312,642.2000122070312,1,84.66999816894531,15421.0,9949629.388244629,11996177.222383203
24-01-2007,647.5999755859375,640.2999877929688,640.2999877929688,640.2999877929688,1,84.94000244140625,15461.0,10012543.22253418,12072031.857407982
25-01-2007,647.7999877929688,647.7999877929688,647.7999877929688,647.7999877929688,1,85.11000061035156,15472.0,10022761.411132812,12084351.83401593
26-01-2007,644.5,644.5,644.5,644.5,2,85.27999877929688,15418.0,9936901.0,11980830.721003134
29-01-2007,643.0999755859375,643.0999755859375,643.0999755859375,643.0999755859375,71048,85.0999984741211,15412.0,9911456.823730469,11950152.910212766
30-01-2007,644.2000122070312,643.0,647.5,640.7999877929688,25819,85.02999877929688,15381.0,9908440.387756348,11946516.02092639
31-01-2007,652.0,646.5,655.5,641.7999877929688,3048,84.61000061035156,15386.0,10031672.0,12095095.249578008
01-02-2007,657.4000244140625,652.9000244140625,661.5,652.5999755859375,1198,84.62999725341797,15380.0,10110812.375488281,12190514.077029517
02-02-2007,646.2000122070312,655.7000122070312,659.2999877929688,642.0,449,84.95999908447266,15468.0,9995421.78881836,12051388.70125194
05-02-2007,650.9000244140625,649.0,651.0,647.0,196,85.08000183105469,15360.0,9997824.375,12054285.47745358
06-02-2007,653.5999755859375,648.2000122070312,659.0,648.0999755859375,169,84.77999877929688,15356.0,10036681.225097656,12101134.826498259
07-02-2007,652.2999877929688,654.7999877929688,655.5,650.4000244140625,156,84.75,15314.0,9989322.013061523,12044034.257368607
08-02-2007,658.0,650.0,659.2999877929688,649.0999755859375,463,84.69999694824219,15301.0,10068058.0,12138965.51724138
09-02-2007,667.5,659.0999755859375,669.5,658.0,127,84.87000274658203,15331.0,10233442.5,12338368.09741982
12-02-2007,662.5999755859375,664.2999877929688,665.9000244140625,661.0,65,85.1500015258789,15331.0,10158320.225708008,12247793.857858703
13-02-2007,663.9000244140625,664.2999877929688,669.0,663.7999877929688,41,84.7300033569336,15313.0,10166301.073852539,12257416.293528501
14-02-2007,667.4000244140625,666.7000122070312,672.0,666.7000122070312,167,84.19999694824219,15297.0,10209218.173461914,12309161.048302284
15-02-2007,667.2999877929688,668.5,668.5,663.0,93,84.01000213623047,15329.0,10229041.512878418,12333061.867468553
16-02-2007,668.7999877929688,664.5,668.4000244140625,664.5,93,84.08999633789062,15335.0,10256047.812805176,12365623.116475977
20-02-2007,657.0999755859375,671.0,671.0,658.2999877929688,26,84.19000244140625,15336.0,10077285.225585938,12150090.698801467
21-02-2007,680.2000122070312,660.4000244140625,682.2999877929688,657.5,33,84.20999908447266,15344.0,10436988.987304688,12583782.236923905
22-02-2007,679.4000244140625,676.5,679.2999877929688,676.5,344,84.31999969482422,15298.0,10393461.573486328,12531301.631886095
23-02-2007,683.0999755859375,678.2999877929688,685.2999877929688,674.0,146,84.06999969482422,15302.0,10452795.826416016,12602840.39837957
26-02-2007,686.5,684.5999755859375,687.5999755859375,683.7999877929688,34,83.93000030517578,15305.0,10506882.5,12668052.206414275
27-02-2007,683.9000244140625,684.0,687.7000122070312,668.5,150,83.4800033569336,15325.0,10480767.874145508,12636566.04068665
28-02-2007,669.4000244140625,665.5999755859375,674.5,662.0,6,83.56999969482422,15340.0,10268596.374511719,12380752.802642535
01-03-2007,662.2999877929688,673.0,673.0,673.0,1,83.68000030517578,15415.0,10209354.311828613,12309325.189086825
02-03-2007,641.5,641.5,641.5,641.5,24,83.73999786376953,15424.0,9894496.0,11929703.400048228
05-03-2007,636.7000122070312,640.2000122070312,640.2000122070312,640.0,17,84.1500015258789,15360.0,9779712.1875,11791309.606341934
06-03-2007,643.7999877929688,643.7000122070312,644.5,641.2999877929688,15,84.06999969482422,15347.0,9880398.412658691,11912706.06783059
07-03-2007,650.5999755859375,650.5999755859375,650.5999755859375,650.5999755859375,13,83.77999877929688,15351.0,9987360.225219727,12041668.947696801
08-03-2007,653.4000244140625,653.4000244140625,653.4000244140625,653.4000244140625,13,84.0999984741211,15377.0,10047332.175415039,12113976.579955436
09-03-2007,650.0,650.0,650.0,650.0,320,84.23999786376953,15401.0,10010650.0,12069749.21630094
12-03-2007,648.4000244140625,648.0,648.0,648.0,8,83.86000061035156,15402.0,9986657.17602539,12040821.287708452
13-03-2007,647.5999755859375,647.5999755859375,647.5999755859375,647.5999755859375,20,83.7300033569336,15360.0,9947135.625,11993170.514829997
14-03-2007,640.9000244140625,640.9000244140625,640.9000244140625,640.9000244140625,8,83.61000061035156,15361.0,9844865.275024414,11869864.088527145
15-03-2007,645.7000122070312,645.7000122070312,645.7000122070312,645.7000122070312,8,83.68000030517578,16016.0,10341531.395507812,12468689.890894396
16-03-2007,652.5999755859375,652.9000244140625,652.9000244140625,652.7000122070312,15,83.2300033569336,15387.0,10041555.82434082,12107012.086256113
19-03-2007,653.0999755859375,653.0999755859375,653.0999755859375,653.0999755859375,15,83.38999938964844,15379.0,10044024.524536133,12109988.575519813
20-03-2007,657.9000244140625,657.9000244140625,657.9000244140625,657.9000244140625,0,83.11000061035156,15373.0,10113897.075317383,12194233.27142197
21-03-2007,659.0,659.0,659.0,659.0,0,82.7699966430664,15352.0,10116968.0,12197935.857246201
22-03-2007,663.4000244140625,663.4000244140625,663.4000244140625,663.4000244140625,27,83.08999633789062,15365.0,10193141.37512207,12289777.399471993
23-03-2007,656.7000122070312,656.7000122070312,656.7000122070312,656.7000122070312,200,83.27999877929688,15402.0,10114493.588012695,12194952.481327098
26-03-2007,663.4000244140625,663.4000244140625,663.4000244140625,663.4000244140625,0,83.08000183105469,15371.0,10197121.775268555,12294576.531551186
27-03-2007,662.0999755859375,662.0999755859375,662.0999755859375,662.0999755859375,0,83.01000213623047,15362.0,10171179.824951172,12263298.55914055
28-03-2007,666.5,666.5,666.5,666.5,10244,83.02999877929688,15414.0,10273431.0,12386581.866409453
29-03-2007,661.5,665.9000244140625,666.2000122070312,654.5999755859375,37425,83.08999633789062,15408.0,10192392.0,12288873.884735953
30-03-2007,663.0,661.2000122070312,667.7000122070312,659.0999755859375,4623,82.93000030517578,15419.0,10222797.0,12325532.915360501
02-04-2007,665.7000122070312,665.5,665.5,656.0999755859375,1468,82.87000274658203,15386.0,10242460.387817383,12349240.88234553
03-04-2007,664.0,663.0999755859375,667.2999877929688,662.2000122070312,291,83.1500015258789,15425.0,10242200.0,12348926.935133832
04-04-2007,672.0999755859375,664.0,675.0,664.0,1718,82.95999908447266,15418.0,10362437.423583984,12493896.097882787
05-04-2007,674.2000122070312,674.2000122070312,676.0,671.5,226,82.68000030517578,15367.0,10360431.58758545,12491477.679750964
09-04-2007,671.9000244140625,671.0999755859375,677.5,671.0999755859375,35,83.0999984741211,16035.0,10773916.891479492,12990013.131757285
10-04-2007,676.5,673.9000244140625,681.5,673.9000244140625,29,82.69999694824219,15381.0,10405246.5,12545510.610079575
11-04-2007,676.7999877929688,678.2999877929688,680.2999877929688,674.7999877929688,31,82.66999816894531,15393.0,10417982.212097168,12560865.941761717
12-04-2007,675.0999755859375,677.0,677.5,673.0999755859375,63,82.37000274658203,15385.0,10386413.124389648,12522803.38122697
13-04-2007,685.4000244140625,680.2000122070312,683.5999755859375,680.2000122070312,25,82.12999725341797,15441.0,10583261.776977539,12760142.00262544
16-04-2007,690.0999755859375,685.0999755859375,690.0999755859375,685.0999755859375,55,82.06999969482422,15426.0,10645482.223388672,12835160.626222175
17-04-2007,688.2000122070312,689.0,689.4000244140625,687.2000122070312,29,81.83000183105469,15409.0,10604473.988098145,12785717.371712254
18-04-2007,689.0999755859375,689.0999755859375,690.5999755859375,687.0,13,81.73999786376953,15415.0,10622476.123657227,12807422.382031862
19-04-2007,684.2999877929688,681.9000244140625,685.7000122070312,681.9000244140625,58,81.63999938964844,15414.0,10547800.01184082,12717386.076490017
20-04-2007,692.0,690.0999755859375,692.5,690.0999755859375,24,81.63999938964844,15424.0,10673408.0,12868830.479864962
23-04-2007,690.5999755859375,689.0,689.0,688.0,16,81.73999786376953,15411.0,10642836.223754883,12831970.368645867
24-04-2007,684.2000122070312,689.4000244140625,691.2999877929688,683.0,220,81.55000305175781,15394.0,10532574.987915039,12699029.404286278
25-04-2007,684.0999755859375,686.5,686.5,683.7999877929688,17,81.43000030517578,15435.0,10559083.123168945,12730990.02070044
26-04-2007,674.9000244140625,684.5,686.7999877929688,673.5,51,81.75,15437.0,10418431.676879883,12561407.857342515
27-04-2007,678.7000122070312,673.0,678.2999877929688,673.0,55,81.52999877929688,15446.0,10483200.388549805,12639498.901072828
30-04-2007,680.5,677.4000244140625,680.0,677.2999877929688,12,81.44999694824219,15430.0,10500115.0,12659892.693513382
01-05-2007,674.4000244140625,673.7000122070312,673.7000122070312,673.0,6,81.5999984741211,15440.0,10412736.376953125,12554541.086270949
02-05-2007,672.2999877929688,672.2999877929688,672.2999877929688,672.2999877929688,0,81.73999786376953,15418.0,10365521.211791992,12497614.193142021
03-05-2007,681.7999877929688,681.7999877929688,681.7999877929688,681.7999877929688,0,81.94999694824219,15495.0,10564490.81085205,12737510.020318363
04-05-2007,687.2000122070312,687.2000122070312,687.2000122070312,687.2000122070312,0,81.73999786376953,15494.0,10647476.989135742,12837565.69705298
07-05-2007,688.0,688.0,688.0,688.0,1,81.68000030517578,15429.0,10615152.0,12798591.753074512
08-05-2007,685.0999755859375,685.0999755859375,685.0999755859375,685.0999755859375,1,81.94000244140625,15450.0,10584794.622802734,12761990.14082799
09-05-2007,680.2999877929688,680.2999877929688,680.2999877929688,680.2999877929688,1,82.0199966430664,15424.0,10492947.01171875,12651250.315551905
10-05-2007,665.0999755859375,651.0,651.0,651.0,0,82.29000091552734,15489.0,10301733.521850586,12420705.958344087
11-05-2007,670.5999755859375,670.5999755859375,670.5999755859375,670.5999755859375,0,82.12000274658203,15493.0,10389605.42175293,12526652.304983035
14-05-2007,668.5,668.5,668.5,668.5,0,82.06999969482422,15430.0,10314955.0,12436646.973715939
15-05-2007,673.0,673.0,673.0,673.0,0,81.75,15430.0,10384390.0,12520364.11863998
16-05-2007,660.2000122070312,660.2000122070312,660.2000122070312,660.2000122070312,0,82.16000366210938,15504.0,10235740.989257812,12341139.364911757
17-05-2007,656.2000122070312,656.2000122070312,656.2000122070312,656.2000122070312,0,82.31999969482422,16030.0,10518886.195678711,12682524.952590682
18-05-2007,661.0,661.0,661.0,661.0,0,82.19999694824219,15433.0,10201213.0,12299509.283819629
21-05-2007,662.9000244140625,660.7000122070312,661.4000244140625,660.0,6,82.36000061035156,15414.0,10217940.97631836,12319678.051987411
22-05-2007,659.0999755859375,659.0999755859375,659.0999755859375,659.0999755859375,6,82.38999938964844,15418.0,10162003.423583984,12252234.655876517
23-05-2007,661.9000244140625,661.9000244140625,661.9000244140625,661.9000244140625,6,82.30999755859375,15439.0,10219074.476928711,12321044.703314096
24-05-2007,653.0,654.0,656.0,654.0,5,82.41000366210938,15783.0,10306299.0,12426210.513624307
25-05-2007,655.0999755859375,655.9000244140625,655.9000244140625,655.7000122070312,5,82.33000183105469,15794.0,10346649.014404297,12474860.157227268
29-05-2007,657.0999755859375,657.0999755859375,657.0999755859375,657.0999755859375,100718,82.30999755859375,15818.0,10394007.41381836,12531959.746585917
30-05-2007,653.0999755859375,655.7000122070312,658.4000244140625,651.5,49921,82.43000030517578,15786.0,10309836.21459961,12430475.300939968
31-05-2007,661.0,652.5,662.0,652.5,8065,82.30000305175781,15782.0,10431902.0,12577648.902821315
01-06-2007,671.2000122070312,661.5,672.0,660.7999877929688,1496,82.31999969482422,15785.0,10594892.192687988,12774164.688555568
04-06-2007,670.7000122070312,671.2000122070312,673.7000122070312,668.9000244140625,612,82.05999755859375,15769.0,10576268.492492676,12751710.263434622
05-06-2007,669.5999755859375,672.0999755859375,674.0,669.2999877929688,242,81.88999938964844,15794.0,10575662.014404297,12750979.038346149
06-06-2007,669.2999877929688,670.4000244140625,670.9000244140625,665.4000244140625,489,81.9000015258789,15824.0,10591003.006835938,12769475.532717552
07-06-2007,660.0999755859375,671.4000244140625,671.4000244140625,658.2999877929688,282,82.29000091552734,15858.0,10467865.412841797,12621009.661010124
08-06-2007,645.5,658.5,659.5999755859375,645.2000122070312,261,82.69000244140625,15959.0,10301534.5,12420465.999517724
11-06-2007,654.2999877929688,649.2000122070312,654.4000244140625,649.2000122070312,91,82.70999908447266,15787.0,10329433.907287598,12454104.059907882
12-06-2007,648.5,653.7999877929688,653.7999877929688,646.9000244140625,61,82.88999938964844,15855.0,10281967.5,12396874.246443212
13-06-2007,648.2000122070312,646.5999755859375,651.5,644.2999877929688,82,83.04000091552734,15871.0,10287582.393737793,12403644.072507586
14-06-2007,651.5999755859375,652.5999755859375,652.7999877929688,650.0,15,83.12999725341797,15816.0,10305705.213867188,12425494.591110667
15-06-2007,654.5,651.0,655.2000122070312,650.7000122070312,28,82.8499984741211,15812.0,10348954.0,12477639.25729443
18-06-2007,655.7999877929688,657.9000244140625,658.2000122070312,655.7000122070312,57,82.70999908447266,15836.0,10385248.606689453,12521399.33287853
19-06-2007,660.7000122070312,656.2000122070312,660.2000122070312,653.0,36,82.54000091552734,15807.0,10443685.092956543,12591855.670311723
20-06-2007,656.0999755859375,660.7999877929688,660.7999877929688,658.0,8,82.5199966430664,15859.0,10405089.512817383,12545321.332068222
21-06-2007,650.5999755859375,648.5999755859375,648.5999755859375,648.5999755859375,6,82.7300033569336,15873.0,10326973.412475586,12451137.463799838
22-06-2007,653.5,649.9000244140625,649.9000244140625,649.9000244140625,3,82.33999633789062,15816.0,10335756.0,12461726.549312755
25-06-2007,651.2999877929688,650.0,650.5,650.0,21,82.31999969482422,15838.0,10315289.206665039,12437049.923637616
26-06-2007,642.0999755859375,647.5999755859375,647.5999755859375,640.0,60,82.29000091552734,15832.0,10165726.813476562,12256723.91304143
27-06-2007,641.7000122070312,640.4000244140625,643.5,640.4000244140625,43,82.31999969482422,15848.0,10169661.793457031,12261468.282441562
28-06-2007,647.5,643.9000244140625,648.4000244140625,643.9000244140625,89,82.33000183105469,15835.0,10253162.5,12362144.321196046
29-06-2007,648.0999755859375,647.5,649.2000122070312,647.5,45,81.91999816894531,15865.0,10282106.112670898,12397041.370473715
02-07-2007,656.5,656.7999877929688,656.7999877929688,656.7999877929688,1,81.38999938964844,15840.0,10398960.0,12537931.034482758
03-07-2007,652.9000244140625,655.7000122070312,655.7000122070312,655.7000122070312,1,81.43000030517578,15838.0,10340630.586669922,12467603.793911166
05-07-2007,648.4000244140625,648.4000244140625,648.4000244140625,648.4000244140625,18,81.54000091552734,15900.0,10309560.388183594,12430142.739550993
06-07-2007,652.7000122070312,652.7000122070312,652.7000122070312,652.7000122070312,18,81.45999908447266,15898.0,10376624.794067383,12511001.680814302
09-07-2007,660.5,660.5,660.5,660.5,0,81.43000030517578,15850.0,10468925.0,12622287.195563057
10-07-2007,662.5,662.5,662.5,662.5,0,80.86000061035156,16130.0,10686125.0,12884163.25054256
11-07-2007,660.2999877929688,660.2999877929688,660.2999877929688,660.2999877929688,6,80.7300033569336,15846.0,10463113.606567383,12615280.45161247
12-07-2007,666.7000122070312,665.0,665.0,665.0,2,80.63999938964844,15864.0,10576528.993652344,12752024.347302077
13-07-2007,665.7999877929688,666.7000122070312,666.7000122070312,666.7000122070312,8,80.58000183105469,15855.0,10556258.80645752,12727584.76785329
16-07-2007,665.0,667.0999755859375,667.0999755859375,667.0999755859375,1,80.5199966430664,15869.0,10552885.0,12723517.000241138
17-07-2007,664.7000122070312,664.7000122070312,664.7000122070312,664.7000122070312,0,80.54000091552734,15864.0,10544800.993652344,12713770.187668609
18-07-2007,672.5999755859375,672.5999755859375,672.5999755859375,672.5999755859375,0,80.41999816894531,15820.0,10640531.613769531,12829191.721448675
19-07-2007,677.2000122070312,677.2000122070312,677.2000122070312,677.2000122070312,0,80.41999816894531,15870.0,10747164.193725586,12957757.648571962
20-07-2007,683.9000244140625,683.9000244140625,683.9000244140625,683.9000244140625,0,80.29000091552734,15870.0,10853493.387451172,13085957.785689862
23-07-2007,680.7999877929688,680.7999877929688,680.7999877929688,680.7999877929688,0,80.3499984741211,15852.0,10792041.40649414,13011865.693868026
24-07-2007,684.2000122070312,684.2000122070312,684.2000122070312,684.2000122070312,0,80.08000183105469,15840.0,10837728.193359375,13066949.835253647
25-07-2007,673.2999877929688,673.2999877929688,673.2999877929688,673.2999877929688,0,80.6500015258789,15859.0,10677864.506408691,12874203.6489133
26-07-2007,662.5,662.5,662.5,662.5,0,80.44999694824219,15866.0,10511225.0,12673287.918977574
27-07-2007,660.0,660.0,660.0,660.0,95749,80.94999694824219,15853.0,10462980.0,12615119.363395225
30-07-2007,664.0999755859375,659.9000244140625,665.2000122070312,659.2999877929688,36526,80.8499984741211,15855.0,10529305.112915039,12695086.945882613
31-07-2007,666.9000244140625,665.0,668.2999877929688,662.5999755859375,5769,80.7699966430664,15873.0,10585704.087524414,12763086.674131196
01-08-2007,663.5999755859375,663.2000122070312,666.2999877929688,658.5,2026,80.87000274658203,15893.0,10546594.411987305,12715932.495764775
02-08-2007,664.5999755859375,666.7000122070312,666.7000122070312,662.7999877929688,1062,80.70999908447266,15853.0,10535903.412963867,12703042.455948718
03-08-2007,672.5,665.7999877929688,674.4000244140625,665.7000122070312,575,80.18000030517578,15821.0,10639622.5,12828095.611285266
06-08-2007,671.5,672.0999755859375,672.0999755859375,668.7999877929688,212,80.25,15870.0,10656705.0,12848691.825415963
07-08-2007,670.5999755859375,670.0,670.0,666.5,313,80.4800033569336,15936.0,10686681.2109375,12884833.868986616
08-08-2007,674.5,674.7000122070312,676.2000122070312,674.0,136,80.33999633789062,15924.0,10740738.0,12950009.645526886
09-08-2007,661.4000244140625,667.7999877929688,667.7999877929688,661.4000244140625,377,80.73999786376953,15955.0,10552637.389526367,12723218.458556024
10-08-2007,670.2999877929688,659.5,673.4000244140625,659.5,1101,80.68000030517578,15976.0,10708712.604980469,12911396.919436302
13-08-2007,669.7000122070312,669.9000244140625,671.0,668.5999755859375,52,81.05000305175781,15963.0,10690421.29486084,12889343.25399185
14-08-2007,668.5999755859375,665.0,670.5,665.0,106,81.48999786376953,15968.0,10676204.41015625,12872202.086033579
15-08-2007,668.9000244140625,665.0,669.7000122070312,662.5,845,81.81999969482422,15997.0,10700393.690551758,12901366.880337302
16-08-2007,648.2999877929688,665.2000122070312,665.2000122070312,642.9000244140625,130,81.7300033569336,16013.0,10381227.704528809,12516551.367891015
17-08-2007,656.9000244140625,648.4000244140625,657.7000122070312,648.4000244140625,219,81.43000030517578,15905.0,10447994.888305664,12597051.95117635
20-08-2007,656.7000122070312,658.5999755859375,660.0,658.5999755859375,189,81.4000015258789,15966.0,10484872.394897461,12641514.823845504
21-08-2007,656.7000122070312,657.9000244140625,658.4000244140625,657.5,9,81.48999786376953,16001.0,10507856.895324707,12669227.025952142
22-08-2007,659.0999755859375,658.9000244140625,661.0999755859375,658.9000244140625,303,81.25,16002.0,10546917.809326172,12716322.412980674
23-08-2007,658.9000244140625,663.5999755859375,663.7000122070312,663.2000122070312,135,81.13999938964844,15973.0,10524610.08996582,12689426.199621197
24-08-2007,668.0,662.0999755859375,668.7999877929688,662.0999755859375,208,80.66999816894531,15973.0,10669964.0,12864678.080540149
27-08-2007,666.7999877929688,667.9000244140625,668.0,666.0,77,80.73999786376953,15969.0,10648129.005065918,12838351.82670113
28-08-2007,664.4000244140625,665.5,665.9000244140625,664.2000122070312,22,80.76000213623047,16035.0,10653654.391479492,12845013.734602716
29-08-2007,666.2999877929688,667.0,667.7000122070312,667.0,78,80.69999694824219,16059.0,10700111.503967285,12901026.650551343
30-08-2007,665.0,665.5,666.5,665.5,186,80.79000091552734,15922.0,10588130.0,12766011.574632265
31-08-2007,673.0,672.5,672.7999877929688,672.5,186,80.79000091552734,15979.0,10753867.0,12965839.16083916
04-09-2007,682.5,682.5,682.5,682.5,0,80.87999725341797,15970.0,10899525.0,13141457.680250783
05-09-2007,681.7000122070312,678.5999755859375,679.0999755859375,678.5999755859375,80,80.62000274658203,15886.0,10829486.393920898,13057012.772993607
06-09-2007,695.5999755859375,692.2000122070312,692.4000244140625,692.2000122070312,2,80.47000122070312,15913.0,11069082.411499023,13345891.50168679
07-09-2007,700.7999877929688,700.7999877929688,700.7999877929688,700.7999877929688,1,79.95999908447266,15916.0,11153932.60571289,13448194.605392924
10-09-2007,703.2999877929688,704.5,705.0,702.0,43,79.81999969482422,16235.0,11418075.301818848,13766669.040051661
11-09-2007,712.2000122070312,703.5,703.5,702.7999877929688,55,79.69999694824219,16235.0,11562567.198181152,13940881.598964496
12-09-2007,711.9000244140625,713.9000244140625,713.9000244140625,712.5,6,79.36000061035156,15910.0,11326329.388427734,13656051.830754442
13-09-2007,709.5,706.9000244140625,707.4000244140625,706.9000244140625,19,79.51000213623047,15975.0,11334262.5,13665616.71087533
14-09-2007,709.5999755859375,717.2000122070312,717.2000122070312,714.9000244140625,33,79.62000274658203,15965.0,11328763.610229492,13658986.749734135
17-09-2007,715.7999877929688,719.0999755859375,719.0999755859375,719.0999755859375,36,79.72000122070312,15962.0,11425599.405151367,13775740.78267587
18-09-2007,715.7999877929688,715.7999877929688,715.7999877929688,715.7999877929688,104,79.20999908447266,15957.0,11422020.405212402,13771425.61515843
19-09-2007,722.0,724.5999755859375,724.5999755859375,724.5999755859375,12,79.30000305175781,15930.0,11501460.0,13867205.20858452
20-09-2007,732.4000244140625,732.4000244140625,732.4000244140625,732.4000244140625,12,78.58000183105469,15922.0,11661273.188720703,14059890.509670489
21-09-2007,731.4000244140625,731.4000244140625,731.4000244140625,731.4000244140625,6,78.5999984741211,15880.0,11614632.387695312,14003656.122130832
24-09-2007,732.0999755859375,732.0999755859375,732.0999755859375,732.0999755859375,150,78.52999877929688,15901.0,11641121.711791992,14035594.058104644
25-09-2007,731.5999755859375,731.5999755859375,731.5999755859375,731.5999755859375,60,78.30999755859375,15915.0,11643413.611450195,14038357.380576555
26-09-2007,728.2999877929688,728.2999877929688,728.2999877929688,728.2999877929688,12901,78.48999786376953,15816.0,11518792.606933594,13888102.974359289
27-09-2007,732.7000122070312,728.2000122070312,735.5,727.4000244140625,11841,78.33999633789062,15825.0,11594977.69317627,13979958.636576163
28-09-2007,742.7999877929688,733.7000122070312,745.7000122070312,733.7000122070312,2004,77.72000122070312,15805.0,11739953.807067871,14154755.01213874
01-10-2007,747.2000122070312,745.0999755859375,747.4000244140625,741.7999877929688,644,77.9000015258789,15810.0,11813232.192993164,14243106.092347678
02-10-2007,729.7999877929688,746.5,746.5,726.5,319,78.30000305175781,15800.0,11530839.807128906,13902628.173533766
03-10-2007,729.2999877929688,727.5999755859375,732.5,726.7000122070312,61,78.56999969482422,15860.0,11566697.806396484,13945861.835539527
04-10-2007,737.7999877929688,725.0999755859375,736.7999877929688,724.2999877929688,17,78.4800033569336,15861.0,11702245.606384277,14109290.579194933
05-10-2007,741.2999877929688,731.0,741.7000122070312,731.0,6,78.30999755859375,15774.0,11693266.007446289,14098463.958821183
08-10-2007,732.7999877929688,735.2000122070312,737.0,732.4000244140625,88,78.66999816894531,15837.0,11605353.406677246,13992468.539519226
09-10-2007,737.4000244140625,736.0999755859375,736.5,735.5,44,78.52999877929688,15845.0,11684103.38684082,14087416.670895612
10-10-2007,740.4000244140625,740.9000244140625,741.0,740.7000122070312,32,78.37999725341797,15788.0,11689435.585449219,14093845.654026065
11-10-2007,751.2999877929688,747.4000244140625,749.7000122070312,746.0,180,78.08000183105469,15803.0,11872793.707092285,14314918.865556167
12-10-2007,748.7000122070312,750.4000244140625,750.4000244140625,748.7000122070312,371,78.22000122070312,15815.0,11840690.6930542,14276212.554924281
15-10-2007,757.0999755859375,758.0,759.5999755859375,757.9000244140625,344,78.08999633789062,15839.0,11991706.513305664,14458290.949247243
16-10-2007,757.0,762.4000244140625,762.4000244140625,756.0999755859375,151,78.25,15850.0,11998450.0,14466421.509524958
17-10-2007,757.5,760.0,760.0,757.0,45,78.12000274658203,15782.0,11954865.0,14413871.473354232
18-10-2007,764.0999755859375,765.7999877929688,765.7999877929688,765.7999877929688,9,77.58999633789062,15768.0,12048328.415039062,14526559.4586919
19-10-2007,764.0,765.2000122070312,765.2000122070312,762.7000122070312,7,77.41000366210938,15798.0,12069672.0,14552293.224017361
22-10-2007,755.7999877929688,766.7000122070312,766.7000122070312,751.9000244140625,60,78.05999755859375,15839.0,11971116.006652832,14433465.16355538
23-10-2007,759.0,755.7000122070312,756.0,756.0,7,77.58999633789062,15827.0,12012693.0,14483594.164456233
24-10-2007,761.5999755859375,758.2000122070312,758.2000122070312,753.5,55,77.55000305175781,15766.0,12007385.21508789,14477194.616696274
25-10-2007,767.2999877929688,767.9000244140625,767.9000244140625,767.9000244140625,10,77.27999877929688,15783.0,12110295.707336426,14601272.856687274
26-10-2007,783.9000244140625,771.4000244140625,783.4000244140625,771.4000244140625,81,77.02999877929688,15782.0,12371510.185302734,14916216.765496423
29-10-2007,789.0999755859375,793.7999877929688,793.7999877929688,787.2999877929688,9,76.83999633789062,15813.0,12478037.91394043,15044656.274343416
30-10-2007,784.2999877929688,785.5,785.5,780.7000122070312,168,76.7699966430664,15809.0,12398998.507019043,14949359.183770247
31-10-2007,792.0,789.2999877929688,795.4000244140625,789.2999877929688,12,76.4800033569336,15798.0,12512016.0,15085623.342175066
01-11-2007,790.7000122070312,785.2999877929688,791.2999877929688,785.2999877929688,4,76.58999633789062,15801.0,12493850.8928833,15063721.838537859
02-11-2007,805.7000122070312,794.0999755859375,806.5,794.0999755859375,4,76.33999633789062,15798.0,12728448.79284668,15346574.382501421
05-11-2007,808.0999755859375,804.5999755859375,804.5999755859375,804.2000122070312,17,76.43000030517578,15801.0,12768787.714233398,15395210.651354471
06-11-2007,820.7999877929688,821.9000244140625,825.2999877929688,821.9000244140625,4,76.04000091552734,15797.0,12966177.407165527,15633201.600151347
07-11-2007,831.0,830.0,831.2000122070312,830.0,3,75.41000366210938,15857.0,13177167.0,15887589.823969133
08-11-2007,835.2000122070312,829.7999877929688,841.2999877929688,829.7999877929688,8,75.45999908447266,15800.0,13196160.192871094,15910489.743032426
09-11-2007,832.5,835.7000122070312,835.7999877929688,831.7000122070312,7,75.4000015258789,15813.0,13164322.5,15872103.327706775
12-11-2007,805.7999877929688,803.9000244140625,803.9000244140625,798.7000122070312,3,75.9000015258789,15818.0,12746144.20690918,15367909.58151577
13-11-2007,797.2000122070312,804.2999877929688,804.2999877929688,800.0,6,75.87999725341797,15775.0,12575830.192565918,15162563.530945161
14-11-2007,813.0,816.7000122070312,817.0,816.7000122070312,11,75.80999755859375,15830.0,12869790.0,15516988.184229564
15-11-2007,785.9000244140625,794.5,794.5,793.7000122070312,0,76.06999969482422,15807.0,12422721.685913086,14977962.003753418
16-11-2007,785.7000122070312,785.7000122070312,785.7000122070312,785.7000122070312,0,75.83000183105469,15799.0,12413274.492858887,14966571.60942716
19-11-2007,776.7999877929688,777.5999755859375,777.5999755859375,777.5999755859375,1,75.77999877929688,15786.0,12262564.607299805,14784862.077766825
20-11-2007,790.2999877929688,792.9000244140625,802.5,792.9000244140625,5,75.20999908447266,15776.0,12467772.607421875,15032279.488090035
21-11-2007,797.5999755859375,797.5999755859375,797.5999755859375,797.5999755859375,5,75.06999969482422,15746.0,12559009.215576172,15142282.632717835
23-11-2007,824.0,824.0,824.0,824.0,6,75.05000305175781,15773.0,12996952.0,15670306.245478658
26-11-2007,826.0,826.0,826.0,826.0,6,74.86000061035156,16045.0,13253170.0,15979225.946467325
27-11-2007,813.7000122070312,823.2000122070312,824.7999877929688,812.5,32,75.0999984741211,15806.0,12861342.392944336,15506802.981606385
28-11-2007,800.0999755859375,800.0999755859375,800.0999755859375,800.0999755859375,165342,75.08000183105469,15804.0,12644780.014160156,15245695.700699488
29-11-2007,795.2999877929688,804.0,807.7999877929688,791.9000244140625,66669,75.58999633789062,15758.0,12532337.207641602,15110124.43651025
30-11-2007,782.2000122070312,795.0,798.5999755859375,778.4000244140625,7212,76.1500015258789,16037.0,12544141.59576416,15124356.8793877
03-12-2007,788.2999877929688,783.9000244140625,794.5999755859375,777.0,3728,75.93000030517578,16042.0,12645908.404174805,15247056.190227639
04-12-2007,801.2999877929688,794.0,805.0,787.2000122070312,925,75.69000244140625,15761.0,12629289.10760498,15227018.456239427
05-12-2007,797.5,802.2000122070312,803.9000244140625,791.7000122070312,389,76.41000366210938,16035.0,12787912.5,15418269.23076923
06-12-2007,801.2000122070312,794.4000244140625,804.7999877929688,786.5,332,76.37999725341797,16033.0,12845639.795715332,15487870.503635557
07-12-2007,794.4000244140625,800.7000122070312,801.2000122070312,792.0,218,76.29000091552734,15777.0,12533249.185180664,15111223.99949441
10-12-2007,807.7000122070312,799.2999877929688,809.7000122070312,799.2999877929688,274,76.05999755859375,15769.0,12736621.492492676,15356428.13177318
11-12-2007,811.4000244140625,808.0999755859375,812.0,796.0,347,76.22000122070312,15773.0,12798212.585083008,15430687.949219927
12-12-2007,813.5,809.7000122070312,815.9000244140625,809.5999755859375,291,76.13999938964844,15770.0,12828895.0,15467681.45647456
13-12-2007,799.0,810.2999877929688,810.2999877929688,792.7000122070312,200,76.55999755859375,15847.0,12661753.0,15266159.87460815
14-12-2007,793.2999877929688,800.2999877929688,803.5,789.5999755859375,196,77.44000244140625,15827.0,12555558.906799316,15138122.626958422
17-12-2007,794.7999877929688,793.5,794.5,788.4000244140625,115,77.4000015258789,15829.0,12580889.006774902,15168662.89700374
18-12-2007,803.0,793.0,804.7999877929688,793.0,72,77.41000366210938,15753.0,12649659.0,15251578.24933687
19-12-2007,801.0999755859375,799.2000122070312,804.0,799.0999755859375,68,77.58999633789062,15793.0,12651771.914428711,15254125.770953352
20-12-2007,799.2000122070312,799.5,800.0,794.2000122070312,114,77.79000091552734,15775.0,12607380.192565918,15200603.077605398
21-12-2007,811.5999755859375,800.0,812.5,800.0,64,77.72000122070312,15755.0,12786757.615356445,15416876.796909144
24-12-2007,812.7999877929688,811.5,814.0999755859375,809.7999877929688,41,77.56999969482422,16028.0,13027558.204345703,15707207.866343986
26-12-2007,826.0,815.7000122070312,826.9000244140625,815.7000122070312,36,77.1500015258789,16020.0,13232520.0,15954328.430190498
27-12-2007,828.5999755859375,824.7999877929688,832.5,824.7999877929688,160,76.61000061035156,15755.0,13054592.615356445,15739803.00862846
28-12-2007,839.5999755859375,826.5999755859375,840.2000122070312,826.5999755859375,107,76.22000122070312,15736.0,13211945.215820312,15929521.600940814
31-12-2007,834.9000244140625,843.2000122070312,843.2000122070312,843.2000122070312,4,76.69999694824219,15870.0,13249863.387451172,15975239.193936788
02-01-2008,857.0,848.7000122070312,857.7999877929688,846.4000244140625,130,75.97000122070312,15990.0,13703430.0,16522100.313479623
03-01-2008,866.4000244140625,863.0,865.5,856.2999877929688,181,75.88999938964844,15751.0,13646666.784545898,16453661.4233734
04-01-2008,863.0999755859375,861.4000244140625,865.5,860.2000122070312,28,75.79000091552734,15754.0,13597277.01538086,16394112.630070966
07-01-2008,859.5999755859375,860.9000244140625,860.9000244140625,857.4000244140625,4,76.16999816894531,15724.0,13516350.016113281,16296539.686656957
08-01-2008,878.0,861.5999755859375,879.4000244140625,861.5999755859375,21,76.11000061035156,15724.0,13805672.0,16645372.558476007
09-01-2008,879.5,885.0,885.0,876.0,48,76.41999816894531,15766.0,13866197.0,16718346.997829756
10-01-2008,891.7000122070312,882.0,891.4000244140625,881.2000122070312,6,75.93000030517578,15748.0,14042491.792236328,16930904.017646886
11-01-2008,896.0999755859375,889.7999877929688,899.7000122070312,889.7000122070312,183,75.9800033569336,15708.0,14075938.416503906,16971230.306853034
14-01-2008,901.5999755859375,907.2999877929688,907.2999877929688,905.0,89,75.61000061035156,15749.0,14199298.01550293,17119963.847965915
15-01-2008,901.0,887.5999755859375,887.5999755859375,887.5999755859375,101,75.56999969482422,15806.0,14241206.0,17170491.92187123
16-01-2008,880.5999755859375,880.5,885.7999877929688,880.5,102,76.26000213623047,15849.0,13956629.013061523,16827380.049507502
17-01-2008,879.5,888.2000122070312,888.2000122070312,876.7999877929688,11,76.16999816894531,15730.0,13834535.0,16680172.413793104
18-01-2008,880.7999877929688,871.7999877929688,886.7999877929688,871.0,30,76.37999725341797,15975.0,14070779.804992676,16965010.616099197
22-01-2008,889.5999755859375,878.7000122070312,891.0,863.2000122070312,30,76.3499984741211,15779.0,14036998.014770508,16924280.22036473
23-01-2008,882.5,885.0,895.7000122070312,880.0,49,76.4000015258789,15648.0,13809360.0,16649819.14637087
24-01-2008,905.5,890.9000244140625,906.5999755859375,890.9000244140625,6,75.69000244140625,15671.0,14190090.5,17108862.430672776
25-01-2008,910.5,910.5,910.5,910.5,6,75.97000122070312,15747.0,14337643.5,17286765.734265734
28-01-2008,927.0999755859375,916.5999755859375,922.0,914.5,25,75.58000183105469,15722.0,14575865.81616211,17573988.20371607
29-01-2008,925.0999755859375,925.0,925.0,925.0,157692,75.54000091552734,15726.0,14548122.216064453,17540537.99863088
30-01-2008,920.5999755859375,924.4000244140625,936.2999877929688,915.2999877929688,68820,75.02999877929688,15658.0,14414754.41772461,17379737.663039073
31-01-2008,922.7000122070312,928.2000122070312,928.5999755859375,918.2999877929688,4289,75.18000030517578,15720.0,14504844.191894531,17488358.080412988
01-02-2008,908.7000122070312,924.7999877929688,936.2000122070312,903.7000122070312,2152,75.44999694824219,15960.0,14502852.194824219,17485956.347750444
04-02-2008,904.9000244140625,903.7000122070312,912.0,892.5,1493,75.37000274658203,15702.0,14208740.18334961,17131348.183445394
05-02-2008,885.9000244140625,905.0999755859375,905.2000122070312,884.7000122070312,476,76.12000274658203,15723.0,13929006.083862305,16794075.336221732
06-02-2008,900.7000122070312,887.9000244140625,910.0,887.5,430,76.13999938964844,15688.0,14130181.791503906,17036631.048352912
07-02-2008,906.0999755859375,900.5999755859375,909.2999877929688,896.4000244140625,463,76.94000244140625,15835.0,14348093.11340332,17299364.73764567
08-02-2008,918.4000244140625,915.2999877929688,920.0,911.5,339,76.66999816894531,15684.0,14404185.982910156,17366995.39776966
11-02-2008,922.9000244140625,920.7000122070312,926.9000244140625,917.5,181,76.58000183105469,15723.0,14510757.083862305,17495487.200219803
12-02-2008,907.4000244140625,921.0,924.7999877929688,904.2000122070312,278,76.31999969482422,15734.0,14277031.98413086,17213686.98351924
13-02-2008,906.5,903.0,909.4000244140625,897.2000122070312,89,76.4000015258789,15701.0,14232956.5,17160545.57511454
14-02-2008,907.4000244140625,904.0,911.0,904.0,128,76.1500015258789,15709.0,14254346.983520508,17186335.885604665
15-02-2008,902.7999877929688,910.0999755859375,913.5999755859375,898.7000122070312,128,76.0999984741211,15693.0,14167640.208435059,17081794.31930921
19-02-2008,926.5999755859375,904.2999877929688,928.7999877929688,900.5,174,76.0,15697.0,14544839.816772461,17536580.43980282
20-02-2008,934.5999755859375,926.5,945.0,919.5999755859375,73,76.12000274658203,15698.0,14671350.416748047,17689113.113995716
21-02-2008,946.0999755859375,940.0999755859375,953.4000244140625,940.0999755859375,138,75.5999984741211,15625.0,14782812.118530273,17823501.469170813
22-02-2008,944.7000122070312,944.9000244140625,948.5,942.5,79,75.5199966430664,15688.0,14820453.791503906,17868885.690262727
25-02-2008,937.5999755859375,946.5,948.9000244140625,933.0,312,75.52999877929688,15682.0,14703442.817138672,17727806.62784986
26-02-2008,946.0999755859375,931.2999877929688,949.0,931.2999877929688,224,74.76000213623047,15661.0,14816871.717651367,17864566.816555783
27-02-2008,958.2000122070312,960.0,960.0,955.0,215,74.20999908447266,15672.0,15016910.591308594,18105751.858341686
28-02-2008,964.5,957.4000244140625,972.0999755859375,954.4000244140625,238,73.72000122070312,15618.0,15063561.0,18161997.82975645
29-02-2008,972.0999755859375,971.4000244140625,973.0999755859375,963.5,39,73.70999908447266,15673.0,15235722.917358398,18369571.88010417
03-03-2008,981.5,984.2000122070312,986.9000244140625,979.7000122070312,26,73.69999694824219,15654.0,15364401.0,18524717.86833856
04-03-2008,963.9000244140625,982.4000244140625,984.5,963.7999877929688,41,73.66000366210938,15676.0,15110096.782714844,18218105.597678855
05-03-2008,986.2000122070312,965.0,992.7000122070312,963.9000244140625,45,73.4800033569336,15865.0,15646063.19366455,18864315.401090607
06-03-2008,975.0,984.2999877929688,987.7000122070312,973.4000244140625,46,73.0,15657.0,15265575.0,18405564.263322882
07-03-2008,972.2000122070312,982.7999877929688,984.9000244140625,972.4000244140625,96,73.02999877929688,15655.0,15219791.191101074,18350363.143357936
10-03-2008,969.9000244140625,975.5,976.7999877929688,964.7000122070312,92,72.98999786376953,15633.0,15162447.081665039,18281223.874686565
11-03-2008,974.2000122070312,975.7000122070312,976.7000122070312,971.5,12,73.27999877929688,15745.0,15338779.192199707,18493825.88883495
12-03-2008,978.7999877929688,973.5999755859375,979.2999877929688,973.5,6,72.4000015258789,15727.0,15393587.40802002,18559907.653749723
13-03-2008,992.2999877929688,983.7000122070312,998.5,983.7000122070312,10,72.06999969482422,15612.0,15491787.409423828,18678306.497979056
14-03-2008,998.2000122070312,993.9000244140625,1004.5999755859375,993.0,27,71.66000366210938,15603.0,15574914.790466309,18778532.42158947
17-03-2008,1001.4000244140625,1005.0,1014.5999755859375,996.4000244140625,82,71.45999908447266,15800.0,15822120.385742188,19076585.948567864
18-03-2008,1003.2000122070312,1003.5999755859375,1010.0,978.2000122070312,30,71.56999969482422,15614.0,15663964.990600586,18885899.434049416
19-03-2008,944.7000122070312,979.2999877929688,979.2999877929688,938.4000244140625,84,72.13999938964844,15658.0,14792112.791137695,17834715.205133464
20-03-2008,919.5999755859375,939.9000244140625,943.2000122070312,917.7000122070312,34,72.75,15582.0,14329206.819580078,17276593.70578741
24-03-2008,918.2999877929688,915.5,922.0,915.2000122070312,71,72.94999694824219,15675.0,14394352.308654785,17355139.026591253
25-03-2008,934.5999755859375,931.5,933.9000244140625,927.2000122070312,102,72.27999877929688,15551.0,14533964.220336914,17523467.832574047
26-03-2008,949.0,949.5999755859375,949.5999755859375,949.5999755859375,1,71.51000213623047,15575.0,14780675.0,17820924.764890283
27-03-2008,948.7999877929688,947.4000244140625,951.7000122070312,945.7000122070312,145634,71.66000366210938,15841.0,15029940.606628418,18121462.028729707
28-03-2008,930.5999755859375,947.5,951.0999755859375,921.7999877929688,64013,71.68000030517578,15933.0,14827249.411010742,17877079.106596023
31-03-2008,916.2000122070312,931.0,940.0999755859375,912.0,5980,71.80000305175781,15914.0,14580406.994262695,17579463.460649498
01-04-2008,882.9000244140625,915.0,919.7999877929688,871.7999877929688,3204,72.55999755859375,16115.0,14227933.893432617,17154489.864278536
02-04-2008,895.2000122070312,884.0,906.5,881.2000122070312,2367,72.26000213623047,15878.0,14213985.793823242,17137672.7680531
03-04-2008,905.0,901.2000122070312,907.5,889.5999755859375,984,72.22000122070312,15836.0,14331580.0,17279455.02773089
04-04-2008,909.0,904.7000122070312,914.9000244140625,898.7999877929688,279,72.0199966430664,15855.0,14412195.0,17376651.79647938
07-04-2008,922.7000122070312,915.2999877929688,927.2000122070312,912.2999877929688,2086,72.19999694824219,15872.0,14645094.59375,17657456.708162528
08-04-2008,914.0,924.2000122070312,925.2999877929688,909.2999877929688,405,72.2300033569336,15884.0,14517976.0,17504190.98143236
09-04-2008,933.5999755859375,916.0,935.5,904.0999755859375,390,71.83000183105469,15872.0,14818098.8125,17866046.313600194
10-04-2008,928.2999877929688,931.2999877929688,939.2000122070312,922.4000244140625,409,72.12000274658203,15996.0,14849086.604736328,17903408.011497863
11-04-2008,923.5999755859375,919.5999755859375,931.2000122070312,919.5999755859375,141,71.80999755859375,15861.0,14649219.212768555,17662429.72361774
14-04-2008,925.4000244140625,917.0,929.4000244140625,915.5999755859375,153,71.87999725341797,15861.0,14677769.787231445,17696852.890320044
15-04-2008,928.7000122070312,924.2999877929688,936.0,924.2999877929688,168,72.0199966430664,15889.0,14756114.49395752,17791312.387216687
16-04-2008,945.0999755859375,927.2000122070312,948.7000122070312,927.2000122070312,161,71.41000366210938,15895.0,15022364.111938477,18112327.118324663
17-04-2008,939.7999877929688,927.2000122070312,947.9000244140625,938.7000122070312,209,71.68000030517578,15893.0,14936241.205993652,18008489.517716
18-04-2008,912.2000122070312,936.0,936.0,907.2000122070312,145,72.01000213623047,15970.0,14567834.194946289,17564304.55141824
21-04-2008,914.7000122070312,922.5,924.5999755859375,914.0999755859375,449,71.6500015258789,15975.0,14612332.695007324,17617955.986263953
22-04-2008,922.2999877929688,920.5999755859375,922.7999877929688,916.2000122070312,625,71.33000183105469,15848.0,14616610.206542969,17623113.34282972
23-04-2008,906.2000122070312,916.7999877929688,921.5,898.7999877929688,111,71.81999969482422,15965.0,14467483.194885254,17443312.26776616
24-04-2008,886.7999877929688,902.4000244140625,904.7999877929688,885.0999755859375,80,72.54000091552734,15945.0,14140025.805358887,17048499.885892075
25-04-2008,887.2000122070312,878.2000122070312,893.5999755859375,878.0999755859375,77,72.79000091552734,15928.0,14131321.794433594,17038005.539466593
28-04-2008,892.9000244140625,887.0,893.7999877929688,887.0,339,72.79000091552734,15886.0,14184609.787841797,17102254.386112608
29-04-2008,874.2000122070312,890.5999755859375,890.5999755859375,869.5999755859375,136,72.88999938964844,15876.0,13878799.393798828,16733541.588858003
30-04-2008,862.7999877929688,868.7000122070312,875.2000122070312,863.0,88,72.51000213623047,15868.0,13690910.206298828,16507005.312634226
01-05-2008,848.9000244140625,855.0,873.5,849.5999755859375,28,73.27999877929688,16120.0,13684268.393554688,16498997.339709051
02-05-2008,856.0999755859375,853.2999877929688,857.7000122070312,853.2999877929688,6,73.5,15901.0,13612845.711791992,16412883.665049423
05-05-2008,872.2999877929688,861.2000122070312,872.7999877929688,861.2000122070312,35,73.19000244140625,15840.0,13817231.806640625,16659310.111695955
06-05-2008,876.0,872.2999877929688,881.4000244140625,872.2999877929688,47,73.0,15846.0,13881096.0,16736310.585965758
07-05-2008,869.5999755859375,868.0,869.4000244140625,864.7999877929688,43,73.51000213623047,15912.0,13837074.811523438,16683234.641335227
08-05-2008,880.5999755859375,871.0,883.2999877929688,867.0999755859375,71,73.4800033569336,15827.0,13937255.813598633,16804021.959969416
09-05-2008,884.5,883.9000244140625,884.7000122070312,883.9000244140625,25,73.05000305175781,15950.0,14107775.0,17009615.384615384
12-05-2008,883.7000122070312,879.2000122070312,886.5,879.2000122070312,56,72.94999694824219,15950.0,14095015.194702148,16994231.00398137
13-05-2008,868.5,862.9000244140625,870.4000244140625,862.9000244140625,17,73.2699966430664,15891.0,13801333.5,16640141.668676151
14-05-2008,865.4000244140625,862.7999877929688,868.5999755859375,862.7999877929688,41,73.4000015258789,15894.0,13754667.98803711,16583877.487384988
15-05-2008,879.0,865.7999877929688,886.2999877929688,865.7999877929688,121,73.3499984741211,15956.0,14025324.0,16910204.967446346
16-05-2008,899.0,892.0,904.2000122070312,892.0,85,72.83999633789062,15934.0,14324666.0,17271118.88111888
19-05-2008,905.0,905.0,905.0,905.0,2,73.04000091552734,15980.0,14461900.0,17436580.66071859
20-05-2008,919.5,919.5,919.5,919.5,2,72.4000015258789,15968.0,14682576.0,17702647.697130457
21-05-2008,928.0,923.5,924.0,923.2000122070312,3,71.94000244140625,15916.0,14770048.0,17808111.88811189
22-05-2008,917.9000244140625,917.5999755859375,917.5999755859375,917.5999755859375,1,72.27999877929688,15959.0,14648766.489624023,17661883.879459877
23-05-2008,925.5999755859375,916.9000244140625,925.5999755859375,916.0,1,71.88999938964844,15950.0,14763319.610595703,17799999.5304988
27-05-2008,907.7000122070312,912.0,912.0,906.5,25,72.33999633789062,16044.0,14563138.99584961,17558643.59277744
28-05-2008,900.5,900.5,900.5,900.5,149889,72.55000305175781,16014.0,14420607.0,17386794.068000965
29-05-2008,877.2000122070312,903.0,903.2000122070312,872.0999755859375,64624,73.0199966430664,16010.0,14043972.19543457,16932688.9262534
30-05-2008,887.2999877929688,880.2000122070312,888.5,868.5999755859375,6671,72.87999725341797,16025.0,14218982.304382324,17143697.01517039
02-06-2008,892.9000244140625,887.2999877929688,898.0,881.7999877929688,2132,72.93000030517578,15986.0,14273899.790283203,17209910.52602267
03-06-2008,881.5999755859375,889.7999877929688,896.0999755859375,874.5999755859375,2079,73.23999786376953,16157.0,14244010.805541992,17173873.650279712
04-06-2008,879.9000244140625,879.5,886.0999755859375,876.0,612,73.41999816894531,16050.0,14122395.391845703,17027243.057445988
05-06-2008,871.7999877929688,876.0999755859375,878.7999877929688,865.4000244140625,340,73.04000091552734,15955.0,13909568.805236816,16770639.987022927
06-06-2008,895.4000244140625,878.5,901.0,877.7000122070312,230,72.38999938964844,16005.0,14330877.39074707,17278607.898175873
09-06-2008,894.7000122070312,900.7000122070312,908.9000244140625,890.5,1930,72.8499984741211,16185.0,14480719.6975708,17459271.398083918
10-06-2008,867.9000244140625,886.5999755859375,886.5999755859375,866.0,457,73.69999694824219,16065.0,13942813.892211914,16810723.284557406
11-06-2008,879.7000122070312,869.5,882.0,869.5,146,73.20999908447266,16050.0,14119185.195922852,17023372.553560227
12-06-2008,869.2000122070312,873.5999755859375,873.5999755859375,858.2000122070312,135,73.86000061035156,16325.0,14189690.199279785,17108379.791752815
13-06-2008,870.2999877929688,870.2999877929688,870.2999877929688,860.5,361,74.1500015258789,16050.0,13968314.804077148,16841469.500937
16-06-2008,883.5999755859375,872.5,893.0,871.2999877929688,70,73.61000061035156,16349.0,14445976.000854492,17417381.240480457
17-06-2008,884.2999877929688,883.4000244140625,887.0,876.2999877929688,62,73.51000213623047,16354.0,14461842.000366211,17436510.7310902
18-06-2008,890.9000244140625,888.0,891.9000244140625,885.0999755859375,135,73.44000244140625,16304.0,14525233.998046875,17512941.88334564
19-06-2008,901.7000122070312,888.5999755859375,906.5,888.5999755859375,44,73.4800033569336,16344.0,14737384.999511719,17768730.406934794
20-06-2008,901.2999877929688,903.7999877929688,907.2999877929688,901.0,21,73.02999877929688,16344.0,14730847.000488281,17760847.601263903
23-06-2008,884.7999877929688,903.4000244140625,903.4000244140625,879.2000122070312,54,73.43000030517578,16354.0,14470019.000366211,17446369.665259477
24-06-2008,889.2000122070312,889.5999755859375,891.2000122070312,885.5,64,73.23999786376953,16316.0,14508187.399169922,17492388.954870895
25-06-2008,880.0,883.5999755859375,883.7999877929688,876.4000244140625,97,72.93000030517578,16271.0,14318480.0,17263660.477453582
26-06-2008,913.0999755859375,909.5999755859375,912.5999755859375,909.5999755859375,182,72.48999786376953,16317.0,14899052.301635742,17963651.19560615
27-06-2008,929.2999877929688,913.0999755859375,927.5999755859375,910.7000122070312,167,72.36000061035156,16592.0,15418945.397460938,18590481.549868505
30-06-2008,926.2000122070312,927.7000122070312,933.7000122070312,922.2999877929688,144,72.45999908447266,16355.0,15148001.199645996,18263806.606759097
01-07-2008,942.5,943.5999755859375,945.7999877929688,938.0,32,72.37000274658203,16847.0,15878297.5,19144318.18181818
02-07-2008,944.7999877929688,938.7999877929688,944.7999877929688,933.0999755859375,58,72.02999877929688,16482.0,15572193.398803711,18775251.26453305
03-07-2008,931.9000244140625,944.7999877929688,944.7999877929688,928.0,58,72.73999786376953,16793.0,15649397.109985352,18868335.073529482
07-07-2008,927.2999877929688,931.4000244140625,931.4000244140625,915.4000244140625,141,72.66999816894531,16529.0,15327341.49822998,18480035.5657463
08-07-2008,921.9000244140625,922.7999877929688,922.7999877929688,919.2000122070312,37,73.01000213623047,16523.0,15232554.103393555,18365751.27006698
09-07-2008,927.2999877929688,919.7999877929688,928.2000122070312,919.7999877929688,31,72.58000183105469,16500.0,15300449.798583984,18447612.48925004
10-07-2008,940.9000244140625,928.0999755859375,942.0999755859375,928.0999755859375,18,72.48999786376953,16596.0,15615176.805175781,18827075.964764625
11-07-2008,959.5,948.2000122070312,965.7000122070312,948.2000122070312,58,72.0999984741211,16589.0,15917145.5,19191156.860380996
14-07-2008,972.7000122070312,964.7000122070312,974.5999755859375,955.0,55,71.91999816894531,16542.0,16090403.601928711,19400052.57044696
15-07-2008,977.7000122070312,983.5,986.2000122070312,976.0,12,71.87000274658203,16698.0,16325634.803833008,19683668.680772856
16-07-2008,961.7999877929688,960.0,960.0,960.0,1,72.05999755859375,16702.0,16063983.396118164,19368197.96975906
17-07-2008,970.0,957.2999877929688,976.2000122070312,957.2999877929688,37,72.23999786376953,16568.0,16070960.0,19376609.59729925
18-07-2008,957.2999877929688,956.7999877929688,957.0,956.7999877929688,2,72.19000244140625,16555.0,15848101.297912598,19107910.89692862
21-07-2008,963.0999755859375,964.5,964.5,963.5,2,71.98999786376953,16414.0,15808322.999267578,19059950.56579163
22-07-2008,948.0,973.0,974.9000244140625,973.0,3,72.44999694824219,16350.0,15499800.0,18687967.205208585
23-07-2008,922.4000244140625,935.0,935.0,924.2000122070312,203,72.80999755859375,16642.0,15350581.206298828,18508055.46937404
24-07-2008,922.0,920.9000244140625,926.4000244140625,920.9000244140625,47,72.93000030517578,16300.0,15028600.0,18119845.67156981
25-07-2008,926.5999755859375,928.4000244140625,929.2000122070312,921.2000122070312,35,72.86000061035156,16554.0,15338935.99584961,18494014.945562586
28-07-2008,927.5999755859375,928.7999877929688,931.0999755859375,927.0,28,72.6500015258789,16543.0,15345286.396118164,18501671.565129206
29-07-2008,916.4000244140625,916.2000122070312,917.7000122070312,916.2000122070312,147310,73.30999755859375,16692.0,15296549.207519531,18442909.582251664
30-07-2008,902.9000244140625,917.9000244140625,919.0999755859375,893.2999877929688,93759,73.31999969482422,16535.0,14929451.903686523,18000303.71797266
31-07-2008,913.9000244140625,906.9000244140625,925.5999755859375,906.0999755859375,8550,73.2300033569336,16525.0,15102197.903442383,18208581.99112899
01-08-2008,909.0,904.9000244140625,916.0999755859375,902.0999755859375,1834,73.41999816894531,16506.0,15003954.0,18090130.214612972
04-08-2008,900.0999755859375,912.7000122070312,915.2999877929688,894.4000244140625,2415,73.45999908447266,16534.0,14882252.99633789,17943396.426739678
05-08-2008,878.5999755859375,895.4000244140625,895.4000244140625,873.2999877929688,790,73.87999725341797,16350.0,14365109.600830078,17319881.361020107
06-08-2008,875.5999755859375,880.7000122070312,885.5999755859375,875.0,1330,74.23999786376953,16350.0,14316059.600830078,17260742.224294763
07-08-2008,870.7000122070312,882.2000122070312,883.7999877929688,870.2999877929688,335,74.55000305175781,16480.0,14349136.201171875,17300622.379035298
08-08-2008,857.7999877929688,868.7999877929688,869.5,851.0999755859375,303,75.8499984741211,16353.0,14027603.200378418,16912952.978512682
11-08-2008,821.5,858.2999877929688,863.4000244140625,818.0,286,76.12999725341797,16150.0,13267225.0,15996171.93151676
12-08-2008,808.2000122070312,826.4000244140625,826.4000244140625,803.5999755859375,99,76.1500015258789,16296.0,13170427.398925781,15879463.948548084
13-08-2008,825.0,810.9000244140625,829.0999755859375,810.9000244140625,155,76.20999908447266,16296.0,13444200.0,16209549.071618037
14-08-2008,808.2000122070312,831.4000244140625,831.9000244140625,805.0,67,76.66999816894531,16403.0,13256904.800231934,15983728.960974118
15-08-2008,786.0,796.9000244140625,799.2000122070312,780.9000244140625,134,77.18000030517578,16353.0,12853458.0,15497296.841089943
18-08-2008,799.7000122070312,792.0,801.7000122070312,792.0,22,77.12000274658203,16427.0,13136672.100524902,15838765.493760431
19-08-2008,811.0999755859375,789.5999755859375,814.5,789.5999755859375,48,76.83999633789062,16297.0,13218496.302124023,15937420.185825925
20-08-2008,810.2999877929688,814.9000244140625,814.9000244140625,804.7000122070312,87,76.95999908447266,16329.0,13231388.500671387,15952964.191790916
21-08-2008,833.0,825.7999877929688,835.5999755859375,825.7999877929688,99,76.19999694824219,16207.0,13500431.0,16277346.27441524
22-08-2008,827.4000244140625,832.2999877929688,836.5999755859375,823.0999755859375,21,76.80999755859375,16364.0,13539573.999511719,16324540.631193295
25-08-2008,819.7999877929688,819.7999877929688,819.7999877929688,819.7999877929688,44,76.79000091552734,16396.0,13441440.599853516,16206222.088079955
26-08-2008,822.2000122070312,826.0,826.0,826.0,142,77.25,16291.0,13394460.398864746,16149578.489106277
27-08-2008,828.0999755859375,830.2999877929688,830.2999877929688,825.2999877929688,423,77.05000305175781,16367.0,13553512.300415039,16341345.91320839
28-08-2008,830.9000244140625,828.0,842.5999755859375,824.5,503,77.1500015258789,16379.0,13609311.49987793,16408622.498044284
29-08-2008,829.2999877929688,831.7000122070312,833.0,831.7000122070312,116,77.37999725341797,16315.0,13530029.300842285,16313032.675237864
02-09-2008,805.0,829.9000244140625,840.7000122070312,790.7999877929688,185,78.05999755859375,16253.0,13083665.0,15774855.317096695
03-09-2008,802.7000122070312,805.5999755859375,805.5999755859375,791.5999755859375,28,78.08999633789062,16231.0,13028623.898132324,15708492.763602994
04-09-2008,797.9000244140625,801.4000244140625,809.0999755859375,794.9000244140625,76,78.61000061035156,16563.0,13215618.104370117,15933949.969098285
05-09-2008,797.5999755859375,794.7000122070312,809.0,794.0,85,78.93000030517578,16234.0,12948238.00366211,15611572.225297937
08-09-2008,797.5,811.0,813.2000122070312,796.4000244140625,88,79.58999633789062,16445.0,13114887.5,15812500.0
09-09-2008,787.0999755859375,802.0,802.0,780.0,29,79.25,16391.0,12901355.699829102,15555046.660030264
10-09-2008,757.9000244140625,776.5999755859375,781.0,752.7999877929688,56,79.8499984741211,16435.0,12456086.901245117,15018190.138949985
11-09-2008,741.2999877929688,756.5999755859375,756.5999755859375,739.0,25,80.1500015258789,16458.0,12200315.19909668,14709808.53520217
12-09-2008,760.2999877929688,750.5,756.0,750.5,12,78.97000122070312,16228.0,12338148.201904297,14875992.527012656
15-09-2008,783.0999755859375,778.0999755859375,778.5999755859375,764.0,19,78.91000366210938,16313.0,12774709.901733398,15402350.978699539
16-09-2008,776.5,777.7000122070312,777.7000122070312,777.0,2,79.06999969482422,16408.0,12740812.0,15361480.58837714
17-09-2008,846.5999755859375,782.9000244140625,808.0,782.9000244140625,26,78.0999984741211,16301.0,13800426.202026367,16639047.747801263
18-09-2008,892.7000122070312,869.9000244140625,910.9000244140625,836.0,59,78.0199966430664,16611.0,14828639.902770996,17878755.609803468
19-09-2008,860.5999755859375,860.5999755859375,860.5999755859375,860.5999755859375,112,77.68000030517578,16693.0,14365995.392456055,17320949.351888176
22-09-2008,903.9000244140625,888.7999877929688,908.0999755859375,888.7999877929688,20,76.1500015258789,16191.0,14635045.295288086,17645340.36084891
23-09-2008,885.5,892.4000244140625,898.9000244140625,886.0,184,76.47000122070312,16611.0,14709040.5,17734555.70291777
24-09-2008,889.0,879.5,891.2999877929688,879.5,185,76.79000091552734,16374.0,14556486.0,17550622.136484206
25-09-2008,877.7000122070312,891.5,891.5,884.5,92,76.98999786376953,16393.0,14388136.300109863,17347644.441897593
26-09-2008,882.9000244140625,884.2000122070312,890.2000122070312,884.2000122070312,13695,76.94999694824219,16302.0,14393036.197998047,17353552.20400054
29-09-2008,888.2000122070312,871.2999877929688,919.0,866.4000244140625,2943,77.47000122070312,16321.0,14496312.399230957,17478071.375971735
30-09-2008,874.2000122070312,904.7999877929688,912.5,855.0,879,79.44999694824219,16577.0,14491613.602355957,17472406.079522494
01-10-2008,880.7000122070312,878.0,889.0999755859375,869.2000122070312,304,79.45999908447266,16456.0,14492799.400878906,17473835.78596444
02-10-2008,839.0,870.4000244140625,870.4000244140625,829.2999877929688,462,80.44000244140625,16545.0,13881255.0,16736502.290812636
03-10-2008,828.9000244140625,832.5,844.2999877929688,823.0,228,80.30999755859375,16421.0,13611367.30090332,16411101.15855235
06-10-2008,862.7000122070312,828.7999877929688,868.7999877929688,826.0,510,81.68000030517578,16383.0,14133614.299987793,17040769.592461772
07-10-2008,878.4000244140625,862.0999755859375,883.0,858.2000122070312,41,80.97000122070312,16369.0,14378529.999633789,17336062.213206884
08-10-2008,903.0999755859375,879.7000122070312,915.5,877.7000122070312,310,80.91000366210938,16463.0,14867734.898071289,17925892.08834252
09-10-2008,883.0999755859375,902.7000122070312,919.7000122070312,883.0,76,81.16000366210938,16453.0,14529643.89831543,17518258.859796755
10-10-2008,855.4000244140625,925.7000122070312,925.7000122070312,843.0,104,83.0,16469.0,14087583.002075195,16985270.077254876
13-10-2008,838.9000244140625,861.0999755859375,861.0999755859375,830.2999877929688,186,81.87999725341797,16309.0,13681620.498168945,16495804.79644194
14-10-2008,836.2999877929688,848.0999755859375,848.0999755859375,833.5,48,81.36000061035156,16420.0,13732045.799560547,16556602.12148607
15-10-2008,835.5,839.5,848.7000122070312,831.5999755859375,120,82.05000305175781,16599.0,13868464.5,16721080.901856763
16-10-2008,801.5,846.0,846.0,790.0,34,82.45999908447266,16294.0,13059641.0,15745889.799855316
17-10-2008,785.0999755859375,798.0,807.0,773.7999877929688,55,82.41000366210938,16266.0,12770436.20288086,15397198.219050951
20-10-2008,787.5999755859375,803.7999877929688,803.7999877929688,787.5,19,83.0999984741211,16523.0,13013514.396606445,15690275.375701042
21-10-2008,766.0999755859375,793.7000122070312,793.7000122070312,767.7000122070312,83,83.98999786376953,16720.0,12809191.591796875,15443925.237276193
22-10-2008,733.2999877929688,771.7000122070312,771.7000122070312,721.0,244,85.37000274658203,16551.0,12136848.097961426,14633286.831397908
23-10-2008,713.2999877929688,705.0,719.7999877929688,705.0,37,85.36000061035156,16557.0,11810107.897888184,14239339.158292962
24-10-2008,729.0999755859375,715.2999877929688,734.2000122070312,681.0,99,86.44000244140625,16471.0,12009005.697875977,14479148.417984055
27-10-2008,741.7000122070312,742.7999877929688,744.5,712.0,268,86.93000030517578,16525.0,12256592.701721191,14777661.805788752
28-10-2008,739.2999877929688,731.0,748.7999877929688,730.5999755859375,6,87.02999877929688,16614.0,12282729.997192383,14809175.30406605
29-10-2008,752.7999877929688,750.7999877929688,750.7999877929688,750.7999877929688,90,85.06999969482422,16335.0,12296987.800598145,14826365.807328362
30-10-2008,737.2000122070312,760.5,774.0,739.0999755859375,24,84.55999755859375,16838.0,12412973.805541992,14966209.073477203
31-10-2008,716.7999877929688,731.4000244140625,736.0,718.4000244140625,17,85.62999725341797,16617.0,11911065.397155762,14361062.692495493
03-11-2008,725.4000244140625,728.7999877929688,731.5,728.7000122070312,16,86.3499984741211,16812.0,12195425.210449219,14703912.7205802
04-11-2008,756.0,726.0,760.0,726.0,30,84.77999877929688,16555.0,12515580.0,15089920.424403183
05-11-2008,741.2999877929688,757.4000244140625,757.4000244140625,739.0,22,84.61000061035156,16556.0,12272962.59790039,14797398.840005293
06-11-2008,731.2000122070312,743.4000244140625,759.0,731.9000244140625,30,85.88999938964844,16505.0,12068456.20147705,14550827.34684959
07-11-2008,733.2000122070312,731.5,743.0,727.2000122070312,17,85.91000366210938,16734.0,12269369.004272461,14793066.077010442
10-11-2008,745.5999755859375,749.0,753.5999755859375,747.9000244140625,42,85.91000366210938,16854.0,12566341.98852539,15151123.690047493
11-11-2008,732.0,734.2000122070312,735.5999755859375,729.7999877929688,39,87.06999969482422,16946.0,12404472.0,14955958.524234386
12-11-2008,717.7000122070312,730.4000244140625,734.7000122070312,722.5,71,87.47000122070312,16807.0,12062384.105163574,14543506.27581815
13-11-2008,704.9000244140625,714.2999877929688,715.5,707.0,922,86.94000244140625,16775.0,11824697.909545898,14256930.202008558
14-11-2008,742.4000244140625,726.5,747.0999755859375,726.5,9,86.36000061035156,16825.0,12490880.410766602,15060140.355397398
17-11-2008,741.9000244140625,741.9000244140625,741.9000244140625,741.9000244140625,9,86.80999755859375,16684.0,12377860.007324219,14923872.687875835
18-11-2008,732.5999755859375,738.0,744.9000244140625,734.0,13,87.37000274658203,16641.0,12191196.193725586,14698813.833766079
19-11-2008,735.9000244140625,736.0,758.7999877929688,735.0,55,87.30999755859375,16840.0,12392556.411132812,14941592.007635415
20-11-2008,748.5999755859375,740.5,750.0,739.5,62,87.97000122070312,16753.0,12541295.390991211,15120925.236304812
21-11-2008,791.7000122070312,771.2999877929688,784.0999755859375,771.2000122070312,20,88.19000244140625,16740.0,13253058.204345703,15979091.155468656
24-11-2008,819.4000244140625,819.9000244140625,824.0,819.9000244140625,3,86.08000183105469,16543.0,13555334.603881836,16343543.047844026
25-11-2008,818.4000244140625,818.4000244140625,818.4000244140625,818.4000244140625,158862,85.0,16496.0,13500326.802734375,16277220.644724349
26-11-2008,808.5,819.0999755859375,822.0,806.7999877929688,158862,85.66999816894531,16766.0,13555311.0,16343514.588859417
28-11-2008,816.2000122070312,811.0999755859375,819.0,808.2000122070312,6325,86.5199966430664,16782.0,13697468.604858398,16514912.713839399
01-12-2008,774.5999755859375,817.2000122070312,817.2999877929688,766.0,2791,86.72000122070312,16812.0,13022574.789550781,15701199.40866986
02-12-2008,781.2999877929688,765.2999877929688,786.0,759.7000122070312,1393,86.69999694824219,16824.0,13144590.994628906,15848313.232009772
03-12-2008,768.7999877929688,780.0,781.9000244140625,762.9000244140625,439,87.02999877929688,16582.0,12748241.397583008,15370438.145144692
04-12-2008,763.7999877929688,770.0,780.4000244140625,761.7000122070312,606,86.44000244140625,16567.0,12653874.397766113,15256660.715898376
05-12-2008,750.5,764.5,769.5999755859375,740.0,888,87.12000274658203,16613.0,12468056.5,15032621.774776947
08-12-2008,767.4000244140625,755.0,780.2000122070312,754.2000122070312,573,85.55999755859375,16583.0,12725794.604858398,15343374.252300939
09-12-2008,772.4000244140625,775.0,776.5,762.2999877929688,101,85.83999633789062,16641.0,12853508.806274414,15497358.09775068
10-12-2008,807.0999755859375,784.0999755859375,811.0,783.0999755859375,235,85.4800033569336,16582.0,13383331.795166016,16136160.833332548
11-12-2008,824.9000244140625,803.4000244140625,832.0999755859375,801.0,260,83.83000183105469,16564.0,13663644.004394531,16474130.702187764
12-12-2008,818.9000244140625,821.5,827.0,813.7999877929688,182,83.63999938964844,16743.0,13710843.108764648,16531038.230967745
15-12-2008,835.4000244140625,828.0,842.0,824.0,470,82.2699966430664,16700.0,13951180.407714844,16820810.715836562
16-12-2008,841.7000122070312,839.0,859.0,831.5999755859375,73,80.68000030517578,16470.0,13862799.201049805,16714250.302688455
17-12-2008,867.5,854.4000244140625,880.7999877929688,849.2999877929688,122,78.91000366210938,16330.0,14166275.0,17080148.299975887
18-12-2008,859.5999755859375,862.4000244140625,873.0,852.0,242,79.47000122070312,17105.0,14703457.582397461,17727824.430187438
19-12-2008,836.4000244140625,846.5999755859375,852.0999755859375,833.2999877929688,106,81.30000305175781,16798.0,14049847.610107422,16939772.86002824
22-12-2008,846.2000122070312,848.5,851.0,844.0,235,81.08999633789062,16743.0,14167926.804382324,17082139.865423586
23-12-2008,837.2000122070312,848.0,848.0,835.0,176,81.23999786376953,16783.0,14050727.804870605,16940834.102809988
24-12-2008,847.0999755859375,838.9000244140625,848.9000244140625,838.5,19,81.20999908447266,16759.0,14196548.490844727,17116648.7712138
26-12-2008,870.4000244140625,847.0,872.4000244140625,845.7999877929688,88,80.88999938964844,16664.0,14504346.006835938,17487757.42324082
29-12-2008,874.5999755859375,882.9000244140625,882.9000244140625,875.0,426,80.68000030517578,17179.0,15024752.98059082,18115207.3554266
30-12-2008,869.2999877929688,878.0999755859375,878.0999755859375,866.5,139,80.9000015258789,17239.0,14985862.489562988,18068317.445819855
31-12-2008,883.5999755859375,860.0,883.5999755859375,858.4000244140625,35,81.30999755859375,17204.0,15201453.979980469,18328254.135496102
02-01-2009,878.7999877929688,881.5,881.5,868.9000244140625,46,81.83999633789062,17216.0,15129420.58984375,18241404.135331262
05-01-2009,857.2000122070312,882.0,883.5,847.0,35,82.63999938964844,17226.0,14766127.41027832,17803384.868915264
06-01-2009,865.4000244140625,855.0999755859375,867.5999755859375,840.0,113,82.8499984741211,16976.0,14691030.814453125,17712841.589646883
07-01-2009,841.0999755859375,862.0,867.0,837.7000122070312,101,82.27999877929688,17143.0,14418976.881469727,17384828.64898689
08-01-2009,853.9000244140625,837.9000244140625,861.0,837.9000244140625,255,81.54000091552734,17207.0,14693057.720092773,17715285.41125244
09-01-2009,854.2999877929688,855.9000244140625,862.0999755859375,855.9000244140625,123,82.66000366210938,17526.0,14972461.58605957,18052160.098938473
12-01-2009,820.2999877929688,844.4000244140625,844.4000244140625,815.4000244140625,72,83.0199966430664,17268.0,14164940.189208984,17078538.930804178
13-01-2009,820.0999755859375,825.5999755859375,825.5999755859375,815.7000122070312,20,84.2699966430664,17313.0,14198390.877319336,17118870.119748414
14-01-2009,808.2000122070312,825.9000244140625,827.0999755859375,814.0,5,84.41999816894531,17248.0,13939833.810546875,16807130.227329243
15-01-2009,806.7000122070312,805.5999755859375,808.7999877929688,805.5999755859375,16,84.44000244140625,17231.0,13900247.910339355,16759401.869229991
16-01-2009,839.2999877929688,834.0,842.5,834.0,64,84.20999908447266,17174.0,14414137.990356445,17378994.442194894
20-01-2009,854.5999755859375,838.7000122070312,862.7000122070312,824.0,20,86.22000122070312,17309.0,14792270.977416992,17834905.928884726
21-01-2009,849.5999755859375,850.5,852.5999755859375,843.7999877929688,37,85.81999969482422,17052.0,14487378.783691406,17467300.19736123
22-01-2009,858.2000122070312,856.7999877929688,860.9000244140625,846.2000122070312,57,85.5199966430664,17154.0,14721563.009399414,17749653.97805572
23-01-2009,895.2999877929688,875.0,899.0999755859375,875.0,52,85.61000061035156,16938.0,15164591.193237305,18283809.01041392
26-01-2009,908.5,907.2999877929688,911.5999755859375,901.2000122070312,18,84.7300033569336,17176.0,15604396.0,18814077.64649144
27-01-2009,899.2000122070312,902.7999877929688,903.0,895.2000122070312,48,84.43000030517578,17172.0,15441062.60961914,18617148.070435423
28-01-2009,888.0999755859375,886.0999755859375,894.5999755859375,883.7000122070312,137271,84.66999816894531,17332.0,15392548.776855469,18558655.385646816
29-01-2009,905.0999755859375,888.0999755859375,909.7000122070312,874.2000122070312,66607,85.27999877929688,17436.0,15781323.174316406,19027397.123603094
30-01-2009,927.2999877929688,909.7999877929688,930.2999877929688,902.0,10460,86.0,17150.0,15903194.790649414,19174336.617614437
02-02-2009,906.7000122070312,924.2999877929688,928.7999877929688,902.2000122070312,3220,86.06999969482422,17204.0,15598867.010009766,18807411.39379041
03-02-2009,892.0,903.2000122070312,913.2999877929688,889.7999877929688,1451,85.05000305175781,17182.0,15326344.0,18478832.891246684
04-02-2009,901.5999755859375,900.0999755859375,909.2000122070312,897.0,465,85.69999694824219,16997.0,15324494.78503418,18476603.30966262
05-02-2009,913.5999755859375,906.2999877929688,924.4000244140625,904.4000244140625,770,86.05999755859375,17229.0,15740413.979370117,18978073.281131078
06-02-2009,913.9000244140625,914.5,918.5,909.5,334,85.3499984741211,17276.0,15788536.821777344,19036094.552420236
09-02-2009,892.4000244140625,910.0,911.0,891.7999877929688,984,84.79000091552734,17157.0,15310907.21887207,18460220.905319594
10-02-2009,913.7000122070312,898.0,917.5,892.0,252,85.80999755859375,17323.0,15828025.311462402,19083705.463542804
11-02-2009,943.7999877929688,913.7000122070312,947.2000122070312,912.2000122070312,892,85.77999877929688,17174.0,16208820.990356445,19542827.333441578
12-02-2009,948.5,938.7999877929688,952.7999877929688,936.4000244140625,335,86.55000305175781,16755.0,15892117.5,19160980.829515312
13-02-2009,941.5,947.2999877929688,947.2999877929688,934.2000122070312,137,86.04000091552734,17101.0,16100591.5,19412336.026042923
17-02-2009,967.0,939.5,973.7999877929688,937.2999877929688,1639,87.58000183105469,17276.0,16705892.0,20142141.306968894
18-02-2009,977.7000122070312,968.4000244140625,988.0,962.2000122070312,422,88.01000213623047,17215.0,16831105.710144043,20293110.33294435
19-02-2009,976.0999755859375,982.7000122070312,986.2000122070312,972.0,202,87.44000244140625,17206.0,16794776.17993164,20249308.150387798
20-02-2009,1001.7999877929688,974.0,1004.9000244140625,971.5999755859375,219,86.48999786376953,16875.0,16905374.794006348,20382655.888601817
23-02-2009,994.5999755859375,995.5999755859375,996.5,980.0,215,87.23999786376953,17165.0,17072308.580932617,20583926.429868117
24-02-2009,969.0999755859375,988.0,991.5999755859375,963.2000122070312,243,86.88999938964844,17326.0,16790626.177001953,20244304.529782917
25-02-2009,965.7000122070312,963.2999877929688,977.5,953.0999755859375,1019,87.91000366210938,17084.0,16498019.008544922,19891510.740951195
26-02-2009,941.7999877929688,953.0,956.0,933.0,687,87.7300033569336,17224.0,16221562.989746094,19558190.245654803
27-02-2009,941.5,943.4000244140625,963.2000122070312,928.0999755859375,730,88.01000213623047,16875.0,15887812.5,19155790.330359295
02-03-2009,939.0,945.0,963.2000122070312,924.5,474,88.94000244140625,17183.0,16134837.0,19453625.512418617
03-03-2009,912.9000244140625,927.0,931.7999877929688,906.4000244140625,362,88.91000366210938,16755.0,15295639.909057617,18441813.249406338
04-03-2009,906.0,914.9000244140625,923.2000122070312,900.0999755859375,155,88.58000183105469,16750.0,15175500.0,18296961.659030624
05-03-2009,927.0,912.0,932.5999755859375,908.9000244140625,141,89.11000061035156,17169.0,15915663.0,19189369.42367977
06-03-2009,942.0999755859375,933.5,944.5,931.7999877929688,308,88.51000213623047,17157.0,16163609.28112793,19488315.98882075
09-03-2009,917.7000122070312,940.5,940.5,914.5,838,89.01000213623047,17156.0,15744061.409423828,18982470.954212476
10-03-2009,895.5999755859375,921.5999755859375,921.7999877929688,892.0999755859375,120,88.93000030517578,17091.0,15306699.182739258,18455147.31461208
11-03-2009,910.4000244140625,894.7000122070312,912.4000244140625,894.0999755859375,221,87.87000274658203,17161.0,15623374.818969727,18836960.235073216
12-03-2009,923.7000122070312,909.2000122070312,927.5,908.0,118,87.66000366210938,16725.0,15448882.704162598,18626576.686957557
13-03-2009,929.7999877929688,924.4000244140625,937.0,924.4000244140625,69,87.43000030517578,16725.0,15550904.795837402,18749583.790496025
16-03-2009,921.5999755859375,926.4000244140625,929.5999755859375,916.7000122070312,139,86.94999694824219,17256.0,15903129.178710938,19174257.50989985
17-03-2009,916.4000244140625,923.2000122070312,924.4000244140625,912.4000244140625,48,86.93000030517578,16750.0,15349700.408935547,18506993.50004286
18-03-2009,888.7000122070312,915.4000244140625,944.0,885.0,120,84.5999984741211,16755.0,14890168.704528809,17952940.32376273
19-03-2009,958.2999877929688,938.0,960.7999877929688,933.7999877929688,360,83.12999725341797,16750.0,16051524.795532227,19353176.748893447
20-03-2009,955.7999877929688,960.5999755859375,960.5999755859375,954.0,23,83.83999633789062,17188.0,16428290.190185547,19807439.3419165
23-03-2009,952.0999755859375,950.7000122070312,952.5999755859375,937.9000244140625,30,83.43000030517578,16750.0,15947674.591064453,19227965.50646787
24-03-2009,923.2999877929688,923.2999877929688,923.2999877929688,923.2999877929688,1494,83.86000061035156,16755.0,15469891.295471191,18651906.55349794
25-03-2009,935.4000244140625,921.2000122070312,936.5,920.7999877929688,97,83.80999755859375,17517.0,16385402.227661133,19755729.717459768
26-03-2009,939.5999755859375,939.5999755859375,943.0,937.5999755859375,66,84.16999816894531,17520.0,16461791.572265625,19847831.652116742
27-03-2009,923.0,923.0,923.0,923.0,106869,85.11000061035156,17588.0,16233724.0,19572852.664576802
30-03-2009,915.5,924.5999755859375,932.5,908.5999755859375,58837,85.87000274658203,17471.0,15994700.5,19284664.215095248
31-03-2009,922.5999755859375,918.0,924.5,911.5999755859375,7403,85.43000030517578,17454.0,16103059.973876953,19415312.242436644
01-04-2009,926.0999755859375,918.5999755859375,932.5,916.9000244140625,3659,85.5,17633.0,16329920.869506836,19688836.350984853
02-04-2009,907.4000244140625,926.9000244140625,930.2999877929688,894.9000244140625,3389,84.44999694824219,17482.0,15863167.22680664,19126075.749706585
03-04-2009,895.5999755859375,904.5999755859375,910.2999877929688,891.2999877929688,1616,84.16999816894531,17474.0,15649713.973388672,18868717.112839006
06-04-2009,871.5,895.0,895.0,865.0999755859375,1078,84.56999969482422,16800.0,14641200.0,17652761.032071378
07-04-2009,882.2000122070312,872.2000122070312,884.7000122070312,872.2000122070312,395,85.29000091552734,17715.0,15628173.216247559,18842745.618817892
08-04-2009,884.7999877929688,884.0,889.0999755859375,879.0,119,85.36000061035156,17490.0,15475151.786499023,18658249.07945385
09-04-2009,882.2000122070312,882.4000244140625,886.0999755859375,874.7000122070312,360,85.79000091552734,17485.0,15425267.213439941,18598103.70561845
13-04-2009,894.7000122070312,882.5,899.4000244140625,882.5,418,84.63999938964844,17735.0,15867504.7164917,19131305.421378948
14-04-2009,890.9000244140625,896.0999755859375,897.7999877929688,887.4000244140625,362,84.63999938964844,16825.0,14989392.910766602,18072574.04240005
15-04-2009,892.7999877929688,890.0,895.2999877929688,888.9000244140625,665,85.08000183105469,17473.0,15599894.186706543,18808649.851346206
16-04-2009,879.2999877929688,890.9000244140625,893.4000244140625,872.7999877929688,632,85.2300033569336,17552.0,15433473.385742188,18607997.812565934
17-04-2009,867.4000244140625,874.0,875.7000122070312,865.0,212,85.9800033569336,17474.0,15156948.026611328,18274593.71426492
20-04-2009,887.0,868.7999877929688,889.0,866.0999755859375,655,86.63999938964844,17600.0,15611200.0,18822281.16710875
21-04-2009,882.0999755859375,886.9000244140625,895.0999755859375,880.7000122070312,230,86.58000183105469,16855.0,14867795.088500977,17925964.659393508
22-04-2009,891.7999877929688,883.0999755859375,893.0,883.0,330,86.19000244140625,17491.0,15598473.586486816,18806937.04664434
23-04-2009,905.9000244140625,893.5999755859375,909.0,892.5999755859375,234,85.5199966430664,17371.0,15736389.32409668,18973220.79104977
24-04-2009,913.5999755859375,911.2000122070312,913.5999755859375,906.7000122070312,438,84.70999908447266,17472.0,15962418.7734375,19245742.432405956
27-04-2009,907.4000244140625,918.0,918.0,906.2999877929688,1179,85.69999694824219,17450.0,15834130.42602539,19091066.344375923
28-04-2009,892.7999877929688,899.7000122070312,899.7000122070312,890.0999755859375,308,85.16000366210938,17454.0,15582930.986938477,18788197.476414848
29-04-2009,899.7999877929688,890.0999755859375,902.5,887.7999877929688,809,84.47000122070312,17499.0,15745599.98638916,18984326.002398312
30-04-2009,890.7000122070312,898.2000122070312,898.9000244140625,881.2999877929688,212,84.61000061035156,17487.0,15575671.113464355,18779444.313316077
01-05-2009,887.5999755859375,884.0,889.2000122070312,881.5,506,84.55000305175781,17514.0,15545425.97241211,18742978.023163863
04-05-2009,901.5999755859375,885.7999877929688,907.5,885.7999877929688,83,83.97000122070312,17477.0,15757262.77331543,18998387.71800751
05-05-2009,903.7000122070312,903.5,912.2999877929688,902.0,69,84.16000366210938,17460.0,15778602.213134766,19024116.485573627
06-05-2009,910.5,901.2999877929688,911.0999755859375,901.2999877929688,30,83.80000305175781,17486.0,15921003.0,19195807.81287678
07-05-2009,915.0,922.4000244140625,924.0,910.4000244140625,64,83.94000244140625,17476.0,15990540.0,19279647.938268628
08-05-2009,914.4000244140625,910.0999755859375,915.2999877929688,910.0999755859375,156,82.52999877929688,16855.0,15412212.411499023,18582363.650227904
11-05-2009,913.0,913.0999755859375,914.4000244140625,913.0999755859375,2,82.68000030517578,16880.0,15411440.0,18581432.360742707
12-05-2009,923.5,918.5,923.5,916.0999755859375,24,82.30999755859375,16885.0,15593297.5,18800696.28647215
13-05-2009,925.5,922.0,929.7000122070312,921.2000122070312,71,82.5,17551.0,16243450.5,19584579.81673499
14-05-2009,928.0,922.5999755859375,922.5999755859375,922.5999755859375,1,82.27999877929688,16880.0,15664640.0,18886713.286713287
15-05-2009,930.9000244140625,925.2000122070312,931.5999755859375,925.2000122070312,45,83.0199966430664,16855.0,15690319.911499023,18917675.321315438
18-05-2009,921.2999877929688,929.5999755859375,932.9000244140625,918.7000122070312,71,82.66999816894531,17486.0,16109851.586547852,19423500.82776447
19-05-2009,926.2999877929688,926.2999877929688,926.2999877929688,926.2999877929688,71,81.9800033569336,16850.0,15608154.794311523,18818609.59044071
20-05-2009,937.0,933.0,940.5,931.0,67,80.98999786376953,17501.0,16398437.0,19771445.623342175
21-05-2009,950.7999877929688,939.0999755859375,943.9000244140625,937.4000244140625,71,80.55999755859375,16855.0,16025733.794250488,19322080.774355542
22-05-2009,958.5,956.9000244140625,958.7000122070312,956.9000244140625,12,79.95999908447266,17510.0,16783335.0,20235513.624306727
26-05-2009,953.0999755859375,953.0,953.5,944.0,20,80.12999725341797,16850.0,16059734.588623047,19363075.221392628
27-05-2009,953.2000122070312,947.2000122070312,956.0,947.2000122070312,151332,80.33000183105469,16855.0,16066186.205749512,19370853.877199795
28-05-2009,961.5,948.5999755859375,964.9000244140625,944.0,74257,80.43000030517578,16850.0,16201275.0,19533729.20183265
29-05-2009,978.7999877929688,959.2000122070312,980.4000244140625,959.0,7607,80.43000030517578,17462.0,17091805.38684082,20607433.550567664
01-06-2009,978.5999755859375,978.7999877929688,988.0999755859375,973.0,2883,79.16999816894531,16855.0,16494302.588500977,19887029.88726908
02-06-2009,983.2000122070312,974.7000122070312,986.5,969.7999877929688,2345,78.4000015258789,16850.0,16566920.205688477,19974584.28464972
03-06-2009,964.5,981.7000122070312,990.2999877929688,961.0,1187,79.5,17487.0,16866211.5,20335437.062937062
04-06-2009,981.2000122070312,963.5999755859375,982.0,960.9000244140625,600,79.41000366210938,17524.0,17194549.013916016,20731310.60274417
05-06-2009,961.7000122070312,981.4000244140625,983.0,954.0,714,80.66999816894531,16850.0,16204645.205688477,19537792.628030475
08-06-2009,951.7000122070312,958.0,960.0999755859375,944.4000244140625,580,80.91000366210938,16850.0,16036145.205688477,19334633.717975013
09-06-2009,954.0,953.5,963.7000122070312,948.4000244140625,684,79.79000091552734,16855.0,16079670.0,19387111.16469737
10-06-2009,954.0,956.0,966.0,949.2000122070312,698,80.33000183105469,16855.0,16079670.0,19387111.16469737
11-06-2009,961.2999877929688,954.2999877929688,961.9000244140625,943.0999755859375,583,79.41000366210938,17518.0,16840053.186157227,20303898.223001238
12-06-2009,940.0999755859375,955.9000244140625,956.5,935.7999877929688,166,80.13999938964844,16850.0,15840684.588623047,19098968.638320528
15-06-2009,926.9000244140625,938.5,938.5,926.9000244140625,258,81.13999938964844,16855.0,15622899.911499023,18836387.643476035
16-06-2009,931.5999755859375,930.9000244140625,938.5999755859375,930.9000244140625,149,80.70999908447266,16850.0,15697459.588623047,18926283.564773384
17-06-2009,935.4000244140625,931.5,937.7999877929688,930.4000244140625,29,80.16999816894531,16855.0,15766167.411499023,19009123.958884764
18-06-2009,934.0,942.0,942.0,931.0,91,80.61000061035156,16850.0,15737900.0,18975042.19918013
19-06-2009,935.5999755859375,932.0,936.5,932.0,73,80.26000213623047,17504.0,16376741.97265625,19745288.127147637
22-06-2009,920.5999755859375,925.0,926.2000122070312,919.0,134,80.77999877929688,16855.0,15516712.588500977,18708358.55859775
23-06-2009,923.9000244140625,921.9000244140625,926.5,917.2999877929688,181,79.83999633789062,16850.0,15567715.411376953,18769852.196017545
24-06-2009,934.0999755859375,925.4000244140625,942.7000122070312,922.9000244140625,588,80.55999755859375,16850.0,15739584.588623047,18977073.292287253
25-06-2009,939.0999755859375,932.2999877929688,939.0999755859375,932.2999877929688,72,80.4000015258789,17511.0,16444579.672485352,19827079.42185357
26-06-2009,940.7000122070312,945.2999877929688,946.0,939.5999755859375,185,79.87999725341797,16855.0,15855498.705749512,19116829.883951664
29-06-2009,940.4000244140625,940.2000122070312,942.5,934.7999877929688,445,79.83999633789062,17488.0,16445715.626953125,19828449.03177372
30-06-2009,927.0999755859375,941.4000244140625,943.9000244140625,925.2999877929688,128,80.12999725341797,16850.0,15621634.588623047,18834862.055248428
01-07-2009,941.0,929.2999877929688,944.2000122070312,928.0,88,79.62999725341797,17516.0,16482556.0,19872867.13286713
02-07-2009,930.7000122070312,941.4000244140625,941.5,926.5999755859375,67,80.1500015258789,17513.0,16299349.313781738,19651976.505644727
06-07-2009,924.0,933.5,933.5,920.2000122070312,108,80.44999694824219,17512.0,16181088.0,19509389.9204244
07-07-2009,928.7999877929688,924.2000122070312,931.7000122070312,921.2000122070312,57,80.62000274658203,17522.0,16274433.386108398,19621935.59935905
08-07-2009,909.0,919.5999755859375,919.5999755859375,905.5999755859375,41,80.7699966430664,17520.0,15925680.0,19201446.829033036
09-07-2009,915.9000244140625,907.2000122070312,917.4000244140625,907.2000122070312,74,79.86000061035156,17515.0,16041988.927612305,19341679.440092
10-07-2009,912.2000122070312,910.7000122070312,913.5,908.5,40,80.2300033569336,17512.0,15974446.613769531,19260244.28957021
13-07-2009,922.2000122070312,911.5,922.2000122070312,908.4000244140625,30,80.12999725341797,17485.0,16124667.213439941,19441363.89370622
14-07-2009,922.5,920.2000122070312,926.2000122070312,920.2000122070312,64,80.18000030517578,17502.0,16145595.0,19466596.334699783
15-07-2009,939.0999755859375,928.9000244140625,941.0,928.2999877929688,67,79.31999969482422,17523.0,16455848.872192383,19840666.59294958
16-07-2009,935.0999755859375,938.4000244140625,938.4000244140625,934.7999877929688,63,79.22000122070312,17478.0,16343677.373291016,19705422.44187487
17-07-2009,937.2000122070312,936.9000244140625,937.7999877929688,931.7999877929688,34,79.3499984741211,17515.0,16415058.213806152,19791485.668924708
20-07-2009,948.5,954.0999755859375,954.5,950.9000244140625,5,78.91000366210938,17524.0,16621514.0,20040407.52351097
21-07-2009,946.5999755859375,948.5999755859375,948.5999755859375,945.7999877929688,15,78.93000030517578,16850.0,15950209.588623047,19231021.92985658
22-07-2009,953.0,949.2000122070312,953.0,946.4000244140625,71,78.70999908447266,16855.0,16062815.0,19366789.24523752
23-07-2009,954.5,954.2000122070312,954.2000122070312,949.7999877929688,47,78.80000305175781,16855.0,16088097.5,19397272.124427296
24-07-2009,952.7999877929688,950.2999877929688,952.7999877929688,950.2999877929688,77,78.75,17529.0,16701630.98602295,20137003.84135875
27-07-2009,953.2999877929688,955.0999755859375,957.0999755859375,953.2999877929688,5,78.62999725341797,16850.0,16063104.794311523,19367138.647590455
28-07-2009,939.0,949.5,949.5,937.5,10,78.8499984741211,16850.0,15822150.0,19076621.65420786
29-07-2009,927.2000122070312,927.2000122070312,927.2000122070312,927.2000122070312,129090,79.62999725341797,16855.0,15627956.205749512,18842483.971243683
30-07-2009,934.9000244140625,929.2000122070312,937.0,928.4000244140625,36620,79.29000091552734,16850.0,15753065.411376953,18993326.997078553
31-07-2009,953.7000122070312,934.4000244140625,958.0999755859375,932.0,10747,78.3499984741211,16865.0,16084150.705871582,19392513.510816954
03-08-2009,956.5999755859375,952.5999755859375,964.0,952.4000244140625,2602,77.63999938964844,17525.0,16764414.572143555,20212701.437356587
04-08-2009,967.5,956.5999755859375,969.5,950.7999877929688,565,77.7699966430664,16860.0,16312050.0,19667289.606944777
05-08-2009,964.2000122070312,967.5999755859375,968.0999755859375,959.7999877929688,742,77.5199966430664,16850.0,16246770.205688477,19588582.35554434
06-08-2009,960.7000122070312,964.0999755859375,971.0999755859375,956.5,543,78.06999969482422,17534.0,16844914.014038086,20309758.87875342
07-08-2009,957.2999877929688,964.2999877929688,964.2999877929688,954.5999755859375,641,78.97000122070312,16855.0,16135291.294250488,19454173.25084457
10-08-2009,945.0,955.0,956.0999755859375,943.5,395,79.26000213623047,16855.0,15927975.0,19204213.889558718
11-08-2009,945.7999877929688,947.2000122070312,949.7000122070312,943.0999755859375,106,79.18000030517578,16855.0,15941458.794250488,19220471.17705629
12-08-2009,950.7000122070312,947.5,951.5,943.0,102,78.79000091552734,16850.0,16019295.205688477,19314317.826969467
13-08-2009,954.7000122070312,952.5999755859375,960.0999755859375,952.2999877929688,104,78.48999786376953,16855.0,16091468.705749512,19401336.756389573
14-08-2009,947.0,957.4000244140625,957.4000244140625,942.0999755859375,141,78.88999938964844,16850.0,15956950.0,19239148.78225223
17-08-2009,934.2999877929688,947.4000244140625,947.4000244140625,931.5,128,79.29000091552734,16855.0,15747626.294250488,18986769.10326801
18-08-2009,937.7000122070312,938.5999755859375,938.5999755859375,935.5,276,78.94000244140625,17700.0,16597290.216064453,20011201.128604356
19-08-2009,943.2999877929688,941.7999877929688,944.9000244140625,933.4000244140625,194,78.47000122070312,17700.0,16696409.783935547,20130708.68571925
20-08-2009,940.2999877929688,942.9000244140625,945.7000122070312,940.0999755859375,35,78.37999725341797,17735.0,16676220.2835083,20106366.389568724
21-08-2009,953.2000122070312,957.0,957.5999755859375,952.5999755859375,53,78.04000091552734,17730.0,16900236.216430664,20376460.35258098
24-08-2009,942.2999877929688,953.5,957.0,941.2999877929688,198,78.2699966430664,17523.0,16511922.686096191,19908274.27790715
25-08-2009,944.5,946.2999877929688,954.5,943.5,143,78.23999786376953,17534.0,16560863.0,19967281.16710875
26-08-2009,944.2999877929688,947.5,948.2000122070312,940.2999877929688,128,78.66000366210938,17700.0,16714109.783935547,20152049.41395653
27-08-2009,945.5,944.2000122070312,949.4000244140625,942.9000244140625,193,78.01000213623047,17710.0,16744805.0,20189058.355437666
28-08-2009,957.0,949.2999877929688,962.2000122070312,948.0999755859375,182,78.37000274658203,17605.0,16847985.0,20313461.538461536
31-08-2009,951.7000122070312,959.5,959.5,944.7999877929688,21,78.16999816894531,17725.0,16868882.71636963,20338657.724101312
01-09-2009,954.7000122070312,954.2000122070312,956.5,948.7000122070312,17,78.76000213623047,17700.0,16898190.216064453,20373993.508638114
02-09-2009,976.5999755859375,954.0,978.7999877929688,954.0,65,78.37999725341797,17700.0,17285819.567871094,20841354.675513737
03-09-2009,995.7999877929688,978.0999755859375,995.7999877929688,978.0999755859375,55,78.45999908447266,17725.0,17650554.78363037,21281112.591789693
04-09-2009,994.9000244140625,992.5999755859375,995.0,985.5,75,78.13999938964844,17725.0,17634602.932739258,21261879.590956423
08-09-2009,997.9000244140625,993.5,1006.9000244140625,993.2000122070312,90,77.31999969482422,17700.0,17662830.432128906,21295913.228995547
09-09-2009,995.2999877929688,1002.0,1002.7999877929688,988.7999877929688,84,77.08999633789062,17725.0,17641692.28363037,21270427.15653529
10-09-2009,995.4000244140625,996.2000122070312,997.2000122070312,987.2999877929688,51,76.81999969482422,17506.0,17425472.827392578,21009733.33420856
11-09-2009,1004.9000244140625,999.7000122070312,1011.9000244140625,999.7000122070312,198,76.61000061035156,17700.0,17786730.432128906,21445298.326656505
14-09-2009,999.9000244140625,1002.9000244140625,1003.7999877929688,998.5,91,76.69999694824219,17700.0,17698230.432128906,21338594.685470104
15-09-2009,1005.0,998.0,1008.0,994.9000244140625,118,76.54000091552734,17502.0,17589510.0,21207511.454063177
16-09-2009,1018.9000244140625,1014.7000122070312,1019.7999877929688,1014.7000122070312,92,76.23999786376953,17800.0,18136420.434570312,21866916.366735365
17-09-2009,1012.2999877929688,1017.2000122070312,1019.5,1011.5999755859375,48,76.19000244140625,17543.0,17758778.68585205,21411597.161625333
18-09-2009,1009.2000122070312,1013.9000244140625,1017.5999755859375,1009.2000122070312,26,76.43000030517578,17558.0,17719533.814331055,21364279.978696715
21-09-2009,1003.7000122070312,1003.7000122070312,1003.7000122070312,998.0,26,76.77999877929688,17534.0,17598876.014038086,21218803.971591614
22-09-2009,1014.2000122070312,1011.5,1019.4000244140625,1011.5,67,76.12000274658203,17730.0,17981766.216430664,21680451.189330436
23-09-2009,1013.0,1014.4000244140625,1015.2000122070312,1008.2000122070312,212,76.05000305175781,17700.0,17930100.0,21618157.7043646
24-09-2009,997.5,1015.0,1015.0,993.9000244140625,123,76.9000015258789,17701.0,17656747.5,21288579.09332047
25-09-2009,990.2000122070312,997.2999877929688,997.4000244140625,986.7000122070312,70,76.80999755859375,17578.0,17405735.814575195,20985936.598233897
28-09-2009,992.5,993.2000122070312,993.2000122070312,991.4000244140625,6999,77.05000305175781,17578.0,17446165.0,21034681.697612733
29-09-2009,993.0999755859375,990.5,995.7000122070312,984.7000122070312,5742,77.12000274658203,17534.0,17413014.971923828,20994713.011723932
30-09-2009,1008.0,992.5,1009.0,992.5,1393,76.6500015258789,17720.0,17861760.0,21535760.790933203
01-10-2009,999.5,1007.4000244140625,1008.7999877929688,998.0,213,77.19000244140625,17576.0,17567212.0,21180626.95924765
02-10-2009,1003.2000122070312,998.7999877929688,1007.2999877929688,986.7999877929688,247,77.0,17500.0,17556000.213623047,21167109.010879006
05-10-2009,1016.7000122070312,1004.0999755859375,1017.5999755859375,1003.0,180,76.63999938964844,17615.0,17909170.715026855,21592923.456748076
06-10-2009,1038.5999755859375,1019.5,1043.800048828125,1018.2999877929688,180,76.33999633789062,17615.0,18294938.56994629,22058040.233839266
07-10-2009,1043.300048828125,1038.300048828125,1048.199951171875,1038.300048828125,180,76.48999786376953,17580.0,18341214.858398438,22113835.131900694
08-10-2009,1055.4000244140625,1045.800048828125,1060.4000244140625,1045.0999755859375,160,75.97000122070312,17800.0,18786120.434570312,22650253.719038233
09-10-2009,1047.800048828125,1049.300048828125,1051.5,1044.0,175,76.43000030517578,17615.0,18456997.860107422,22253433.638904534
12-10-2009,1056.699951171875,1049.0,1058.4000244140625,1049.0,209,76.12999725341797,17581.0,18577841.841552734,22399134.12292348
13-10-2009,1064.199951171875,1064.0,1068.4000244140625,1056.5,183,75.9800033569336,17546.0,18672452.34326172,22513205.140175693
14-10-2009,1063.9000244140625,1064.0,1070.199951171875,1057.5999755859375,140,75.55000305175781,17815.0,18953378.934936523,22851915.76433147
15-10-2009,1049.800048828125,1062.199951171875,1062.199951171875,1048.0,179,75.4800033569336,17800.0,18686440.869140625,22530070.97798484
16-10-2009,1050.699951171875,1051.5,1056.199951171875,1043.699951171875,76,75.5999984741211,17800.0,18702459.130859375,22549384.04974605
19-10-2009,1057.300048828125,1053.5999755859375,1061.199951171875,1049.199951171875,157,75.51000213623047,17805.0,18825227.369384766,22697404.592940398
20-10-2009,1057.800048828125,1065.5,1066.199951171875,1054.0,231,75.56999969482422,17805.0,18834129.869384766,22708138.255829234
21-10-2009,1063.699951171875,1053.699951171875,1064.0,1047.5,35,74.97000122070312,17805.0,18939177.630615234,22834793.381498955
22-10-2009,1057.800048828125,1061.199951171875,1061.199951171875,1051.5,173,75.08999633789062,17805.0,18834129.869384766,22708138.255829234
23-10-2009,1055.5999755859375,1063.800048828125,1065.9000244140625,1050.199951171875,116,75.47000122070312,17815.0,18805513.565063477,22673635.839237373
26-10-2009,1042.0999755859375,1055.5999755859375,1055.5999755859375,1039.9000244140625,76,76.05999755859375,17825.0,18575432.064819336,22396228.6771393
27-10-2009,1034.699951171875,1039.5,1042.0999755859375,1034.699951171875,100,76.13999938964844,17835.0,18453873.62915039,22249666.782192416
28-10-2009,1029.9000244140625,1042.0999755859375,1042.0999755859375,1028.0,307,76.43000030517578,17651.0,18178765.330932617,21917971.2212836
29-10-2009,1046.4000244140625,1035.199951171875,1047.300048828125,1032.4000244140625,234,75.91999816894531,17840.0,18667776.435546875,22507567.440977663
30-10-2009,1039.699951171875,1045.5,1045.800048828125,1035.5999755859375,148,76.30000305175781,17676.0,18377736.336914062,22157868.7447722
02-11-2009,1053.4000244140625,1053.4000244140625,1061.800048828125,1043.5,41,76.29000091552734,17840.0,18792656.435546875,22658134.11568227
03-11-2009,1084.300048828125,1084.300048828125,1087.0,1056.800048828125,196,76.38999938964844,17841.0,19344997.171142578,23324086.292672507
04-11-2009,1086.699951171875,1086.699951171875,1097.4000244140625,1082.199951171875,114,75.63999938964844,17835.0,19381293.62915039,23367848.600374233
05-11-2009,1088.699951171875,1088.699951171875,1092.300048828125,1086.0,63,75.73999786376953,17825.0,19406076.629638672,23397729.237567727
06-11-2009,1095.0999755859375,1095.0999755859375,1100.0,1090.199951171875,102,75.81999969482422,17820.0,19514681.564941406,23528673.215506878
09-11-2009,1100.800048828125,1098.5999755859375,1109.300048828125,1098.5999755859375,102,75.02999877929688,17825.0,19621760.870361328,23657777.755439267
10-11-2009,1101.9000244140625,1100.9000244140625,1108.5999755859375,1098.199951171875,92,75.0199966430664,17825.0,19641367.935180664,23681417.814300295
11-11-2009,1114.0,1114.0,1117.5999755859375,1106.300048828125,104,75.16000366210938,17825.0,19857050.0,23941463.708705086
12-11-2009,1106.0,1106.0,1121.300048828125,1104.300048828125,68,75.5999984741211,17820.0,19708920.0,23762864.72148541
13-11-2009,1116.0999755859375,1116.0999755859375,1118.199951171875,1105.0,56,75.33000183105469,17575.0,19615457.07092285,23650177.32206758
16-11-2009,1138.5999755859375,1138.5999755859375,1140.5,1127.199951171875,64,74.91000366210938,17805.0,20272772.565307617,24442696.60635112
17-11-2009,1138.800048828125,1138.800048828125,1140.4000244140625,1131.300048828125,67,75.37000274658203,17800.0,20270640.869140625,24440126.439764436
18-11-2009,1140.699951171875,1140.699951171875,1149.4000244140625,1136.5,77,75.18000030517578,17825.0,20332976.629638672,24515284.096501894
19-11-2009,1141.4000244140625,1141.4000244140625,1144.800048828125,1135.5,20,75.29000091552734,17800.0,20316920.434570312,24495925.288847737
20-11-2009,1146.4000244140625,1146.4000244140625,1147.9000244140625,1137.300048828125,18,75.66000366210938,17820.0,20428848.435058594,24630875.856111158
23-11-2009,1164.300048828125,1164.300048828125,1163.0,1164.300048828125,3,75.08999633789062,17800.0,20724540.869140625,24987389.521510277
24-11-2009,1165.5,1165.5,1169.800048828125,1167.5,26,75.06999969482422,17805.0,20751727.5,25020168.19387509
25-11-2009,1186.9000244140625,1186.9000244140625,1186.9000244140625,1186.9000244140625,205513,74.2699966430664,17800.0,21126820.434570312,25472414.317060903
27-11-2009,1174.199951171875,1190.800048828125,1195.0,1130.0999755859375,112015,75.0,17800.0,20900759.130859375,25199854.269181788
30-11-2009,1181.0999755859375,1179.9000244140625,1183.699951171875,1163.699951171875,14549,74.87999725341797,18227.0,21527909.255004883,25956003.442253295
01-12-2009,1199.0999755859375,1181.0,1202.699951171875,1176.0,3787,74.36000061035156,18099.0,21702510.458129883,26166518.51715684
02-12-2009,1212.0,1196.4000244140625,1217.300048828125,1196.300048828125,2145,74.66999816894531,18267.0,22139604.0,26693518.205932
03-12-2009,1217.4000244140625,1218.0,1226.4000244140625,1204.5999755859375,1530,74.62999725341797,18425.0,22430595.4498291,27044363.9375803
04-12-2009,1168.800048828125,1207.800048828125,1211.199951171875,1147.0,4288,75.91000366210938,18420.0,21529296.899414062,25957676.51243557
07-12-2009,1163.4000244140625,1157.5999755859375,1165.5,1136.300048828125,3669,75.7699966430664,18200.0,21173880.444335938,25529154.140747454
08-12-2009,1142.800048828125,1159.5,1169.300048828125,1125.300048828125,784,76.30999755859375,18584.0,21237796.107421875,25606216.671596184
09-12-2009,1120.4000244140625,1130.300048828125,1147.0,1116.5,2256,76.04000091552734,18201.0,20392400.84436035,24586931.329105802
10-12-2009,1125.699951171875,1125.699951171875,1134.800048828125,1122.199951171875,344,76.04000091552734,18204.0,20492241.911132812,24707308.790852197
11-12-2009,1119.4000244140625,1132.699951171875,1141.4000244140625,1110.800048828125,912,76.56999969482422,18396.0,20592482.849121094,24828168.37366903
14-12-2009,1123.300048828125,1123.300048828125,1127.5,1114.5,230,76.3499984741211,18200.0,20444060.888671875,24649217.372403998
15-12-2009,1122.4000244140625,1127.9000244140625,1128.5999755859375,1111.9000244140625,242,76.95999908447266,18420.0,20674608.44970703,24927186.459738404
16-12-2009,1135.5,1125.699951171875,1140.0,1122.4000244140625,205,77.0,18085.0,20535517.5,24759485.772847842
17-12-2009,1106.800048828125,1141.5,1141.5,1095.699951171875,422,77.69000244140625,18188.0,20130479.288085938,24271134.902442653
18-12-2009,1110.800048828125,1110.800048828125,1115.199951171875,1097.800048828125,404,77.81999969482422,18193.0,20208785.288330078,24365547.73128777
21-12-2009,1095.4000244140625,1095.4000244140625,1119.199951171875,1090.800048828125,248,78.04000091552734,18193.0,19928612.64416504,24027746.134754084
22-12-2009,1086.0,1095.300048828125,1097.4000244140625,1075.0,480,78.25,18425.0,20009550.0,24125331.564986736
23-12-2009,1093.300048828125,1093.300048828125,1094.5999755859375,1080.0,168,77.9000015258789,18420.0,20138586.899414062,24280910.175324406
24-12-2009,1104.0999755859375,1092.0,1105.300048828125,1092.0,127,77.83999633789062,18196.0,20090203.15576172,24222574.33778842
28-12-2009,1107.199951171875,1107.199951171875,1111.9000244140625,1102.800048828125,350,77.62999725341797,18425.0,20400159.100341797,24596285.387438867
29-12-2009,1097.0,1097.0,1105.199951171875,1097.0,1038,77.83000183105469,18420.0,20206740.0,24363081.745840367
30-12-2009,1091.5,1091.5,1097.0999755859375,1086.0,399,77.91000366210938,18405.0,20089057.5,24221193.031106822
31-12-2009,1095.199951171875,1095.199951171875,1106.0999755859375,1094.0,149,77.86000061035156,18400.0,20151679.1015625,24296695.32380335
04-01-2010,1117.699951171875,1117.699951171875,1122.300048828125,1097.0999755859375,184,77.52999877929688,18167.0,20305255.012939453,24481860.396599293
05-01-2010,1118.0999755859375,1118.0999755859375,1126.5,1115.0,53,77.62000274658203,18415.0,20589811.05041504,24824947.010387074
06-01-2010,1135.9000244140625,1135.9000244140625,1139.199951171875,1120.699951171875,363,77.48999786376953,18425.0,20928957.9498291,25233853.327500723
07-01-2010,1133.0999755859375,1133.0999755859375,1133.0999755859375,1129.199951171875,56,77.91000366210938,18190.0,20611088.555908203,24850601.10430215
08-01-2010,1138.199951171875,1138.199951171875,1138.199951171875,1122.699951171875,54,77.47000122070312,18205.0,20720930.111083984,24983036.0635206
11-01-2010,1150.699951171875,1150.699951171875,1161.199951171875,1143.0,177,77.0,18198.0,20940437.71142578,25247694.37114273
12-01-2010,1128.9000244140625,1128.9000244140625,1157.199951171875,1127.199951171875,51,76.94999694824219,18196.0,20541464.84423828,24766656.431442346
13-01-2010,1136.4000244140625,1136.4000244140625,1136.4000244140625,1121.0,58,76.8499984741211,18201.0,20683616.84436035,24938047.79884296
14-01-2010,1142.5999755859375,1137.0,1145.9000244140625,1132.800048828125,81,76.7300033569336,18207.0,20803317.755493164,25082370.0934328
15-01-2010,1130.0999755859375,1132.800048828125,1133.4000244140625,1127.199951171875,50,77.31999969482422,18198.0,20565559.35571289,24795706.963724248
19-01-2010,1139.699951171875,1139.699951171875,1139.699951171875,1130.5,22,77.5,18190.0,20731142.111816406,24995348.579474807
20-01-2010,1112.300048828125,1123.300048828125,1133.0,1109.800048828125,28,78.33999633789062,18203.0,20247197.78881836,24411861.332069397
21-01-2010,1102.699951171875,1102.699951171875,1107.5,1090.199951171875,99,78.31999969482422,18187.0,20054804.01196289,24179893.913627792
22-01-2010,1089.199951171875,1089.199951171875,1095.4000244140625,1083.0,58,78.27999877929688,18190.0,19812547.111816406,23887806.983140107
25-01-2010,1095.199951171875,1095.199951171875,1095.199951171875,1095.199951171875,8,78.19000244140625,18218.0,19952352.71044922,24056369.31570921
26-01-2010,1097.9000244140625,1097.9000244140625,1097.9000244140625,1097.9000244140625,4,78.43000030517578,18199.0,19980682.544311523,24090526.337486766
27-01-2010,1084.4000244140625,1084.4000244140625,1084.4000244140625,1084.4000244140625,206694,78.68000030517578,18184.0,19718730.043945312,23774692.60181494
28-01-2010,1083.5999755859375,1087.800048828125,1095.699951171875,1073.199951171875,101168,78.9000015258789,18179.0,19698763.956176758,23750619.6722652
29-01-2010,1083.0,1085.0,1090.800048828125,1074.5,11456,79.45999908447266,18192.0,19701936.0,23754444.176513143
01-02-2010,1104.300048828125,1081.0,1107.300048828125,1076.800048828125,2452,79.23999786376953,18410.0,20330163.89892578,24511892.812787294
02-02-2010,1117.4000244140625,1117.4000244140625,1118.5,1100.199951171875,3326,79.01000213623047,18405.0,20565747.44934082,24795933.746492427
03-02-2010,1111.4000244140625,1115.800048828125,1124.9000244140625,1108.5999755859375,853,79.37000274658203,18440.0,20494216.450195312,24709689.47455427
04-02-2010,1062.4000244140625,1110.0,1110.699951171875,1059.0,1426,79.91999816894531,18425.0,19574720.4498291,23601061.550312396
05-02-2010,1052.199951171875,1052.199951171875,1068.5,1045.199951171875,1956,80.44000244140625,18425.0,19386784.100341797,23374468.411311544
08-02-2010,1065.699951171875,1065.699951171875,1073.4000244140625,1061.5999755859375,549,80.30000305175781,18415.0,19624864.600830078,23661519.89490002
09-02-2010,1076.699951171875,1076.699951171875,1082.0,1063.0999755859375,387,79.86000061035156,18410.0,19822046.10107422,23899259.827675693
10-02-2010,1075.800048828125,1075.800048828125,1081.0999755859375,1063.300048828125,640,80.02999877929688,18405.0,19800099.89868164,23872799.492020305
11-02-2010,1094.199951171875,1076.800048828125,1097.0999755859375,1075.5999755859375,1491,79.98999786376953,18400.0,20133279.1015625,24274510.611963466
12-02-2010,1089.5,1089.5,1092.0,1079.800048828125,197,80.31999969482422,18400.0,20046800.0,24170243.549553894
16-02-2010,1119.300048828125,1119.300048828125,1120.4000244140625,1092.4000244140625,928,79.69999694824219,18405.0,20600717.39868164,24838096.694817506
17-02-2010,1119.5,1119.5,1127.0,1108.5,1083,80.37999725341797,18405.0,20604397.5,24842533.759344105
18-02-2010,1118.0,1118.0,1123.699951171875,1100.800048828125,989,80.4000015258789,18525.0,20710950.0,24971003.134796236
19-02-2010,1121.300048828125,1121.300048828125,1126.199951171875,1099.699951171875,137,80.63999938964844,18500.0,20744050.903320312,25010912.591415856
22-02-2010,1112.5999755859375,1112.5999755859375,1127.4000244140625,1110.0,124,80.51000213623047,18525.0,20610914.547729492,24850391.30423136
23-02-2010,1102.699951171875,1116.4000244140625,1118.300048828125,1102.5999755859375,152,80.8499984741211,18505.0,20405462.596435547,24602679.764209725
24-02-2010,1096.5,1096.5,1096.5,1096.5,751,80.8499984741211,18776.0,20587884.0,24822623.583313238
25-02-2010,1107.800048828125,1107.800048828125,1108.199951171875,1088.699951171875,386,80.79000091552734,18505.0,20499839.903564453,24716469.620887935
26-02-2010,1118.300048828125,1106.800048828125,1118.300048828125,1106.800048828125,382,80.36000061035156,18800.0,21024040.91796875,25348493.993210454
01-03-2010,1117.800048828125,1119.300048828125,1121.9000244140625,1113.5999755859375,184,80.66000366210938,19000.0,21238200.927734375,25606704.759747256
02-03-2010,1136.9000244140625,1136.9000244140625,1137.4000244140625,1115.699951171875,155,80.5199966430664,19025.0,21629522.96447754,26078518.16310289
03-03-2010,1142.699951171875,1142.699951171875,1145.0,1133.699951171875,170,79.9800033569336,19005.0,21717012.572021484,26184003.58333914
04-03-2010,1132.5999755859375,1132.5999755859375,1139.0,1128.5999755859375,118,80.55999755859375,19000.0,21519399.536132812,25945743.351980723
05-03-2010,1134.800048828125,1134.800048828125,1134.800048828125,1134.800048828125,129,80.43000030517578,19010.0,21572548.928222656,26009825.088283885
08-03-2010,1123.5999755859375,1123.5999755859375,1123.5999755859375,1123.5999755859375,17,80.43000030517578,19000.0,21348399.536132812,25739570.214773104
09-03-2010,1122.0,1122.0,1124.0,1113.0999755859375,27,80.58999633789062,19005.0,21323610.0,25709681.697612733
10-03-2010,1107.800048828125,1107.800048828125,1127.0999755859375,1106.9000244140625,21,80.44999694824219,19050.0,21103590.93017578,25444406.715910032
11-03-2010,1108.0,1108.0,1108.0,1108.0,46,80.31999969482422,19050.0,21107400.0,25448999.276585482
12-03-2010,1101.5,1101.5,1117.4000244140625,1099.9000244140625,135,79.83000183105469,19050.0,20983575.0,25299704.605739087
15-03-2010,1105.0999755859375,1105.0999755859375,1107.0999755859375,1101.4000244140625,21,80.25,18603.0,20558174.845825195,24786803.527640697
16-03-2010,1122.199951171875,1122.199951171875,1127.0,1114.5,66,79.75,19055.0,21383520.069580078,25781914.720979113
17-03-2010,1124.0,1124.0,1131.4000244140625,1118.0,29,79.63999938964844,19025.0,21384100.0,25782613.937786352
18-03-2010,1127.4000244140625,1127.4000244140625,1127.800048828125,1121.0999755859375,86,80.22000122070312,19015.0,21437511.4642334,25847011.652077883
19-03-2010,1107.4000244140625,1107.4000244140625,1107.4000244140625,1107.4000244140625,54,80.72000122070312,19025.0,21068285.46447754,25401839.23857914
22-03-2010,1099.300048828125,1099.300048828125,1099.300048828125,1099.300048828125,71,80.6500015258789,19000.0,20886700.927734375,25182904.422153816
23-03-2010,1103.5,1103.5,1103.5,1103.5,16,80.9000015258789,19005.0,20972017.5,25285769.83361466
24-03-2010,1088.5999755859375,1088.5999755859375,1092.4000244140625,1085.5,9,81.83999633789062,18425.0,20057454.5501709,24183089.643321555
25-03-2010,1092.699951171875,1092.699951171875,1092.699951171875,1086.699951171875,8,82.12000274658203,19005.0,20766762.572021484,25038295.842803814
26-03-2010,1104.199951171875,1104.199951171875,1104.199951171875,1104.199951171875,5,81.68000030517578,19010.0,20990841.071777344,25308465.242075406
29-03-2010,1110.300048828125,1110.300048828125,1110.300048828125,1110.300048828125,158733,81.36000061035156,19025.0,21123458.428955078,25468360.77761644
30-03-2010,1104.5,1109.699951171875,1112.9000244140625,1101.0999755859375,56533,81.47000122070312,19050.0,21040725.0,25368609.838437423
31-03-2010,1113.300048828125,1103.0999755859375,1118.699951171875,1102.0,5950,81.06999969482422,19055.0,21213932.430419922,25577444.454328336
01-04-2010,1125.0999755859375,1125.0999755859375,1127.699951171875,1111.300048828125,2696,80.77999877929688,19050.0,21433154.53491211,25841758.54221378
05-04-2010,1132.9000244140625,1122.300048828125,1133.300048828125,1119.9000244140625,567,81.08999633789062,19025.0,21553422.96447754,25986765.088591196
06-04-2010,1135.0999755859375,1130.800048828125,1138.5,1122.699951171875,2490,81.38999938964844,19040.0,21612303.53515625,26057756.854540933
07-04-2010,1152.300048828125,1152.300048828125,1153.0,1132.5999755859375,1342,81.44000244140625,189.0,217784.70922851562,262581.033552587
08-04-2010,1152.199951171875,1152.199951171875,1152.300048828125,1144.0,254,81.52999877929688,19030.0,21926365.07080078,26436417.977816228
09-04-2010,1161.0999755859375,1161.0999755859375,1164.800048828125,1150.5,505,81.08999633789062,18975.0,22031872.036743164,26563626.762410372
12-04-2010,1161.5999755859375,1161.5999755859375,1169.0,1154.5999755859375,483,80.55999755859375,18960.0,22023935.537109375,26554057.797334667
13-04-2010,1152.800048828125,1152.800048828125,1157.0,1145.0,278,80.51000213623047,18965.0,21862852.92602539,26359841.965306714
14-04-2010,1159.0,1159.0,1160.5999755859375,1151.199951171875,162,80.19000244140625,18950.0,21963050.0,26480648.661683142
15-04-2010,1159.699951171875,1157.5,1159.800048828125,1151.0,179,80.4800033569336,18945.0,21970515.574951172,26489649.837172862
16-04-2010,1136.300048828125,1136.300048828125,1160.0,1130.4000244140625,483,80.81999969482422,18719.0,21270400.614013672,25645527.627216868
19-04-2010,1135.199951171875,1135.199951171875,1137.0999755859375,1124.0,145,81.0,18699.0,21227103.88696289,25593325.159106452
20-04-2010,1138.5999755859375,1138.5999755859375,1145.800048828125,1136.0,80,81.05000305175781,18682.0,21271324.743896484,25646641.842170827
21-04-2010,1148.199951171875,1148.199951171875,1150.0,1138.4000244140625,68,81.16000366210938,18686.0,21455264.287597656,25868416.06896269
22-04-2010,1142.300048828125,1142.300048828125,1144.0,1133.5999755859375,213,81.56999969482422,18900.0,21589470.922851562,26030227.782555535
23-04-2010,1153.0999755859375,1153.0999755859375,1153.0999755859375,1153.0999755859375,40,81.3499984741211,18880.0,21770527.5390625,26248526.090019893
26-04-2010,1153.5,1160.0999755859375,1160.0999755859375,1151.4000244140625,108,81.4800033569336,18683.0,21550840.5,25983651.434772123
27-04-2010,1161.699951171875,1152.800048828125,1170.699951171875,1148.5999755859375,213,82.1500015258789,18925.0,21985171.575927734,26507320.443607107
28-04-2010,1171.300048828125,1171.300048828125,1171.300048828125,1171.300048828125,299,82.37999725341797,18900.0,22137570.922851562,26691066.9433947
29-04-2010,1168.4000244140625,1168.4000244140625,1171.199951171875,1164.0,166,82.0,18890.0,22071076.46118164,26610895.17866125
30-04-2010,1180.0999755859375,1180.0999755859375,1181.300048828125,1170.0,146,81.87000274658203,18875.0,22274387.03918457,26856024.88447621
03-05-2010,1182.699951171875,1178.5999755859375,1187.5,1177.300048828125,90,82.2699966430664,18980.0,22447645.073242188,27064920.51271062
04-05-2010,1168.5999755859375,1168.5999755859375,1191.800048828125,1168.300048828125,94,83.30000305175781,18900.0,22086539.53857422,26629538.869754303
05-05-2010,1174.5999755859375,1174.5999755859375,1177.199951171875,1159.199951171875,98,84.08000183105469,18900.0,22199939.53857422,26766264.213376198
06-05-2010,1196.9000244140625,1196.9000244140625,1210.5999755859375,1175.9000244140625,79,84.88999938964844,18900.0,22621410.46142578,27274427.853177935
07-05-2010,1210.0,1210.0,1210.800048828125,1194.5999755859375,112,84.44999694824219,18905.0,22875050.0,27580238.72679045
10-05-2010,1200.4000244140625,1200.4000244140625,1203.800048828125,1189.199951171875,118,84.16000366210938,18731.0,22484692.857299805,27109588.687364124
11-05-2010,1219.9000244140625,1219.9000244140625,1233.5,1201.5,201,84.47000122070312,18945.0,23111005.962524414,27864728.674372334
12-05-2010,1242.699951171875,1242.699951171875,1246.5,1227.0999755859375,213,84.83000183105469,18920.0,23511883.076171875,28348062.546626326
13-05-2010,1228.800048828125,1235.300048828125,1240.0,1228.699951171875,37,85.20999908447266,18940.0,23273472.924804688,28060613.605985876
14-05-2010,1227.4000244140625,1227.4000244140625,1227.4000244140625,1227.4000244140625,99,86.0999984741211,18950.0,23259230.462646484,28043441.59952554
17-05-2010,1227.699951171875,1233.300048828125,1235.9000244140625,1225.199951171875,49,86.20999908447266,18582.0,22813120.49267578,27505570.885791875
18-05-2010,1214.300048828125,1214.300048828125,1216.0999755859375,1208.199951171875,73,87.16000366210938,18940.0,22998842.924804688,27729494.724866997
19-05-2010,1192.5999755859375,1192.5999755859375,1192.5999755859375,1192.5999755859375,75,86.38999938964844,18461.0,22016588.149291992,26545199.11899203
20-05-2010,1187.800048828125,1187.800048828125,1191.800048828125,1179.4000244140625,297,85.56999969482422,18935.0,22490993.924560547,27117185.826574083
21-05-2010,1175.699951171875,1175.699951171875,1175.699951171875,1175.699951171875,177,85.37000274658203,18940.0,22267757.075195312,26848031.19748651
24-05-2010,1193.800048828125,1193.800048828125,1193.800048828125,1193.800048828125,14,86.20999908447266,18950.0,22622510.92529297,27275754.672405314
25-05-2010,1197.800048828125,1197.800048828125,1200.0,1195.5999755859375,9,86.77999877929688,18950.0,22698310.92529297,27367146.03965875
26-05-2010,1213.300048828125,1213.300048828125,1213.300048828125,1213.300048828125,237497,87.12000274658203,18960.0,23004168.92578125,27735916.235569388
27-05-2010,1211.9000244140625,1211.699951171875,1218.5,1205.4000244140625,109434,86.18000030517578,18950.0,22965505.462646484,27689300.051418476
28-05-2010,1212.199951171875,1210.4000244140625,1214.800048828125,1201.0999755859375,12895,86.4800033569336,18945.0,22965128.074951172,27688845.038523234
01-06-2010,1224.800048828125,1224.800048828125,1228.199951171875,1209.300048828125,4547,86.63999938964844,18925.0,23179340.924072266,27947119.51298802
02-06-2010,1220.5999755859375,1220.5999755859375,1225.800048828125,1213.199951171875,2799,86.79000091552734,18940.0,23118163.537597656,27873358.497224085
03-06-2010,1208.300048828125,1208.300048828125,1224.0,1201.0,1552,87.13999938964844,18950.0,22897285.92529297,27607048.37869902
04-06-2010,1216.199951171875,1207.5999755859375,1220.4000244140625,1196.9000244140625,1070,88.2300033569336,18955.0,23053070.07446289,27794875.903620556
07-06-2010,1239.300048828125,1239.300048828125,1244.699951171875,1211.0,859,88.4000015258789,18652.0,23115424.510742188,27870056.077576786
08-06-2010,1244.0,1241.5,1252.0999755859375,1234.0999755859375,763,88.38999938964844,18940.0,23561360.0,28407716.421509523
09-06-2010,1228.5,1237.0,1238.199951171875,1222.0,446,87.9000015258789,18925.0,23249362.5,28031543.887147333
10-06-2010,1220.800048828125,1232.800048828125,1233.5,1215.0999755859375,488,87.16999816894531,18654.0,22772804.110839844,27456961.79266921
11-06-2010,1228.9000244140625,1228.9000244140625,1229.5999755859375,1218.0,481,87.51000213623047,18940.0,23275366.462402344,28062896.626962073
14-06-2010,1223.300048828125,1223.199951171875,1232.699951171875,1217.699951171875,989,86.51000213623047,18925.0,23150953.424072266,27912892.963675264
15-06-2010,1233.199951171875,1222.5999755859375,1236.0,1222.4000244140625,251,85.9800033569336,18920.0,23332143.076171875,28131351.67129476
16-06-2010,1229.300048828125,1229.300048828125,1229.300048828125,1229.300048828125,318,86.08000183105469,18925.0,23264503.424072266,28049799.16092629
17-06-2010,1247.5,1233.9000244140625,1251.0999755859375,1233.9000244140625,266,85.69000244140625,18930.0,23615175.0,28472600.67518688
18-06-2010,1257.199951171875,1247.699951171875,1261.5,1242.9000244140625,130,85.69999694824219,18925.0,23792509.075927734,28686410.749852583
21-06-2010,1239.699951171875,1257.4000244140625,1264.800048828125,1232.0,219,85.93000030517578,18920.0,23455123.076171875,28279627.533363726
22-06-2010,1239.9000244140625,1239.9000244140625,1242.800048828125,1232.0999755859375,172,86.11000061035156,18925.0,23465107.962036133,28291666.218997024
23-06-2010,1234.0999755859375,1233.9000244140625,1245.0999755859375,1226.9000244140625,100,85.73999786376953,18636.0,22998687.14501953,27729306.902603727
24-06-2010,1245.5,1236.4000244140625,1248.0999755859375,1230.699951171875,253,85.7300033569336,18925.0,23571087.5,28419444.779358573
25-06-2010,1255.800048828125,1246.699951171875,1256.9000244140625,1243.699951171875,159,85.30999755859375,18930.0,23772294.924316406,28662038.731994703
28-06-2010,1238.199951171875,1238.199951171875,1238.199951171875,1238.199951171875,351,85.6500015258789,18955.0,23470080.07446289,28297661.049509153
29-06-2010,1242.0,1242.0,1245.0,1228.5,417,86.02999877929688,18742.0,23277564.0,28065546.17795997
30-06-2010,1245.5,1245.5,1246.199951171875,1236.699951171875,73,86.0199966430664,18950.0,23602225.0,28456986.978538703
01-07-2010,1206.300048828125,1206.300048828125,1242.4000244140625,1204.5,50,84.72000122070312,19000.0,22919700.927734375,27634073.942288853
02-07-2010,1207.4000244140625,1201.4000244140625,1211.5999755859375,1200.800048828125,169,84.43000030517578,19000.0,22940600.463867188,27659272.322000466
06-07-2010,1194.800048828125,1207.300048828125,1211.800048828125,1190.5,52,84.08000183105469,19025.0,22731070.928955078,27406644.476676002
07-07-2010,1198.5999755859375,1198.5999755859375,1198.5999755859375,1198.5999755859375,18,83.81999969482422,19050.0,22833329.53491211,27529936.743323013
08-07-2010,1195.800048828125,1195.800048828125,1203.300048828125,1189.300048828125,93,83.81999969482422,18776.0,22452341.716796875,27070583.212921236
09-07-2010,1209.5999755859375,1209.5999755859375,1213.0,1195.0,22,83.94999694824219,18776.0,22711449.141601562,27382986.666990068
12-07-2010,1198.5,1198.5,1198.5,1198.5,45,84.19999694824219,18827.0,22564159.5,27205400.892211236
13-07-2010,1213.300048828125,1213.300048828125,1217.4000244140625,1205.199951171875,53,83.63999938964844,19055.0,23119432.430419922,27874888.389703304
14-07-2010,1206.800048828125,1212.0,1213.800048828125,1202.4000244140625,54,83.43000030517578,18715.0,22585262.91381836,27230845.085385047
15-07-2010,1208.0999755859375,1208.0999755859375,1208.0999755859375,1208.0999755859375,32,82.55999755859375,19050.0,23014304.53491211,27748136.646867745
16-07-2010,1188.0,1188.0,1188.0,1188.0,46,82.48999786376953,18757.0,22283316.0,26866790.450928383
19-07-2010,1181.699951171875,1181.699951171875,1182.199951171875,1180.0,4,82.51000213623047,19075.0,22540926.568603516,27177389.159155432
20-07-2010,1191.5,1191.5,1191.5,1191.5,8,82.75,19135.0,22799352.5,27488970.94285025
21-07-2010,1191.5999755859375,1191.5999755859375,1194.5,1184.0999755859375,24,83.38999938964844,18782.0,22380630.741455078,26984121.945328042
22-07-2010,1195.5,1195.5,1196.0,1194.4000244140625,79,82.5999984741211,18788.0,22461054.0,27081087.5331565
23-07-2010,1187.699951171875,1187.699951171875,1198.5999755859375,1187.699951171875,32,82.45999908447266,19075.0,22655376.568603516,27315380.47818123
26-07-2010,1183.0,1183.0,1183.0,1183.0,37,82.08999633789062,19075.0,22565725.0,27207288.401253916
27-07-2010,1158.0,1158.0,1158.0,1158.0,29,82.18000030517578,18782.0,21749556.0,26223240.897034
28-07-2010,1160.4000244140625,1160.4000244140625,1160.4000244140625,1160.4000244140625,206828,82.18000030517578,19050.0,22105620.46508789,26652544.56846864
29-07-2010,1168.4000244140625,1163.800048828125,1169.199951171875,1158.699951171875,54384,81.63999938964844,19055.0,22263862.46520996,26843335.501820546
30-07-2010,1181.699951171875,1168.199951171875,1183.0999755859375,1166.0,5466,81.54000091552734,19070.0,22535018.068847656,27170265.33499838
02-08-2010,1183.4000244140625,1183.4000244140625,1191.800048828125,1174.699951171875,2504,80.94000244140625,18769.0,22211235.05822754,26779883.118190907
03-08-2010,1185.199951171875,1185.199951171875,1190.5,1180.0,598,80.5999984741211,19050.0,22578059.06982422,27222159.47651823
04-08-2010,1193.699951171875,1186.300048828125,1203.0,1186.300048828125,1068,80.88999938964844,19005.0,22686267.572021484,27352625.478685174
05-08-2010,1197.199951171875,1197.199951171875,1199.300048828125,1190.0,214,80.81999969482422,18795.0,22501373.08227539,27129699.88217433
06-08-2010,1203.4000244140625,1203.300048828125,1211.0,1195.300048828125,347,80.41000366210938,19030.0,22900702.46459961,27611167.668916818
09-08-2010,1200.699951171875,1205.800048828125,1209.5,1199.800048828125,658,80.70999908447266,19050.0,22873334.06982422,27578169.845459633
10-08-2010,1196.199951171875,1196.199951171875,1206.5,1191.0,713,80.80000305175781,19045.0,22781628.07006836,27467600.75966766
11-08-2010,1197.5,1197.5,1208.0,1193.0,351,82.29000091552734,19050.0,22812375.0,27504672.052085843
12-08-2010,1214.800048828125,1214.800048828125,1215.5,1199.0,289,82.63999938964844,19045.0,23135866.92993164,27894703.315567445
13-08-2010,1214.9000244140625,1214.9000244140625,1214.9000244140625,1214.9000244140625,138,82.94999694824219,19050.0,23143845.46508789,27904322.962488413
16-08-2010,1224.5,1224.5,1225.4000244140625,1218.0,252,82.52999877929688,18774.0,22988763.0,27717341.451651797
17-08-2010,1226.5999755859375,1226.5999755859375,1227.4000244140625,1224.0,84,82.2300033569336,18793.0,23051493.341186523,27792974.85071922
18-08-2010,1229.699951171875,1229.699951171875,1231.5999755859375,1218.0,169,82.22000122070312,19147.0,23545064.96508789,28388069.646838546
19-08-2010,1233.800048828125,1233.800048828125,1237.5999755859375,1228.800048828125,46,82.44999694824219,19182.0,23666752.536621094,28534787.239716776
20-08-2010,1227.199951171875,1227.199951171875,1232.800048828125,1223.0,236,83.05999755859375,19154.0,23505787.864746094,28340713.60591523
23-08-2010,1226.9000244140625,1226.9000244140625,1228.9000244140625,1222.9000244140625,56,83.12000274658203,19152.0,23497589.267578125,28330828.63223791
24-08-2010,1231.800048828125,1231.800048828125,1234.0,1211.5,300,83.1500015258789,19167.0,23609911.535888672,28466254.56461137
25-08-2010,1239.5,1239.5,1240.699951171875,1230.699951171875,298,83.26000213623047,19177.0,23769891.5,28659140.945261635
26-08-2010,1235.4000244140625,1235.4000244140625,1243.300048828125,1235.0,104,82.93000030517578,19141.0,23646791.86730957,28510720.843151156
27-08-2010,1236.0,1236.0,1236.0,1236.0,573,82.91999816894531,19161.0,23682996.0,28554371.83506149
30-08-2010,1237.0999755859375,1237.0999755859375,1237.9000244140625,1234.0,128,83.16000366210938,19194.0,23744896.931396484,28629005.222325154
31-08-2010,1248.300048828125,1248.300048828125,1249.4000244140625,1233.0,124,83.19999694824219,19180.0,23942394.936523438,28867126.762145452
01-09-2010,1246.300048828125,1246.300048828125,1254.300048828125,1243.5999755859375,41,82.5199966430664,19450.0,24240535.94970703,29226592.656989425
02-09-2010,1251.5,1251.5,1252.5,1246.9000244140625,100,82.45999908447266,19165.0,23984997.5,28918492.28357849
03-09-2010,1249.199951171875,1249.199951171875,1249.199951171875,1240.0,3,83.0999984741211,19455.0,24303185.050048828,29302128.104712836
07-09-2010,1257.300048828125,1257.300048828125,1258.0,1255.5,7,82.81999969482422,19450.0,24454485.94970703,29484550.216671124
08-09-2010,1255.5999755859375,1255.5999755859375,1260.199951171875,1254.699951171875,27,82.58999633789062,19159.0,24056039.932250977,29004147.494876992
09-09-2010,1248.9000244140625,1248.9000244140625,1256.0,1244.0999755859375,9,82.66999816894531,19176.0,23948906.868164062,28874978.13861112
10-09-2010,1244.5,1244.5,1244.5,1244.5,20,82.69999694824219,19175.0,23863287.5,28771747.64890282
13-09-2010,1245.0999755859375,1245.0999755859375,1245.0999755859375,1245.0999755859375,18,81.91000366210938,19455.0,24223420.025024414,29205956.14302437
14-09-2010,1269.699951171875,1269.699951171875,1272.4000244140625,1253.4000244140625,87,81.08000183105469,19475.0,24727406.549072266,29813608.089067116
15-09-2010,1266.699951171875,1266.5999755859375,1269.800048828125,1263.5,34,81.48999786376953,19475.0,24668981.549072266,29743165.600521177
16-09-2010,1271.9000244140625,1271.9000244140625,1275.199951171875,1268.699951171875,37,81.23999786376953,19450.0,24738455.474853516,29826929.677903924
17-09-2010,1275.5999755859375,1275.5999755859375,1279.5999755859375,1273.800048828125,54,81.4000015258789,19455.0,24816797.525024414,29921385.971816268
20-09-2010,1279.0,1279.0,1282.0,1279.0,27,81.33999633789062,19450.0,24876550.0,29993428.984808296
21-09-2010,1272.4000244140625,1272.4000244140625,1289.800048828125,1271.800048828125,56,80.44000244140625,19455.0,24754542.474975586,29846325.626929812
22-09-2010,1290.199951171875,1290.199951171875,1290.199951171875,1290.199951171875,17,79.83000183105469,19163.0,24724101.66430664,29809623.419708993
23-09-2010,1294.300048828125,1294.300048828125,1294.300048828125,1289.4000244140625,45,80.01000213623047,19169.0,24810437.635986328,29913717.911726944
24-09-2010,1296.0,1296.0,1297.4000244140625,1294.199951171875,37,79.38999938964844,19192.0,24872832.0,29988946.226187605
27-09-2010,1296.699951171875,1296.699951171875,1296.699951171875,1296.699951171875,67,79.33999633789062,19179.0,24869408.36352539,29984818.37897925
28-09-2010,1306.5999755859375,1287.5,1308.5999755859375,1287.5,25190,79.01000213623047,19475.0,25446034.524536133,30680051.271444578
29-09-2010,1308.5,1309.4000244140625,1312.5,1305.0,6745,78.69000244140625,19470.0,25476495.0,30716777.18832891
30-09-2010,1307.800048828125,1307.199951171875,1315.199951171875,1295.699951171875,579,78.72000122070312,19172.0,25073142.536132812,30230458.80893756
01-10-2010,1316.0999755859375,1309.0,1320.0,1309.0,153,78.08999633789062,19475.0,25631047.024536133,30903119.151840042
04-10-2010,1315.4000244140625,1318.300048828125,1319.0999755859375,1312.0,95,78.44999694824219,19470.0,25610838.475341797,30878753.888765126
05-10-2010,1338.9000244140625,1312.9000244140625,1341.0999755859375,1312.9000244140625,197,77.75,19475.0,26075077.975463867,31438483.21131404
06-10-2010,1346.4000244140625,1339.0999755859375,1349.0,1339.0,215,77.38999938964844,19460.0,26200944.475097656,31590239.299611352
07-10-2010,1333.9000244140625,1347.9000244140625,1363.0,1325.699951171875,261,77.38999938964844,19465.0,25964363.975219727,31304996.353050068
08-10-2010,1344.199951171875,1333.5,1348.4000244140625,1325.0,80,77.31999969482422,19460.0,26158131.049804688,31538619.544013366
11-10-2010,1353.300048828125,1346.699951171875,1353.699951171875,1344.0,79,77.44000244140625,19265.0,26071325.440673828,31433958.81441262
12-10-2010,1345.699951171875,1346.9000244140625,1352.199951171875,1343.5999755859375,112,77.36000061035156,19465.0,26194049.549560547,31581926.150904927
13-10-2010,1369.5,1356.4000244140625,1374.0,1355.0999755859375,251,77.06999969482422,19465.0,26657317.5,32140484.084880635
14-10-2010,1376.699951171875,1372.800048828125,1383.9000244140625,1371.300048828125,106,76.6500015258789,19215.0,26453289.561767578,31894489.464393027
15-10-2010,1371.0999755859375,1379.199951171875,1382.4000244140625,1364.699951171875,170,77.04000091552734,19470.0,26695316.524658203,32186299.16163275
18-10-2010,1371.199951171875,1358.0,1372.5999755859375,1358.0,46,76.93000030517578,19114.0,26209115.86669922,31600091.47178589
19-10-2010,1335.0999755859375,1366.800048828125,1370.5,1328.5,301,78.18000030517578,19460.0,25981045.524902344,31325109.145047434
20-10-2010,1343.300048828125,1336.0,1345.800048828125,1334.199951171875,148,77.16999816894531,16465.0,22117435.303955078,26666789.61171338
21-10-2010,1324.699951171875,1344.199951171875,1346.199951171875,1317.5,102,77.41999816894531,19470.0,25791908.049316406,31097067.81928672
22-10-2010,1324.4000244140625,1326.699951171875,1328.0999755859375,1319.0,113,77.47000122070312,19465.0,25779446.475219727,31082043.013286382
25-10-2010,1338.300048828125,1333.5999755859375,1349.0999755859375,1333.0999755859375,194,77.0999984741211,19460.0,26043318.950195312,31400191.64479782
26-10-2010,1338.0,1341.199951171875,1341.199951171875,1328.300048828125,195,77.70999908447266,19465.0,26044170.0,31401217.74776947
27-10-2010,1322.199951171875,1341.0,1341.0,1321.0999755859375,106,78.1500015258789,19455.0,25723400.050048828,31014468.350673772
28-10-2010,1342.0999755859375,1327.9000244140625,1343.5999755859375,1325.9000244140625,192,77.30999755859375,19211.0,25783082.630981445,31086427.093056962
29-10-2010,1357.0999755859375,1340.199951171875,1358.699951171875,1336.800048828125,74,77.2699966430664,19450.0,26395594.525146484,31824927.086021803
01-11-2010,1350.199951171875,1360.300048828125,1360.300048828125,1350.699951171875,40,77.30000305175781,19440.0,26247887.05078125,31646837.534098443
02-11-2010,1356.4000244140625,1356.800048828125,1356.800048828125,1355.5,17,76.72000122070312,19445.0,26375198.474731445,31800335.754438683
03-11-2010,1337.0999755859375,1351.4000244140625,1359.199951171875,1327.5,135,76.4800033569336,19209.0,25684353.431030273,30967390.198975492
04-11-2010,1382.699951171875,1368.5999755859375,1392.5,1368.5999755859375,109,75.87999725341797,19182.0,26522950.463378906,31978478.9768253
05-11-2010,1397.300048828125,1390.699951171875,1398.0,1378.199951171875,109,76.55000305175781,19465.0,27198445.450439453,32792917.10928316
08-11-2010,1402.800048828125,1390.5,1409.199951171875,1387.0999755859375,112,77.02999877929688,19470.0,27312516.950683594,32930452.074612483
09-11-2010,1409.800048828125,1405.199951171875,1423.199951171875,1382.9000244140625,84,77.44000244140625,19465.0,27441757.950439453,33086276.766866956
10-11-2010,1399.0999755859375,1395.199951171875,1408.0999755859375,1384.0,29,77.62999725341797,19470.0,27240476.524658203,32843593.59134097
11-11-2010,1403.0999755859375,1400.699951171875,1413.5,1397.300048828125,26,78.22000122070312,19465.0,27311341.024780273,32929034.271497797
12-11-2010,1365.4000244140625,1407.9000244140625,1407.9000244140625,1360.0999755859375,182,78.08000183105469,19460.0,26570684.475097656,32036031.43850694
15-11-2010,1368.4000244140625,1363.699951171875,1372.5999755859375,1355.300048828125,46,78.5199966430664,19465.0,26635906.475219727,32114669.00798134
16-11-2010,1338.300048828125,1356.5,1358.199951171875,1329.5,67,79.20999908447266,19201.0,25696699.237548828,30982275.4250649
17-11-2010,1336.800048828125,1336.9000244140625,1341.800048828125,1331.300048828125,50,79.08000183105469,19198.0,25663887.337402344,30942714.416930724
18-11-2010,1352.9000244140625,1349.5,1353.199951171875,1347.699951171875,17,78.62000274658203,19460.0,26327434.475097656,31742747.136601947
19-11-2010,1352.199951171875,1350.699951171875,1352.0,1344.5,7,78.5,19455.0,26307050.050048828,31718169.821616624
22-11-2010,1357.699951171875,1357.699951171875,1357.699951171875,1357.699951171875,7,78.68000030517578,19450.0,26407264.05029297,31838996.925841533
23-11-2010,1377.5,1369.4000244140625,1377.5,1364.5,15,79.68000030517578,19455.0,26799262.5,32311625.87412587
24-11-2010,1372.9000244140625,1377.800048828125,1377.800048828125,1377.800048828125,3,79.87000274658203,19460.0,26716634.475097656,32212002.019649934
26-11-2010,1362.300048828125,1372.0999755859375,1372.0999755859375,1372.0999755859375,138416,80.36000061035156,19460.0,26510358.950195312,31963297.504455402
29-11-2010,1366.0,1364.0,1369.300048828125,1352.5999755859375,94486,80.83999633789062,19460.0,26582360.0,32050108.51217748
30-11-2010,1385.0,1366.699951171875,1390.0999755859375,1362.800048828125,11370,81.19999694824219,19465.0,26959025.0,32504250.060284544
01-12-2010,1387.300048828125,1386.800048828125,1396.5999755859375,1382.300048828125,4759,80.70999908447266,19465.0,27003795.450439453,32558229.383216124
02-12-2010,1388.5,1387.5999755859375,1398.5999755859375,1383.300048828125,1550,80.30000305175781,19460.0,27020210.0,32578020.25560646
03-12-2010,1405.4000244140625,1385.0999755859375,1415.0999755859375,1385.0999755859375,2341,79.37999725341797,19465.0,27356111.475219727,32983013.594429377
06-12-2010,1415.300048828125,1414.0,1428.4000244140625,1410.0,833,79.56999969482422,19460.0,27541738.950195312,33206822.94453257
07-12-2010,1408.300048828125,1424.5,1431.0999755859375,1398.0,866,79.86000061035156,19460.0,27405518.950195312,33042583.735465772
08-12-2010,1382.5,1402.5,1403.800048828125,1372.0,1675,80.0,19460.0,26903450.0,32437243.790692065
09-12-2010,1392.0999755859375,1380.5999755859375,1394.199951171875,1380.5,971,80.06999969482422,19465.0,27097226.024780273,32670877.772824056
10-12-2010,1384.300048828125,1388.9000244140625,1392.0,1373.0999755859375,457,80.06999969482422,19460.0,26938478.950195312,32479477.875808187
13-12-2010,1397.300048828125,1384.5,1399.199951171875,1384.5,193,79.27999877929688,19465.0,27198445.450439453,32792917.10928316
14-12-2010,1403.5999755859375,1401.9000244140625,1407.300048828125,1391.800048828125,431,79.37000274658203,19465.0,27321073.524780273,32940768.657801148
15-12-2010,1385.5,1394.0,1394.0,1379.5,215,80.26000213623047,19460.0,26961830.0,32507632.023149263
16-12-2010,1370.4000244140625,1380.9000244140625,1385.0,1362.5,228,80.18000030517578,19465.0,26674836.475219727,32161606.55319475
17-12-2010,1378.5999755859375,1376.4000244140625,1378.5999755859375,1365.9000244140625,102,80.37000274658203,19465.0,26834448.524780273,32354049.342633557
20-12-2010,1385.5,1383.199951171875,1386.699951171875,1376.5,125,80.62999725341797,19460.0,26961830.0,32507632.023149263
21-12-2010,1388.199951171875,1385.800048828125,1389.5,1381.5,113,80.72000122070312,19460.0,27014371.049804688,32570980.28671894
22-12-2010,1386.800048828125,1388.0,1389.5,1385.0,58,80.7300033569336,19460.0,26987128.950195312,32538134.736189187
23-12-2010,1380.0,1388.4000244140625,1388.4000244140625,1373.699951171875,101,80.5,19465.0,26861700.0,32386906.197251026
27-12-2010,1382.4000244140625,1373.5,1384.199951171875,1373.5,322,80.37000274658203,19465.0,26908416.475219727,32443231.824475195
28-12-2010,1405.199951171875,1389.800048828125,1406.699951171875,1389.800048828125,519,80.36000061035156,19460.0,27345191.049804688,32969846.937309727
29-12-2010,1413.0999755859375,1403.4000244140625,1412.199951171875,1402.9000244140625,413,79.80000305175781,19465.0,27505991.024780273,33163721.997564834
30-12-2010,1405.5999755859375,1413.800048828125,1413.800048828125,1403.0999755859375,185,79.5199966430664,19450.0,27338919.525146484,32962285.41734565
31-12-2010,1421.0999755859375,1405.699951171875,1421.0999755859375,1405.699951171875,54,79.02999877929688,19460.0,27654605.524902344,33342905.142153777
03-01-2011,1422.5999755859375,1415.5999755859375,1423.9000244140625,1413.699951171875,28,79.12999725341797,19465.0,27690908.524780273,33386675.337328516
04-01-2011,1378.5,1409.5999755859375,1410.9000244140625,1375.800048828125,122,79.44000244140625,19465.0,26832502.5,32351703.038340967
05-01-2011,1373.4000244140625,1383.4000244140625,1384.0,1364.199951171875,175,80.26000213623047,19460.0,26726364.475097656,32223733.391726132
06-01-2011,1371.4000244140625,1374.800048828125,1376.5,1368.9000244140625,158,80.79000091552734,19460.0,26687444.475097656,32176807.903421335
07-01-2011,1368.5,1372.699951171875,1377.199951171875,1355.5,225,81.01000213623047,19465.0,26637852.5,32117015.31227393
10-01-2011,1373.699951171875,1369.0,1374.0,1365.699951171875,181,80.87999725341797,19460.0,26732201.049804688,32230770.496509146
11-01-2011,1384.0,1375.4000244140625,1384.5,1373.9000244140625,13,80.8499984741211,19142.0,26492528.0,31941798.890764408
12-01-2011,1385.699951171875,1382.5999755859375,1385.5,1378.0,204,80.02999877929688,19465.0,26972649.549560547,32520677.055173073
13-01-2011,1386.9000244140625,1386.0999755859375,1392.5,1371.4000244140625,66,79.19000244140625,19460.0,26989074.475097656,32540480.437783524
14-01-2011,1360.4000244140625,1375.0,1376.0,1356.699951171875,252,79.16000366210938,19460.0,26473384.475097656,31918717.717744943
18-01-2011,1368.0999755859375,1365.0999755859375,1371.0,1359.199951171875,106,78.95999908447266,19460.0,26623225.524902344,32099379.702076614
19-01-2011,1370.199951171875,1371.9000244140625,1376.199951171875,1367.0,40,78.63999938964844,19465.0,26670942.049560547,32156911.079769164
20-01-2011,1346.5,1367.699951171875,1367.699951171875,1345.0,10,78.81999969482422,19245.0,25913392.5,31243540.511212923
21-01-2011,1341.0,1341.699951171875,1345.5999755859375,1338.5999755859375,20,78.20999908447266,19063.0,25563483.0,30821657.824933685
24-01-2011,1344.5,1352.300048828125,1352.300048828125,1341.800048828125,2,78.05000305175781,19460.0,26163970.0,31545659.512900893
25-01-2011,1332.300048828125,1330.4000244140625,1331.5,1323.5999755859375,394,78.0,19465.0,25933220.450439453,31267446.889847424
26-01-2011,1333.0,1333.0,1341.699951171875,1333.0,4,77.9000015258789,19231.0,25634923.0,30907792.380033758
27-01-2011,1318.4000244140625,1342.0,1342.0,1318.4000244140625,210699,77.7300033569336,19208.0,25323827.668945312,30532707.582523886
28-01-2011,1340.699951171875,1314.0,1346.5999755859375,1307.699951171875,73023,78.12999725341797,19193.0,25732054.162841797,31024902.535377134
31-01-2011,1333.800048828125,1339.0,1345.9000244140625,1323.300048828125,13657,77.73999786376953,19465.0,25962417.950439453,31302650.04875748
01-02-2011,1339.5999755859375,1333.0999755859375,1342.9000244140625,1325.300048828125,3180,77.06999969482422,19460.0,26068615.524902344,31430691.49373323
02-02-2011,1331.5,1344.0,1344.0,1327.0,1363,77.16000366210938,19465.0,25917647.5,31248670.7258259
03-02-2011,1352.300048828125,1335.5999755859375,1355.800048828125,1324.9000244140625,1865,77.75,19460.0,26315758.950195312,31728670.06293141
04-02-2011,1348.300048828125,1354.800048828125,1360.0,1345.0,591,78.04000091552734,19460.0,26237918.950195312,31634819.086321812
07-02-2011,1347.5999755859375,1345.800048828125,1353.800048828125,1343.800048828125,1004,78.02999877929688,19136.0,25787673.1328125,31091961.81916144
08-02-2011,1363.4000244140625,1351.199951171875,1367.0,1350.0,2536,78.0,19465.0,26538581.475219727,31997325.144947823
09-02-2011,1364.800048828125,1362.800048828125,1366.5,1359.5999755859375,146,77.63999938964844,19460.0,26559008.950195312,32021954.364836402
10-02-2011,1361.9000244140625,1364.300048828125,1364.5,1351.699951171875,312,78.25,19460.0,26502574.475097656,31953911.83397354
11-02-2011,1359.9000244140625,1364.0,1368.800048828125,1355.199951171875,488,78.45999908447266,19465.0,26470453.975219727,31915184.440824363
14-02-2011,1364.5999755859375,1357.800048828125,1365.5999755859375,1356.5999755859375,181,78.61000061035156,19460.0,26555115.524902344,32017260.097543217
15-02-2011,1373.5999755859375,1361.5999755859375,1376.0,1361.5999755859375,321,78.56999969482422,19460.0,26730255.524902344,32228424.794914808
16-02-2011,1374.699951171875,1373.5999755859375,1382.0,1370.5,156,78.22000122070312,19460.0,26751661.049804688,32254233.240661547
17-02-2011,1384.699951171875,1377.699951171875,1384.699951171875,1377.0,113,78.0,19465.0,26953184.549560547,32497208.28256637
18-02-2011,1388.199951171875,1384.0999755859375,1391.800048828125,1381.800048828125,98,77.66000366210938,19465.0,27021312.049560547,32579348.986689832
22-02-2011,1400.5,1395.0999755859375,1408.699951171875,1395.0999755859375,430,77.7699966430664,19460.0,27253730.0,32859573.185435254
23-02-2011,1413.4000244140625,1397.800048828125,1413.800048828125,1397.800048828125,318,77.41000366210938,19460.0,27504764.475097656,33162243.157822106
24-02-2011,1415.300048828125,1415.0999755859375,1415.300048828125,1408.300048828125,809,77.05999755859375,19460.0,27541738.950195312,33206822.94453257
25-02-2011,1408.699951171875,1401.699951171875,1411.0,1401.0,352,77.27999877929688,19460.0,27413301.049804688,33051966.541843124
28-02-2011,1409.300048828125,1410.699951171875,1415.699951171875,1407.699951171875,205,76.88999938964844,19465.0,27432025.450439453,33074542.3805636
01-03-2011,1430.699951171875,1415.300048828125,1434.4000244140625,1415.300048828125,116,77.05000305175781,19465.0,27848574.549560547,33576771.82247473
02-03-2011,1437.199951171875,1432.5,1440.5,1428.800048828125,1600,76.66999816894531,19465.0,27975097.049560547,33729318.84441831
03-03-2011,1416.0,1432.300048828125,1432.300048828125,1415.9000244140625,244,76.4800033569336,19460.0,27555360.0,33223245.719797444
04-03-2011,1428.199951171875,1418.9000244140625,1429.800048828125,1416.800048828125,60,76.4000015258789,19460.0,27792771.049804688,33509490.052814912
07-03-2011,1434.0999755859375,1434.5,1445.0,1429.5,613,76.5,19465.0,27914756.024780273,33656566.22230561
08-03-2011,1426.9000244140625,1431.5999755859375,1432.5999755859375,1424.300048828125,198,76.80000305175781,19465.0,27774608.975219727,33487592.205473505
09-03-2011,1429.300048828125,1430.0,1435.699951171875,1426.0999755859375,98,76.72000122070312,20860.0,29815199.018554688,35947912.97149106
10-03-2011,1412.199951171875,1429.5,1429.800048828125,1403.800048828125,23,77.27999877929688,20850.0,29444368.981933594,35500806.58540341
11-03-2011,1421.5,1413.699951171875,1422.5999755859375,1404.9000244140625,23,76.77999877929688,20855.0,29645382.5,35743166.74704605
14-03-2011,1424.5999755859375,1420.0,1427.699951171875,1420.0,58,76.3499984741211,20850.0,29702909.490966797,35812526.514307685
15-03-2011,1392.5999755859375,1413.300048828125,1413.300048828125,1385.5,20,76.33000183105469,20850.0,29035709.490966797,35008089.571939714
16-03-2011,1396.0,1398.0,1404.199951171875,1394.300048828125,38,76.68000030517578,20855.0,29113580.0,35101977.33301181
17-03-2011,1404.0,1387.699951171875,1393.5999755859375,1387.699951171875,27,76.04000091552734,20850.0,29273400.0,35294670.846394986
18-03-2011,1415.9000244140625,1406.4000244140625,1419.300048828125,1406.4000244140625,6,75.72000122070312,20855.0,29528595.009155273,35602357.13667142
21-03-2011,1426.199951171875,1433.5,1433.5,1430.800048828125,43,75.4000015258789,20540.0,29294146.997070312,35319685.31115302
22-03-2011,1427.5,1430.4000244140625,1430.4000244140625,1430.4000244140625,85,75.43000030517578,20855.0,29770512.5,35894034.844465874
23-03-2011,1437.9000244140625,1432.199951171875,1439.699951171875,1432.199951171875,19,75.79000091552734,20865.0,30001784.009399414,36172876.78972681
24-03-2011,1434.800048828125,1437.699951171875,1446.9000244140625,1437.5,27,75.66000366210938,20870.0,29944277.01904297,36103541.137018286
25-03-2011,1426.0999755859375,1436.0,1436.0,1436.0,1,76.22000122070312,20595.0,29370528.997192383,35411778.390634656
28-03-2011,1419.800048828125,1413.199951171875,1415.5999755859375,1413.199951171875,6,76.12999725341797,20614.0,29267758.20654297,35287868.587584965
29-03-2011,1416.0,1416.0,1416.0,1416.0,135792,76.25,20875.0,29559000.0,35639016.15625753
30-03-2011,1423.800048828125,1418.699951171875,1430.300048828125,1412.0,47011,76.12000274658203,20870.0,29714707.01904297,35826750.6860899
31-03-2011,1438.9000244140625,1423.300048828125,1440.0,1420.699951171875,8230,75.86000061035156,20880.0,30044232.509765625,36224056.5586757
01-04-2011,1428.0999755859375,1433.4000244140625,1436.5,1413.0,5318,75.83000183105469,20885.0,29825867.990112305,35960776.452992894
04-04-2011,1432.199951171875,1429.0999755859375,1439.0999755859375,1428.800048828125,683,75.91000366210938,20585.0,29481835.994873047,35545980.22048836
05-04-2011,1451.800048828125,1437.9000244140625,1457.5999755859375,1430.300048828125,2609,75.87999725341797,20875.0,30306326.01928711,36540060.307797335
06-04-2011,1457.699951171875,1456.9000244140625,1462.300048828125,1452.0,901,75.51000213623047,20880.0,30436774.98046875,36697341.42810315
07-04-2011,1458.5,1459.699951171875,1462.5,1453.9000244140625,229,75.58999633789062,20875.0,30446187.5,36708690.01687967
08-04-2011,1473.4000244140625,1457.5999755859375,1475.5,1457.5,1407,75.06999969482422,20546.0,30272476.901611328,36499248.73596736
11-04-2011,1467.4000244140625,1476.0,1476.0,1459.699951171875,378,75.05999755859375,20875.0,30631975.509643555,36932692.92216488
12-04-2011,1452.9000244140625,1461.800048828125,1467.199951171875,1444.4000244140625,345,74.8499984741211,20522.0,29816414.30102539,35949378.226459354
13-04-2011,1454.9000244140625,1455.0,1462.0,1454.0,197,74.9800033569336,20900.0,30407410.510253906,36661936.95473102
14-04-2011,1471.699951171875,1456.800048828125,1476.0,1452.699951171875,535,74.68000030517578,20895.0,30751170.479736328,37076405.20826661
15-04-2011,1485.300048828125,1477.5999755859375,1487.5,1473.199951171875,293,74.83000183105469,20895.0,31035344.520263672,37419031.25182502
18-04-2011,1492.300048828125,1486.300048828125,1497.300048828125,1477.5,650,75.5,20899.0,31187578.720458984,37602578.635711335
19-04-2011,1494.5,1493.300048828125,1499.5,1489.0,168,75.02999877929688,20901.0,31236544.5,37661616.22859899
20-04-2011,1498.300048828125,1494.0,1505.300048828125,1494.0,386,74.37000274658203,20900.0,31314471.020507812,37755571.52219413
21-04-2011,1503.199951171875,1503.699951171875,1508.300048828125,1501.699951171875,237,74.0,20.885000228881836,31394.331324279774,37851.85836059775
25-04-2011,1508.5999755859375,1513.300048828125,1518.0,1502.800048828125,233,73.98999786376953,20790.0,31363793.49243164,37815039.175827876
26-04-2011,1503.0,1501.5,1506.300048828125,1495.0,223,73.83999633789062,20680.0,31082040.0,37475331.564986736
27-04-2011,1516.699951171875,1507.0999755859375,1512.800048828125,1505.199951171875,460,73.5199966430664,20660.0,31335020.991210938,37780348.43406189
28-04-2011,1530.800048828125,1528.5999755859375,1536.0,1526.5999755859375,425,73.12000274658203,20550.0,31457941.00341797,37928551.96939711
29-04-2011,1556.0,1538.699951171875,1568.699951171875,1537.300048828125,124,72.93000030517578,20475.0,31859100.0,38412225.70532915
02-05-2011,1556.699951171875,1572.9000244140625,1576.5999755859375,1543.0999755859375,200,72.94999694824219,20374.0,31716204.80517578,38239938.27486832
03-05-2011,1540.0999755859375,1542.5,1547.0,1527.5,246,73.13999938964844,20480.0,31541247.5,38028993.85097661
04-05-2011,1514.9000244140625,1535.0,1539.0,1506.199951171875,272,73.02999877929688,20388.0,30885781.697753906,37238704.72360008
05-05-2011,1480.9000244140625,1514.699951171875,1520.699951171875,1471.0,133,74.19000244140625,20342.0,30124468.29663086,36320796.113613285
06-05-2011,1491.199951171875,1473.199951171875,1494.800048828125,1472.300048828125,144,74.83999633789062,20550.0,30644158.99658203,36947382.44102005
09-05-2011,1502.9000244140625,1501.5,1512.800048828125,1501.300048828125,44,74.73999786376953,20540.0,30869566.501464844,37219154.20962725
10-05-2011,1516.5999755859375,1508.4000244140625,1516.9000244140625,1508.4000244140625,13,74.61000061035156,20530.0,31135797.498779297,37540146.4899678
11-05-2011,1501.0999755859375,1524.0,1524.0999755859375,1495.199951171875,30,75.33000183105469,20550.0,30847604.498291016,37192674.82311432
12-05-2011,1506.5999755859375,1492.0999755859375,1498.5,1484.800048828125,11,75.23999786376953,20293.0,30573433.30456543,36862109.1205274
13-05-2011,1493.4000244140625,1503.5,1511.300048828125,1490.199951171875,16,75.76000213623047,20500.0,30614700.50048828,36911864.60150504
16-05-2011,1490.4000244140625,1489.300048828125,1494.9000244140625,1489.300048828125,10,75.47000122070312,20361.0,30346034.897094727,36587936.93886512
17-05-2011,1479.800048828125,1489.800048828125,1491.800048828125,1473.0,41,75.4000015258789,20431.0,30233794.797607422,36452610.07669088
18-05-2011,1495.5999755859375,1496.4000244140625,1497.0,1496.300048828125,82,75.47000122070312,20675.0,30921529.495239258,37281805.516324155
19-05-2011,1492.199951171875,1491.5,1491.5,1491.5,1,75.12000274658203,20655.0,30821389.991455078,37161068.23180019
20-05-2011,1508.800048828125,1499.0,1512.699951171875,1488.699951171875,93,75.43000030517578,20675.0,31194441.009521484,37610852.4349186
23-05-2011,1515.300048828125,1510.5,1512.300048828125,1507.0,42,76.0999984741211,20650.0,31290946.00830078,37727207.62997442
24-05-2011,1523.199951171875,1527.0999755859375,1527.0999755859375,1521.9000244140625,4,75.87999725341797,20351.0,30998642.206298828,37374779.60730507
25-05-2011,1526.5999755859375,1526.4000244140625,1527.5,1526.0999755859375,10,75.93000030517578,20550.0,31371629.498291016,37824486.9764782
26-05-2011,1522.800048828125,1521.199951171875,1521.199951171875,1519.5,186986,75.55000305175781,20500.0,31217401.000976562,37638535.08678148
27-05-2011,1536.300048828125,1519.4000244140625,1538.5,1518.4000244140625,76719,74.94999694824219,20490.0,31478788.00048828,37953687.00324123
31-05-2011,1535.9000244140625,1536.699951171875,1541.0999755859375,1532.4000244140625,6152,74.63999938964844,20270.0,31132693.494873047,37536404.02082595
01-06-2011,1542.4000244140625,1535.699951171875,1550.5999755859375,1529.699951171875,2845,74.68000030517578,20500.0,31619200.50048828,38122981.0712422
02-06-2011,1532.0,1541.300048828125,1544.5,1520.0,1651,74.33000183105469,20475.0,31367700.0,37819749.21630094
03-06-2011,1541.699951171875,1534.699951171875,1546.300048828125,1525.0,1745,73.77999877929688,20500.0,31604848.999023438,38105677.59708637
06-06-2011,1546.5,1542.9000244140625,1553.9000244140625,1542.0,691,73.94999694824219,20313.0,31414054.5,37875638.413310826
07-06-2011,1543.300048828125,1545.0,1549.9000244140625,1537.199951171875,2530,73.5199966430664,20500.0,31637651.000976562,38145226.67105927
08-06-2011,1538.0999755859375,1544.199951171875,1544.199951171875,1531.300048828125,489,73.93000030517578,20550.0,31607954.498291016,38109421.86917171
09-06-2011,1542.0999755859375,1536.0999755859375,1548.800048828125,1534.4000244140625,288,74.19000244140625,20500.0,31613049.49951172,38115564.8655796
10-06-2011,1528.5999755859375,1543.699951171875,1543.9000244140625,1526.4000244140625,632,74.79000091552734,20500.0,31336299.49951172,37781889.91983569
13-06-2011,1515.0,1528.0999755859375,1533.0,1511.300048828125,851,74.51000213623047,20500.0,31057500.0,37445743.91126115
14-06-2011,1523.800048828125,1517.199951171875,1526.199951171875,1513.0999755859375,306,74.33000183105469,20293.0,30922474.39086914,37282944.76834958
15-06-2011,1525.5999755859375,1525.0,1533.4000244140625,1515.0,648,75.5999984741211,20283.0,30943744.30480957,37308589.7091989
16-06-2011,1529.300048828125,1526.0,1531.199951171875,1522.0,164,75.75,20351.0,31122785.293701172,37524457.79322543
17-06-2011,1538.5999755859375,1523.0,1541.5999755859375,1523.0,72,74.98999786376953,20675.0,31810554.495239258,38353694.833903134
20-06-2011,1541.5,1536.0,1545.699951171875,1535.199951171875,99,75.02999877929688,20600.0,31754900.0,38286592.7176272
21-06-2011,1546.0,1540.0999755859375,1547.5,1540.0,125,74.54000091552734,20600.0,31847600.0,38398360.260429226
22-06-2011,1552.9000244140625,1547.199951171875,1558.5,1544.4000244140625,222,74.77999877929688,20560.0,31927624.501953125,38494845.07107924
23-06-2011,1520.0999755859375,1547.199951171875,1547.199951171875,1514.699951171875,300,75.44999694824219,20555.0,31245654.998168945,37672600.6729792
24-06-2011,1500.5,1524.699951171875,1525.0,1498.5,257,75.66999816894531,20316.0,30484158.0,36754470.70171208
27-06-2011,1496.0,1503.5,1503.5,1490.699951171875,140,75.38999938964844,20520.0,30697920.0,37012201.591511935
28-06-2011,1499.699951171875,1499.9000244140625,1505.0,1496.0999755859375,508,75.05999755859375,20550.0,30818833.99658203,37157986.49214134
29-06-2011,1509.9000244140625,1504.0999755859375,1512.199951171875,1504.0999755859375,395,74.69000244140625,20540.0,31013346.501464844,37392508.44160217
30-06-2011,1502.300048828125,1511.5,1514.0,1498.800048828125,69,74.30000305175781,20250.0,30421575.98876953,36679016.14271706
01-07-2011,1482.300048828125,1502.199951171875,1502.199951171875,1480.0,66,74.3499984741211,20555.0,30468677.50366211,36735806.008755855
05-07-2011,1512.300048828125,1490.4000244140625,1515.0,1490.300048828125,199,74.69000244140625,20550.0,31077766.00341797,37470178.44636842
06-07-2011,1528.699951171875,1513.699951171875,1531.5,1510.300048828125,71,75.12000274658203,20540.0,31399496.997070312,37858086.56507151
07-07-2011,1530.199951171875,1529.0999755859375,1533.0999755859375,1522.699951171875,55,74.95999908447266,20530.0,31415004.997558594,37876784.419530496
08-07-2011,1541.199951171875,1527.0,1542.5999755859375,1526.5999755859375,3,75.18000030517578,20535.0,31648540.997314453,38158356.6401187
11-07-2011,1548.800048828125,1550.0,1555.199951171875,1543.0999755859375,14,75.98999786376953,20530.0,31796865.002441406,38337189.53754691
12-07-2011,1561.9000244140625,1548.199951171875,1565.0,1542.0,8,75.80999755859375,20540.0,32081426.501464844,38680282.73627302
13-07-2011,1585.199951171875,1574.0,1585.5999755859375,1570.800048828125,29,75.20999908447266,20545.0,32567932.996826172,39266859.1714808
14-07-2011,1589.0,1586.300048828125,1592.800048828125,1583.5999755859375,19,75.25,20540.0,32638060.0,39351410.65830721
15-07-2011,1589.800048828125,1582.300048828125,1592.199951171875,1582.300048828125,8,75.12999725341797,20545.0,32662442.003173828,39380807.81670343
18-07-2011,1602.0999755859375,1592.800048828125,1605.0,1592.800048828125,13,75.4800033569336,20540.0,32907133.498535156,39675830.116391554
19-07-2011,1600.9000244140625,1608.0999755859375,1608.800048828125,1583.300048828125,63,75.22000122070312,20535.0,32874482.001342773,39636462.504633196
20-07-2011,1596.699951171875,1584.300048828125,1596.699951171875,1582.4000244140625,9,74.79000091552734,20525.0,32772266.497802734,39513222.20617643
21-07-2011,1586.800048828125,1598.0,1601.5999755859375,1586.5999755859375,24,74.0199966430664,20530.0,32577005.002441406,39277797.20574078
22-07-2011,1601.300048828125,1588.5,1606.5,1588.5,12,74.19999694824219,20530.0,32874690.002441406,39636713.28965687
25-07-2011,1612.0,1610.0,1619.4000244140625,1610.0,67,74.05999755859375,20525.0,33086300.0,39891849.52978057
26-07-2011,1616.5999755859375,1609.800048828125,1618.5,1609.800048828125,28,73.47000122070312,20530.0,33188797.498779297,40015429.82732011
27-07-2011,1615.0,1619.699951171875,1619.699951171875,1617.0,232220,74.08999633789062,20545.0,33180175.0,40005033.7593441
28-07-2011,1613.4000244140625,1614.199951171875,1620.5999755859375,1602.800048828125,70263,74.22000122070312,20540.0,33139236.501464844,39955674.5858028
29-07-2011,1628.300048828125,1617.0999755859375,1634.9000244140625,1610.5999755859375,6761,73.9000015258789,20540.0,33445283.002929688,40324672.055618145
01-08-2011,1619.0,1623.0,1631.800048828125,1607.0,2889,74.26000213623047,20333.0,32919127.0,39690290.57149747
02-08-2011,1641.9000244140625,1619.300048828125,1660.5999755859375,1616.800048828125,2440,74.51000213623047,20249.0,33246833.59436035,40085403.41736237
03-08-2011,1663.4000244140625,1659.9000244140625,1672.300048828125,1651.5999755859375,2024,74.04000091552734,20284.0,33740406.095214844,40680499.270816065
04-08-2011,1656.199951171875,1660.5,1681.800048828125,1640.0,1952,75.12000274658203,20464.0,33892475.80078125,40863848.325031646
05-08-2011,1648.800048828125,1647.5,1666.0999755859375,1642.699951171875,825,74.5999984741211,20302.0,33473938.591308594,40359221.83663925
08-08-2011,1710.199951171875,1679.0999755859375,1720.0,1678.0999755859375,1885,74.79000091552734,20328.0,34764944.607421875,41915775.991586536
09-08-2011,1740.0,1722.5,1779.0,1720.0999755859375,1861,74.61000061035156,20533.0,35727420.0,43076223.77622377
10-08-2011,1781.300048828125,1744.0,1795.5999755859375,1741.300048828125,969,74.63999938964844,20533.0,36575433.90258789,44098666.388459
11-08-2011,1748.800048828125,1795.0999755859375,1813.5,1733.300048828125,1503,74.68000030517578,20556.0,35948333.80371094,43342577.530396596
12-08-2011,1740.199951171875,1760.5999755859375,1764.199951171875,1723.800048828125,1166,74.61000061035156,20556.0,35771550.19628906,43129431.1505776
15-08-2011,1755.5,1734.9000244140625,1765.199951171875,1730.5,976,73.83999633789062,20330.0,35689315.0,43030280.92597058
16-08-2011,1782.4000244140625,1769.0,1787.300048828125,1761.5999755859375,278,74.01000213623047,20481.0,36505334.900024414,44014148.66171258
17-08-2011,1791.199951171875,1784.800048828125,1794.300048828125,1782.0,231,73.66999816894531,20532.0,36776917.39746094,44341593.196842216
18-08-2011,1818.9000244140625,1786.5,1828.5,1785.5,868,74.23999786376953,20539.0,37358387.60144043,45042666.50764459
19-08-2011,1848.9000244140625,1823.699951171875,1874.4000244140625,1823.699951171875,328,73.98999786376953,20800.0,38457120.5078125,46367398.731387146
22-08-2011,1888.699951171875,1868.5999755859375,1895.0,1858.4000244140625,1106,74.06999969482422,20780.0,39247184.98535156,47319972.25144871
23-08-2011,1858.300048828125,1909.0,1909.300048828125,1824.5999755859375,458,73.87000274658203,20785.0,38624766.51489258,46569527.98998382
24-08-2011,1754.0999755859375,1833.0,1853.0999755859375,1753.0999755859375,992,74.01000213623047,20800.0,36485279.4921875,43989968.03977273
25-08-2011,1759.800048828125,1748.4000244140625,1772.5,1707.300048828125,864,74.27999877929688,20790.0,36586243.01513672,44111698.836673155
26-08-2011,1794.0999755859375,1768.5,1829.300048828125,1768.5,270,73.80999755859375,20760.0,37245515.49316406,44906577.63824941
29-08-2011,1788.4000244140625,1817.9000244140625,1817.9000244140625,1786.699951171875,828,73.72000122070312,20800.0,37198720.5078125,44850157.3520768
30-08-2011,1826.699951171875,1787.199951171875,1839.5999755859375,1783.0999755859375,598,73.94000244140625,20795.0,37986225.48461914,45799644.90549691
31-08-2011,1828.5,1830.5999755859375,1837.9000244140625,1811.4000244140625,336,74.12999725341797,20800.0,38032800.0,45855799.37304075
01-09-2011,1826.0,1825.800048828125,1829.5,1814.4000244140625,263,74.4800033569336,20800.0,37980800.0,45793103.448275864
02-09-2011,1873.699951171875,1828.5999755859375,1884.199951171875,1828.5999755859375,442,74.75,20805.0,38982327.48413086,47000635.98279583
06-09-2011,1869.9000244140625,1886.300048828125,1911.5999755859375,1864.0,536,75.91999816894531,20810.0,38912619.50805664,46916589.71311387
07-09-2011,1814.199951171875,1868.9000244140625,1873.699951171875,1792.800048828125,470,75.45999908447266,20805.0,37744429.98413086,45508114.28036033
08-09-2011,1854.4000244140625,1839.300048828125,1870.0,1835.0,142,76.23999786376953,20800.0,38571520.5078125,46505329.76586991
09-09-2011,1856.4000244140625,1858.0999755859375,1881.300048828125,1830.0,188,77.19000244140625,20805.0,38622402.50793457,46566677.72839953
12-09-2011,1809.9000244140625,1852.4000244140625,1852.4000244140625,1806.0,245,77.56999969482422,20800.0,37645920.5078125,45389342.30505486
13-09-2011,1826.800048828125,1817.800048828125,1835.300048828125,1808.0999755859375,52,76.91000366210938,20532.0,37507858.60253906,45222882.32763331
14-09-2011,1823.5,1843.0,1843.0,1809.0,156,76.83000183105469,20800.0,37928800.0,45730407.52351097
15-09-2011,1778.5,1816.300048828125,1816.300048828125,1775.800048828125,80,76.23999786376953,20805.0,37001692.5,44612602.48372317
16-09-2011,1812.0999755859375,1768.5,1819.0999755859375,1768.5,111,76.58000183105469,20800.0,37691679.4921875,45444513.49431818
19-09-2011,1776.4000244140625,1814.699951171875,1818.9000244140625,1788.0,13,77.38999938964844,20537.0,36481927.3013916,43985926.33396624
20-09-2011,1806.5999755859375,1778.800048828125,1807.800048828125,1776.0,86,77.02999877929688,20790.0,37559213.49243164,45284800.449037425
21-09-2011,1805.5,1808.0,1811.699951171875,1782.800048828125,22,77.33999633789062,20800.0,37554400.0,45278996.86520376
22-09-2011,1739.199951171875,1773.199951171875,1773.199951171875,1730.9000244140625,23,78.37999725341797,20517.0,35683165.39819336,43022866.407274365
23-09-2011,1637.5,1737.300048828125,1737.300048828125,1636.300048828125,81,78.30000305175781,20590.0,33716125.0,40651223.77622377
26-09-2011,1592.5,1646.4000244140625,1661.800048828125,1562.4000244140625,151,78.36000061035156,20815.0,33147887.5,39966105.01567398
27-09-2011,1650.5999755859375,1653.800048828125,1665.4000244140625,1653.699951171875,47,77.51000213623047,20810.0,34348985.49194336,41414257.88756132
28-09-2011,1616.300048828125,1650.0,1650.0,1650.0,21275,77.8499984741211,20810.0,33635204.01611328,40553658.085499495
29-09-2011,1615.5,1604.0,1633.800048828125,1585.0,7181,77.91999816894531,20541.0,33183985.5,40009628.04436942
30-09-2011,1620.4000244140625,1620.800048828125,1639.4000244140625,1609.4000244140625,284,78.55000305175781,20815.0,33728626.50817871,40666296.730381854
03-10-2011,1656.0,1627.800048828125,1660.800048828125,1627.5999755859375,101,79.44999694824219,20805.0,34453080.0,41539763.68459127
04-10-2011,1614.699951171875,1661.0,1678.0999755859375,1596.5999755859375,159,79.5999984741211,20266.0,32723509.21044922,39454435.990413815
05-10-2011,1640.300048828125,1629.300048828125,1640.300048828125,1599.5999755859375,114,78.91000366210938,20810.0,34134644.01611328,41155828.32904905
06-10-2011,1651.9000244140625,1642.5999755859375,1654.699951171875,1637.5999755859375,38,78.52999877929688,20815.0,34384299.00817871,41456835.07135123
07-10-2011,1634.5,1657.0,1665.0,1626.199951171875,66,78.72000122070312,20810.0,34013945.0,41010302.62840608
10-10-2011,1669.5999755859375,1645.5999755859375,1676.800048828125,1645.5999755859375,61,77.5999984741211,20566.0,34336993.09790039,41399798.767663844
11-10-2011,1659.699951171875,1685.0,1685.0,1657.5999755859375,151,77.58000183105469,20514.0,34047084.798339844,41050258.98039528
12-10-2011,1681.300048828125,1667.0999755859375,1691.0,1667.0999755859375,37,76.98999786376953,20810.0,34987854.01611328,42184535.8284462
13-10-2011,1667.300048828125,1676.0999755859375,1678.800048828125,1656.199951171875,148,76.98999786376953,20805.0,34688177.51586914,41823218.61088635
14-10-2011,1681.800048828125,1665.800048828125,1683.300048828125,1665.800048828125,51,76.62000274658203,20870.0,35099167.01904297,42318744.898773775
17-10-2011,1675.5,1683.5999755859375,1693.5,1667.300048828125,41,77.13999938964844,20885.0,34992817.5,42190520.25560646
18-10-2011,1651.699951171875,1666.0,1666.0,1627.5,85,77.12999725341797,20880.0,34487494.98046875,41581257.51201923
19-10-2011,1646.0,1659.300048828125,1659.300048828125,1641.300048828125,22,77.11000061035156,20920.0,34434320.0,41517144.92404147
20-10-2011,1611.9000244140625,1643.199951171875,1643.199951171875,1608.699951171875,92,76.97000122070312,20682.0,33337316.30493164,40194497.59456431
21-10-2011,1635.0999755859375,1626.0999755859375,1647.4000244140625,1626.0999755859375,32,76.30000305175781,20920.0,34206291.48925781,41242213.03262336
24-10-2011,1651.5,1646.199951171875,1657.800048828125,1646.199951171875,313,76.0199966430664,20925.0,34557637.5,41665827.70677598
25-10-2011,1699.5999755859375,1645.0,1706.800048828125,1645.0,355,76.25,20940.0,35589623.48876953,42910083.78197435
26-10-2011,1722.699951171875,1717.0,1723.5999755859375,1708.9000244140625,135,76.19999694824219,20651.0,35575476.69165039,42893027.11797732
27-10-2011,1746.699951171875,1717.800048828125,1735.5,1717.800048828125,494,74.87000274658203,20965.0,36619564.47631836,44151874.21789047
28-10-2011,1746.199951171875,1752.0,1752.0,1733.0,158,75.08999633789062,20980.0,36635274.97558594,44170816.22327699
31-10-2011,1724.199951171875,1741.9000244140625,1741.9000244140625,1717.0,62,76.16999816894531,20729.0,35740940.7878418,43092525.6665563
01-11-2011,1711.0,1706.699951171875,1720.0999755859375,1682.5,246,77.26000213623047,20731.0,35470741.0,42766748.25174825
02-11-2011,1728.699951171875,1724.300048828125,1741.4000244140625,1723.199951171875,294,77.01000213623047,20720.0,35818662.98828125,43186234.613312334
03-11-2011,1764.199951171875,1740.5,1766.0,1726.5999755859375,290,76.66999816894531,20697.0,36513646.3894043,44024169.74849807
04-11-2011,1755.300048828125,1757.0,1761.199951171875,1754.9000244140625,47,76.91000366210938,21000.0,36861301.025390625,44443333.76584353
07-11-2011,1790.300048828125,1755.300048828125,1797.0,1755.300048828125,35,76.95999908447266,20990.0,37578398.024902344,45307931.06450728
08-11-2011,1798.4000244140625,1798.4000244140625,1798.4000244140625,1785.699951171875,14,76.66999816894531,20990.0,37748416.51245117,45512920.8011227
09-11-2011,1790.9000244140625,1793.0,1793.0,1774.199951171875,6,77.93000030517578,20730.0,37125357.506103516,44761704.251390785
10-11-2011,1758.9000244140625,1766.800048828125,1766.800048828125,1754.800048828125,16,77.63999938964844,20985.0,36910517.0123291,44502673.03150362
11-11-2011,1787.5,1777.0,1789.0999755859375,1777.0,28,76.94000244140625,20980.0,37501750.0,45215517.241379306
14-11-2011,1777.800048828125,1779.0,1779.0,1779.0,24,77.55999755859375,20723.0,36841350.411865234,44419279.49344735
15-11-2011,1781.699951171875,1779.199951171875,1783.0999755859375,1761.300048828125,18,77.87999725341797,20707.0,36893660.888916016,44482349.757554874
16-11-2011,1773.800048828125,1777.5,1777.5,1757.699951171875,65,78.16000366210938,20702.0,36721208.610839844,44274425.621943384
17-11-2011,1719.800048828125,1755.300048828125,1755.300048828125,1714.0,54,78.29000091552734,20745.0,35677252.01293945,43015736.69271696
18-11-2011,1724.699951171875,1725.0,1736.0,1719.0,14,78.0199966430664,20741.0,35772001.68725586,43129975.509110026
21-11-2011,1678.300048828125,1704.5999755859375,1704.5999755859375,1674.4000244140625,9,78.30000305175781,20716.0,34767663.81152344,41919054.51112061
22-11-2011,1702.199951171875,1675.4000244140625,1702.199951171875,1675.4000244140625,13,78.2300033569336,20726.0,35279796.18798828,42536527.83697647
23-11-2011,1695.699951171875,1691.199951171875,1700.0,1681.5999755859375,34,79.0,20709.0,35116250.28881836,42339342.041015625
25-11-2011,1685.5,1690.0999755859375,1693.5,1675.300048828125,28,79.61000061035156,20698.0,34886479.0,42062308.89799855
28-11-2011,1710.800048828125,1710.800048828125,1710.800048828125,1710.800048828125,175525,79.29000091552734,20801.0,35586351.81567383,42906139.15562313
29-11-2011,1713.4000244140625,1711.300048828125,1718.4000244140625,1704.0,64786,79.0,20769.0,35585605.107055664,42905238.855866484
30-11-2011,1745.5,1714.0,1749.199951171875,1699.9000244140625,15463,78.38999938964844,20985.0,36629317.5,44163633.34940921
01-12-2011,1735.300048828125,1747.0,1753.300048828125,1734.5,1350,78.31999969482422,20739.0,35988387.712646484,43390870.162342034
02-12-2011,1747.0,1744.800048828125,1762.9000244140625,1741.5999755859375,1067,78.62999725341797,20985.0,36660795.0,44201585.48348203
05-12-2011,1730.699951171875,1748.9000244140625,1752.5999755859375,1718.699951171875,756,78.61000061035156,20980.0,36310084.97558594,43778737.612232864
06-12-2011,1727.9000244140625,1722.0999755859375,1731.800048828125,1703.0,648,78.51000213623047,20975.0,36242703.01208496,43697495.794652715
07-12-2011,1740.9000244140625,1730.5999755859375,1741.9000244140625,1720.0,300,78.4800033569336,20975.0,36515378.01208496,44026257.55013861
08-12-2011,1709.800048828125,1742.0,1752.300048828125,1705.4000244140625,942,78.80999755859375,20970.0,35854507.02392578,43229451.4395054
09-12-2011,1712.800048828125,1713.300048828125,1720.699951171875,1705.699951171875,568,78.62999725341797,20975.0,35925981.02416992,43315626.988389105
12-12-2011,1664.199951171875,1707.5,1708.199951171875,1658.5,894,79.56999969482422,20827.0,34660292.38305664,41789597.76110036
13-12-2011,1659.9000244140625,1654.699951171875,1671.800048828125,1628.0,274,80.25,20920.0,34725108.51074219,41867745.97388737
14-12-2011,1584.300048828125,1636.5,1639.5,1565.800048828125,890,80.52999877929688,20980.0,33238615.024414062,40075494.362688765
15-12-2011,1574.5999755859375,1571.4000244140625,1592.800048828125,1565.5999755859375,589,80.23999786376953,20985.0,33042980.4876709,39839619.58966831
16-12-2011,1595.5999755859375,1587.4000244140625,1595.9000244140625,1586.0,57,80.25,20980.0,33475687.48779297,40361330.465147056
19-12-2011,1594.4000244140625,1596.4000244140625,1603.4000244140625,1589.699951171875,92,80.25,20990.0,33466456.512451172,40350200.762540594
20-12-2011,1615.5999755859375,1596.4000244140625,1617.0,1596.4000244140625,215,79.87999725341797,21000.0,33927599.48730469,40906196.63287278
21-12-2011,1611.9000244140625,1615.5999755859375,1635.0,1608.300048828125,38,80.0199966430664,20710.0,33382449.505615234,40248914.28215003
22-12-2011,1608.9000244140625,1608.800048828125,1610.0,1601.9000244140625,599,79.91999816894531,20990.0,33770811.51245117,40717158.804498635
23-12-2011,1604.699951171875,1612.0,1612.800048828125,1604.699951171875,62,80.01000213623047,20995.0,33690675.474853516,40620539.51634135
27-12-2011,1594.199951171875,1599.0,1599.0,1592.5999755859375,52,79.79000091552734,21000.0,33478198.974609375,40364358.54184877
28-12-2011,1562.9000244140625,1584.9000244140625,1588.5999755859375,1561.300048828125,763,80.48999786376953,21000.0,32820900.512695312,39571859.793459505
29-12-2011,1539.9000244140625,1559.300048828125,1559.300048828125,1525.0,866,80.4800033569336,21000.0,32337900.512695312,38989511.10766254
30-12-2011,1565.800048828125,1549.4000244140625,1579.5,1547.9000244140625,289,80.16999816894531,20995.0,32873972.025146484,39635847.630994074
03-01-2012,1599.699951171875,1568.9000244140625,1604.300048828125,1566.0,229,79.61000061035156,20726.0,33155381.18798828,39975140.08679561
04-01-2012,1611.9000244140625,1596.5999755859375,1618.5999755859375,1594.5,172,80.08999633789062,20718.0,33395344.705810547,40264461.90717452
05-01-2012,1619.4000244140625,1610.800048828125,1624.0999755859375,1597.800048828125,362,80.94000244140625,21000.0,34007400.51269531,41002411.99987378
06-01-2012,1616.0999755859375,1622.5,1627.800048828125,1616.0999755859375,20,81.23999786376953,19205.0,31037200.03112793,37421268.42431629
09-01-2012,1607.5,1614.300048828125,1620.0999755859375,1607.5,8,81.05000305175781,21005.0,33765537.5,40710799.97588618
10-01-2012,1631.0,1619.9000244140625,1638.0,1619.9000244140625,47,80.80000305175781,21000.0,34251000.0,41296117.67542802
11-01-2012,1639.199951171875,1634.800048828125,1645.4000244140625,1633.800048828125,65,81.3499984741211,21005.0,34431394.974365234,41513618.24736585
12-01-2012,1647.300048828125,1645.199951171875,1656.0999755859375,1645.199951171875,84,80.7699966430664,21010.0,34609774.025878906,41728688.23954534
13-01-2012,1630.4000244140625,1638.9000244140625,1643.4000244140625,1630.4000244140625,368,81.43000030517578,21005.0,34246552.51281738,41290755.380778134
17-01-2012,1655.199951171875,1643.699951171875,1657.800048828125,1642.0999755859375,16,81.18000030517578,21005.0,34767474.974365234,41918826.83188478
18-01-2012,1659.5,1654.0,1660.300048828125,1654.0,11,80.5999984741211,21010.0,34866095.0,42037732.09549072
19-01-2012,1654.0999755859375,1663.0,1664.4000244140625,1653.5,58,80.20999908447266,20493.0,33897470.79968262,40869870.74955705
20-01-2012,1663.699951171875,1652.800048828125,1664.300048828125,1652.800048828125,8,80.22000122070312,21005.0,34946017.474365234,42134093.89241046
23-01-2012,1678.0,1676.9000244140625,1680.0,1669.9000244140625,10,79.69000244140625,21015.0,35263170.0,42516481.794068
24-01-2012,1664.199951171875,1666.9000244140625,1668.199951171875,1664.199951171875,5,79.86000061035156,21010.0,34964840.974121094,42156789.214035556
25-01-2012,1699.800048828125,1673.0,1706.199951171875,1672.0,239,79.56999969482422,21000.0,35695801.025390625,43038101.067507386
26-01-2012,1726.300048828125,1729.0,1729.0,1721.0,16,79.41000366210938,21005.0,36260932.525634766,43719474.95253769
27-01-2012,1731.800048828125,1727.0,1734.0999755859375,1727.0,175023,78.9000015258789,21010.0,36385119.025878906,43869205.48092465
30-01-2012,1731.0,1737.199951171875,1739.9000244140625,1715.699951171875,53427,79.16000366210938,20633.0,35715723.0,43062120.81022426
31-01-2012,1737.800048828125,1731.699951171875,1747.699951171875,1725.0,7540,79.27999877929688,21020.0,36528557.02636719,44042147.367213875
01-02-2012,1747.0999755859375,1738.199951171875,1751.0999755859375,1734.0,2027,78.91999816894531,21010.0,36706570.48706055,44256776.5698825
02-02-2012,1756.800048828125,1745.0999755859375,1761.0999755859375,1742.9000244140625,2062,78.97000122070312,21010.0,36910369.025878906,44502494.605593085
03-02-2012,1737.9000244140625,1758.699951171875,1761.300048828125,1724.5,543,78.94000244140625,20940.0,36391626.51123047,43877051.49654023
06-02-2012,1722.800048828125,1728.0,1738.300048828125,1713.300048828125,726,79.08999633789062,20905.0,36015135.02075195,43423119.14727749
07-02-2012,1746.4000244140625,1722.0,1748.0,1713.199951171875,272,78.56999969482422,20880.0,36464832.509765625,43965315.29993444
08-02-2012,1729.300048828125,1744.0,1751.5,1728.199951171875,955,78.63999938964844,20671.0,35746361.30932617,43099061.139771126
09-02-2012,1739.0,1731.4000244140625,1749.699951171875,1726.0999755859375,119,78.55999755859375,20910.0,36362490.0,43841921.87123221
10-02-2012,1723.300048828125,1732.699951171875,1734.4000244140625,1706.4000244140625,248,79.11000061035156,20895.0,36008354.52026367,43414943.959806696
13-02-2012,1723.0,1725.0,1733.0,1718.4000244140625,104,78.94000244140625,20825.0,35881475.0,43261966.48179407
14-02-2012,1715.9000244140625,1720.0,1724.9000244140625,1715.0,94,79.58000183105469,20815.0,35716459.00817871,43063008.20855885
15-02-2012,1726.300048828125,1723.5999755859375,1737.0,1723.5999755859375,110,79.66999816894531,20800.0,35907041.015625,43292791.19318182
16-02-2012,1726.800048828125,1718.4000244140625,1728.4000244140625,1707.0,38,79.33999633789062,20527.0,35446024.60229492,42736947.91692177
17-02-2012,1724.5,1733.5999755859375,1735.0999755859375,1718.800048828125,80,79.33000183105469,20805.0,35878222.5,43258044.97226911
21-02-2012,1757.0999755859375,1736.0999755859375,1760.0,1733.5999755859375,115,79.04000091552734,20800.0,36547679.4921875,44065203.149490595
22-02-2012,1770.0,1758.699951171875,1781.9000244140625,1750.0,161,79.20999908447266,20805.0,36824850.0,44399385.09766096
23-02-2012,1784.9000244140625,1774.0,1786.0,1773.0,298,78.80999755859375,20790.0,37108071.50756836,44740862.680936046
24-02-2012,1775.0999755859375,1778.5,1780.699951171875,1771.300048828125,129,78.3499984741211,20539.0,36458778.39855957,43958015.91338265
27-02-2012,1773.5999755859375,1773.5999755859375,1775.5999755859375,1768.0999755859375,841,78.55999755859375,20800.0,36890879.4921875,44478996.25293887
28-02-2012,1787.0,1767.9000244140625,1789.4000244140625,1767.9000244140625,306,78.2699966430664,20800.0,37169600.0,44815047.02194357
29-02-2012,1709.9000244140625,1789.9000244140625,1790.4000244140625,1669.0,359,78.7300033569336,20805.0,35574470.00793457,42891813.36862138
01-03-2012,1721.0999755859375,1698.5999755859375,1724.5999755859375,1698.5999755859375,214,78.77999877929688,20800.0,35798879.4921875,43162381.832876176
02-03-2012,1708.800048828125,1723.0,1723.0,1705.199951171875,135,79.4000015258789,20810.0,35560129.01611328,42874522.565846734
05-03-2012,1703.0,1705.5,1709.5,1695.4000244140625,421,79.31999969482422,20808.0,35436024.0,42724890.28213166
06-03-2012,1671.4000244140625,1708.699951171875,1708.699951171875,1666.0,176,79.86000061035156,20805.0,34773477.50793457,41926064.03175135
07-03-2012,1683.300048828125,1676.0,1684.0,1673.0999755859375,39,79.70999908447266,20785.0,34987391.51489258,42183978.194951266
08-03-2012,1698.0999755859375,1686.4000244140625,1702.4000244140625,1686.4000244140625,301,79.16000366210938,20805.0,35328969.99206543,42595816.243146166
09-03-2012,1710.9000244140625,1698.800048828125,1710.9000244140625,1680.699951171875,73,80.04000091552734,20800.0,35586720.5078125,42906583.684365205
12-03-2012,1699.199951171875,1708.0999755859375,1708.0999755859375,1694.9000244140625,98,79.87000274658203,20810.0,35360350.98388672,42633652.018189915
13-03-2012,1693.699951171875,1698.4000244140625,1698.4000244140625,1685.0999755859375,47,80.19000244140625,20820.0,35262832.98339844,42516075.456231534
14-03-2012,1642.5,1676.9000244140625,1681.0,1637.4000244140625,201,80.55999755859375,20805.0,34172212.5,41201124.30672775
15-03-2012,1659.0999755859375,1646.300048828125,1660.199951171875,1640.0,405,80.1500015258789,20805.0,34517574.99206543,41617524.70709601
16-03-2012,1655.5,1660.0,1661.4000244140625,1641.300048828125,317,79.77999877929688,20805.0,34442677.5,41527221.48541114
19-03-2012,1666.9000244140625,1661.199951171875,1668.0,1652.0999755859375,462,79.44999694824219,20810.0,34688189.50805664,41823233.06975722
20-03-2012,1646.699951171875,1648.0999755859375,1652.300048828125,1642.0,250,79.58999633789062,20805.0,34259592.48413086,41306477.55501671
21-03-2012,1650.0,1657.800048828125,1660.0,1646.0999755859375,546,79.62999725341797,20805.0,34328250.0,41389257.294429705
22-03-2012,1642.300048828125,1648.0,1649.4000244140625,1633.800048828125,321,79.73999786376953,20805.0,34168052.51586914,41196108.65187984
23-03-2012,1662.300048828125,1652.5,1665.0999755859375,1646.300048828125,76,79.33999633789062,20822.0,34612411.61669922,41731868.35869209
26-03-2012,1685.5,1665.0,1692.9000244140625,1657.800048828125,84,78.93000030517578,20820.0,35092110.0,42310236.31540873
27-03-2012,1684.800048828125,1687.800048828125,1690.800048828125,1684.4000244140625,100,79.04000091552734,20810.0,35060689.01611328,42272352.32229718
28-03-2012,1657.9000244140625,1670.0999755859375,1670.0999755859375,1657.9000244140625,193107,79.16000366210938,20810.0,34500899.50805664,41597419.228426136
29-03-2012,1652.199951171875,1661.800048828125,1664.5,1644.300048828125,47342,79.18000030517578,20780.0,34332714.98535156,41394640.68646198
30-03-2012,1669.300048828125,1660.5999755859375,1670.0,1659.0,9825,78.93000030517578,20785.0,34696401.51489258,41833134.21134866
02-04-2012,1677.5,1670.4000244140625,1682.800048828125,1662.0,2531,78.81999969482422,20780.0,34858450.0,42028514.58885942
03-04-2012,1670.0,1677.5999755859375,1679.5,1638.699951171875,1165,79.4800033569336,20785.0,34710950.0,41850675.18688208
04-04-2012,1612.300048828125,1646.5,1647.0,1612.300048828125,1122,79.76000213623047,20785.0,33511656.514892578,40404697.9923952
05-04-2012,1628.5,1620.800048828125,1633.199951171875,1620.4000244140625,289,80.06999969482422,20800.0,33872800.0,40840125.391849525
09-04-2012,1642.5,1645.300048828125,1646.4000244140625,1636.5,158,79.7300033569336,20800.0,34164000.0,41191222.57053291
10-04-2012,1659.5,1649.0,1661.699951171875,1636.199951171875,350,79.88999938964844,20800.0,34517600.0,41617554.85893417
11-04-2012,1659.0,1654.800048828125,1659.699951171875,1654.699951171875,426,79.77999877929688,20810.0,34523790.0,41625018.08536291
12-04-2012,1679.5,1660.0,1680.0999755859375,1650.0,1309,79.27999877929688,20800.0,34933600.0,42119122.25705329
13-04-2012,1659.0999755859375,1673.300048828125,1674.800048828125,1650.0,220,79.87999725341797,20810.0,34525870.49194336,41627526.51548512
16-04-2012,1648.699951171875,1650.800048828125,1656.800048828125,1641.199951171875,717,79.55000305175781,20800.0,34292958.984375,41346707.239420064
17-04-2012,1650.300048828125,1652.0,1652.9000244140625,1637.0,69,79.47000122070312,20800.0,34326241.015625,41386835.08032915
18-04-2012,1638.800048828125,1653.199951171875,1653.300048828125,1638.0999755859375,273,79.52999877929688,20805.0,34095235.01586914,41108313.25761893
19-04-2012,1640.5999755859375,1642.0999755859375,1653.0999755859375,1632.0,77,79.55999755859375,20805.0,34132682.49206543,41153463.33743119
20-04-2012,1642.0999755859375,1641.699951171875,1645.5999755859375,1640.9000244140625,54,79.18000030517578,20810.0,34172100.49194336,41200989.25963752
23-04-2012,1631.9000244140625,1642.4000244140625,1642.4000244140625,1625.0999755859375,226,79.41999816894531,20805.0,33951680.00793457,40935230.29652106
24-04-2012,1643.0,1634.4000244140625,1648.5999755859375,1634.4000244140625,123,79.22000122070312,20800.0,34174400.0,41203761.75548589
25-04-2012,1641.4000244140625,1641.300048828125,1643.800048828125,1626.9000244140625,82,79.01000213623047,20810.0,34157534.50805664,41183427.18598582
26-04-2012,1659.5999755859375,1658.300048828125,1659.5999755859375,1658.300048828125,280,78.91000366210938,20601.0,34189419.0970459,41221870.14353255
27-04-2012,1664.0,1654.5,1666.9000244140625,1654.0,236,78.69999694824219,20815.0,34636160.0,41760501.567398116
30-04-2012,1663.4000244140625,1663.0,1665.699951171875,1653.0,36,78.79000091552734,20815.0,34623671.50817871,41745444.30694322
01-05-2012,1661.699951171875,1665.0,1670.5,1661.699951171875,25,78.86000061035156,20810.0,34579975.98388672,41692761.01264374
02-05-2012,1653.4000244140625,1659.199951171875,1659.199951171875,1648.300048828125,50,79.12999725341797,20815.0,34415521.50817871,41494479.754254535
03-05-2012,1634.199951171875,1651.199951171875,1652.199951171875,1631.300048828125,78,79.22000122070312,20805.0,33999529.98413086,40992922.57551345
04-05-2012,1644.699951171875,1635.699951171875,1645.5999755859375,1629.4000244140625,68,79.47000122070312,20810.0,34226205.98388672,41266223.75679614
07-05-2012,1638.5999755859375,1637.9000244140625,1640.0,1632.5999755859375,21,79.5999984741211,20800.0,34082879.4921875,41093416.315634795
08-05-2012,1604.0,1636.699951171875,1636.699951171875,1596.0,154,79.7300033569336,20539.0,32944556.0,39720950.08439836
09-05-2012,1593.699951171875,1595.300048828125,1595.300048828125,1586.300048828125,30,80.08000183105469,20805.0,33156927.48413086,39977004.4419229
10-05-2012,1595.0999755859375,1594.199951171875,1595.0999755859375,1592.4000244140625,6,80.11000061035156,20805.0,33186054.99206543,40012123.21203934
11-05-2012,1583.5999755859375,1586.0999755859375,1589.5999755859375,1583.5999755859375,6,80.27999877929688,20810.0,32954715.49194336,39733199.29098548
14-05-2012,1560.5999755859375,1563.0,1563.0999755859375,1555.5,5,80.5999984741211,20805.0,32468282.49206543,39146711.468610354
15-05-2012,1556.800048828125,1555.4000244140625,1558.300048828125,1542.4000244140625,28,81.22000122070312,20810.0,32397009.01611328,39060777.69003289
16-05-2012,1536.199951171875,1541.4000244140625,1541.4000244140625,1528.5,26,81.37000274658203,20810.0,31968320.98388672,38543912.447415866
17-05-2012,1574.5,1546.9000244140625,1579.0,1546.9000244140625,51,81.37999725341797,20540.0,32340230.0,38992319.7492163
18-05-2012,1591.5999755859375,1573.699951171875,1591.5999755859375,1568.199951171875,26,81.29000091552734,20800.0,33105279.4921875,39914732.93005486
21-05-2012,1588.4000244140625,1591.9000244140625,1594.0999755859375,1588.4000244140625,32,81.08000183105469,20810.0,33054604.50805664,39853634.56481389
22-05-2012,1576.300048828125,1575.699951171875,1578.0999755859375,1568.4000244140625,27,81.66999816894531,20656.0,32560053.80859375,39257359.30623794
23-05-2012,1548.0999755859375,1538.199951171875,1548.0999755859375,1534.4000244140625,6,82.08999633789062,20658.0,31980649.295654297,38558776.58024391
24-05-2012,1557.300048828125,1559.0,1569.4000244140625,1551.5,23,82.29000091552734,20604.0,32086610.206054688,38686532.68152241
25-05-2012,1568.800048828125,1558.199951171875,1568.800048828125,1557.300048828125,7,82.4000015258789,20638.0,32376895.407714844,39036526.896207914
29-05-2012,1548.5999755859375,1574.699951171875,1582.5,1548.5999755859375,259050,82.44000244140625,20608.0,31913548.296875,38477873.51926091
30-05-2012,1563.4000244140625,1553.9000244140625,1569.0,1530.4000244140625,79887,83.01000213623047,20654.0,32290464.104248047,38932317.4635255
31-05-2012,1562.5999755859375,1562.699951171875,1572.5999755859375,1551.800048828125,5901,83.04000091552734,20605.0,32197372.496948242,38820077.76338105
01-06-2012,1620.5,1560.0,1630.0,1545.5,2820,82.88999938964844,20362.0,32996621.0,39783724.37906921
04-06-2012,1612.199951171875,1623.0,1627.9000244140625,1609.0,2134,82.55000305175781,20502.0,33053323.39892578,39852089.94324304
05-06-2012,1615.199951171875,1619.300048828125,1622.699951171875,1612.9000244140625,604,82.80000305175781,20599.0,33271503.794189453,40115148.05183199
06-06-2012,1632.800048828125,1619.699951171875,1639.699951171875,1616.5,419,82.31999969482422,20561.0,33572001.80395508,40477455.75591401
07-06-2012,1586.5999755859375,1622.5999755859375,1627.199951171875,1581.9000244140625,1200,82.05000305175781,20740.0,32906083.493652344,39674564.135100484
08-06-2012,1590.0999755859375,1589.9000244140625,1593.9000244140625,1566.5,157,82.51000213623047,20940.0,33296693.48876953,40145519.03637513
11-06-2012,1595.5,1608.0,1608.0,1583.0,129,82.51000213623047,20822.0,33221501.0,40054860.13986014
12-06-2012,1612.699951171875,1594.0999755859375,1612.800048828125,1588.5,523,82.41000366210938,20585.0,33197428.494873047,40025836.14043049
13-06-2012,1618.0999755859375,1608.199951171875,1622.4000244140625,1608.199951171875,655,82.05000305175781,20584.0,33306969.897460938,40157909.20841685
14-06-2012,1618.4000244140625,1621.199951171875,1626.4000244140625,1610.0999755859375,493,81.9000015258789,20542.0,33245173.301513672,40083401.61745077
15-06-2012,1627.0,1624.300048828125,1630.0,1621.5,1015,81.58999633789062,20910.0,34020570.0,41018290.330359295
18-06-2012,1625.699951171875,1622.5999755859375,1627.5999755859375,1615.0,246,81.94000244140625,20925.0,34017771.478271484,41014916.1782873
19-06-2012,1622.199951171875,1629.800048828125,1630.699951171875,1622.0,32,81.37000274658203,20521.0,33289165.197998047,40136442.24499403
20-06-2012,1614.800048828125,1618.300048828125,1618.300048828125,1601.300048828125,140,81.48999786376953,20598.0,33261651.40576172,40103269.117147
21-06-2012,1564.5,1603.199951171875,1603.300048828125,1564.5,29,82.31999969482422,20809.0,32555680.5,39252086.448034726
22-06-2012,1566.0,1565.5,1568.4000244140625,1560.0,16,82.22000122070312,20910.0,32745060.0,39480419.58041958
25-06-2012,1587.5,1574.9000244140625,1587.5,1571.0,32,82.45999908447266,20890.0,33162875.0,39984175.307451166
26-06-2012,1574.0,1583.5,1583.5,1567.699951171875,104,82.37000274658203,20606.0,32433844.0,39105189.29346515
27-06-2012,1577.5,1567.0,1577.5,1563.0,220,82.55999755859375,20890.0,32953975.0,39732306.48661683
28-06-2012,1549.699951171875,1573.699951171875,1573.699951171875,1548.4000244140625,133,82.66999816894531,20850.0,32311243.981933594,38957371.57214081
29-06-2012,1603.5,1562.5999755859375,1603.5,1561.9000244140625,61,81.6500015258789,20449.0,32789971.5,39534568.96551724
02-07-2012,1597.199951171875,1597.0999755859375,1598.300048828125,1589.699951171875,35,81.87000274658203,20640.0,32966206.9921875,39747054.48780745
03-07-2012,1621.300048828125,1603.800048828125,1624.0,1603.800048828125,44,81.77999877929688,20820.0,33755467.01660156,40698658.08608821
05-07-2012,1608.9000244140625,1618.5,1619.199951171875,1598.0,27,82.80999755859375,20768.0,33413635.70703125,40286515.200182356
06-07-2012,1578.4000244140625,1592.300048828125,1593.800048828125,1578.4000244140625,15,83.29000091552734,20713.0,32693399.705688477,39418133.23569867
09-07-2012,1588.5999755859375,1582.0999755859375,1588.5999755859375,1580.9000244140625,5,83.16000366210938,20532.0,32617134.69873047,39326181.21380573
10-07-2012,1579.300048828125,1599.199951171875,1599.800048828125,1567.5999755859375,12,83.36000061035156,20652.0,32615704.608398438,39324456.96696219
11-07-2012,1575.199951171875,1577.4000244140625,1579.5,1575.199951171875,12,83.56999969482422,20629.0,32494799.79272461,39178683.135669895
12-07-2012,1564.9000244140625,1569.300048828125,1574.699951171875,1557.199951171875,44,83.6500015258789,20522.0,32114878.30102539,38720615.2652826
13-07-2012,1591.5999755859375,1567.800048828125,1594.0999755859375,1567.800048828125,26,83.30000305175781,20830.0,33153027.491455078,39972302.256396286
16-07-2012,1591.199951171875,1586.199951171875,1591.199951171875,1585.800048828125,7,83.08999633789062,20388.0,32441384.604492188,39114280.93138677
17-07-2012,1589.0999755859375,1596.0,1596.0,1576.300048828125,27,83.02999877929688,20820.0,33085061.49169922,39890356.27164121
18-07-2012,1570.4000244140625,1581.199951171875,1583.699951171875,1569.9000244140625,30,82.94999694824219,20445.0,32106828.499145508,38710909.692724265
19-07-2012,1580.0999755859375,1580.0,1586.9000244140625,1578.4000244140625,60,82.9000015258789,20825.0,32905581.99157715,39673959.47863172
20-07-2012,1582.5,1583.9000244140625,1584.4000244140625,1576.0999755859375,5,83.47000122070312,20647.0,32673877.5,39394595.49071618
23-07-2012,1577.0999755859375,1571.699951171875,1577.0999755859375,1569.800048828125,4,83.70999908447266,20805.0,32811564.99206543,39560604.04155465
24-07-2012,1576.0,1574.0,1581.9000244140625,1574.0,9,84.01000213623047,20599.0,32464024.0,39141577.04364601
25-07-2012,1608.0,1583.699951171875,1608.0,1583.300048828125,12,83.5199966430664,20810.0,33462480.0,40345406.31782011
26-07-2012,1615.0,1614.9000244140625,1615.0,1614.0999755859375,7,82.80999755859375,20820.0,33624300.0,40540511.212925
27-07-2012,1617.9000244140625,1613.4000244140625,1617.9000244140625,1613.4000244140625,197976,82.70999908447266,20820.0,33684678.50830078,40613309.028575815
30-07-2012,1619.699951171875,1622.9000244140625,1625.800048828125,1613.0999755859375,52890,82.79000091552734,20550.0,33284833.99658203,40131220.155030176
31-07-2012,1610.5,1621.0999755859375,1627.5,1610.0,6281,82.63999938964844,20830.0,33546715.0,40446967.68748493
01-08-2012,1603.699951171875,1613.4000244140625,1617.199951171875,1592.0,3530,83.05999755859375,20672.0,33151685.390625,39970684.097691104
02-08-2012,1587.4000244140625,1600.0,1615.0,1583.0999755859375,933,83.33000183105469,20686.0,32836956.905029297,39591218.83895502
03-08-2012,1606.0,1589.300048828125,1606.0,1585.0999755859375,676,82.37999725341797,20375.0,32722250.0,39452917.77188329
06-08-2012,1612.9000244140625,1604.699951171875,1614.0999755859375,1603.199951171875,662,82.2699966430664,20462.0,33003160.299560547,39791608.7527858
07-08-2012,1609.699951171875,1610.800048828125,1615.699951171875,1609.300048828125,449,82.20999908447266,20572.0,33114747.395507812,39926148.294559695
08-08-2012,1612.9000244140625,1610.199951171875,1614.800048828125,1603.0,341,82.38999938964844,20527.0,33107998.80114746,39918011.57601575
09-08-2012,1617.0999755859375,1612.800048828125,1617.199951171875,1610.0999755859375,433,82.63999938964844,20820.0,33668021.49169922,40593225.81589006
10-08-2012,1619.699951171875,1615.800048828125,1624.0999755859375,1605.0,1219,82.55000305175781,20496.0,33197370.19921875,40025765.85389287
13-08-2012,1609.5999755859375,1622.0,1623.699951171875,1607.300048828125,402,82.44000244140625,20536.0,33054745.098632812,39853804.0735867
14-08-2012,1599.4000244140625,1612.800048828125,1615.5999755859375,1591.199951171875,910,82.4800033569336,20679.0,33073993.1048584,39877011.21878273
15-08-2012,1603.699951171875,1593.800048828125,1604.5999755859375,1592.0,280,82.6500015258789,20522.0,32911130.39794922,39680649.141486876
16-08-2012,1616.0999755859375,1600.199951171875,1616.0999755859375,1600.199951171875,199,82.36000061035156,20391.0,32953894.60217285,39732209.551691405
17-08-2012,1616.300048828125,1617.800048828125,1617.800048828125,1611.4000244140625,249,82.5999984741211,20571.0,33248908.30444336,40087904.87634839
20-08-2012,1620.0999755859375,1614.0,1621.4000244140625,1611.5999755859375,68,82.45999908447266,20480.0,33179647.5,40004397.757415
21-08-2012,1639.9000244140625,1620.0,1639.9000244140625,1620.0,258,81.91000366210938,20480.0,33585152.5,40493311.42994936
22-08-2012,1637.4000244140625,1638.4000244140625,1653.0999755859375,1635.0,37,81.48999786376953,20406.0,33412784.89819336,40285489.38774218
23-08-2012,1669.5999755859375,1659.9000244140625,1672.699951171875,1658.0,141,81.36000061035156,20555.0,34318627.498168945,41377655.53191336
24-08-2012,1669.800048828125,1665.800048828125,1669.800048828125,1662.199951171875,24,81.58999633789062,20558.0,34327749.403808594,41388653.73017675
27-08-2012,1672.4000244140625,1674.9000244140625,1674.9000244140625,1663.9000244140625,42,81.66000366210938,20592.0,34438061.302734375,41521655.778556034
28-08-2012,1666.5,1659.9000244140625,1671.0,1659.199951171875,51,81.37000274658203,20520.0,34196580.0,41230503.97877984
29-08-2012,1659.800048828125,1667.199951171875,1667.300048828125,1659.800048828125,403,81.55000305175781,20590.0,34175283.005371094,41204826.38699191
30-08-2012,1653.5,1655.4000244140625,1662.0,1650.699951171875,418,81.68000030517578,20597.0,34057139.5,41062381.84229563
31-08-2012,1684.5999755859375,1658.5999755859375,1690.0,1646.199951171875,58,81.25,20533.0,34589891.298706055,41704715.817104
04-09-2012,1692.9000244140625,1689.0999755859375,1698.0,1687.699951171875,43,81.31999969482422,20570.0,34822953.502197266,41985716.78586601
05-09-2012,1690.800048828125,1690.4000244140625,1693.300048828125,1690.4000244140625,82,81.23999786376953,20451.0,34578551.798583984,41691043.88544006
06-09-2012,1702.5999755859375,1696.4000244140625,1712.4000244140625,1696.4000244140625,39,81.08000183105469,20507.0,34915217.69934082,42096958.88514688
07-09-2012,1737.5,1696.699951171875,1738.199951171875,1696.699951171875,109,80.25,20331.0,35325112.5,42591165.300217025
10-09-2012,1728.699951171875,1733.0999755859375,1733.5,1727.199951171875,14,80.36000061035156,20597.0,35606032.89428711,42929868.452239096
11-09-2012,1731.800048828125,1736.0,1736.0,1731.800048828125,2,79.86000061035156,20448.0,35411847.3984375,42695740.77458102
12-09-2012,1730.5999755859375,1742.199951171875,1742.300048828125,1730.5,15,79.73999786376953,20567.0,35593249.69787598,42914455.869153574
13-09-2012,1769.0999755859375,1728.699951171875,1769.0999755859375,1728.699951171875,33,79.26000213623047,20430.0,36142712.5012207,43576938.14953063
14-09-2012,1769.800048828125,1771.0,1774.5,1766.0,25,78.8499984741211,20513.0,36303908.40161133,43771290.57344023
17-09-2012,1767.699951171875,1774.800048828125,1774.800048828125,1753.800048828125,54,79.01000213623047,20558.0,36340375.596191406,43815258.736666754
18-09-2012,1768.4000244140625,1766.300048828125,1768.4000244140625,1766.300048828125,13,79.25,20574.0,36383062.10229492,43866725.46695795
19-09-2012,1769.0,1776.0,1778.5,1768.0,27,79.05999755859375,20497.0,36259193.0,43717377.62237762
20-09-2012,1767.699951171875,1769.0999755859375,1771.300048828125,1760.5999755859375,17,79.41000366210938,20548.0,36322698.59667969,43793945.73990799
21-09-2012,1775.5,1785.300048828125,1785.300048828125,1772.300048828125,10,79.33000183105469,20594.0,36564647.0,44085660.71859175
24-09-2012,1762.0999755859375,1762.0999755859375,1762.0999755859375,1762.0999755859375,4,79.5199966430664,20521.0,36160053.59899902,43597846.152639285
25-09-2012,1763.800048828125,1772.5999755859375,1772.699951171875,1763.800048828125,5,79.55000305175781,20550.0,36246091.00341797,43701580.6648396
26-09-2012,1750.5999755859375,1762.800048828125,1764.199951171875,1743.0,15237,79.88999938964844,20549.0,35973078.89831543,43372412.46481243
27-09-2012,1777.5999755859375,1752.5999755859375,1780.199951171875,1750.699951171875,6989,79.55000305175781,20494.0,36430133.8996582,43923479.50284326
28-09-2012,1771.0999755859375,1776.800048828125,1782.199951171875,1767.5,2839,79.94000244140625,20679.0,36624576.3951416,44157917.04261105
01-10-2012,1780.5,1766.0,1791.0,1763.300048828125,816,79.81999969482422,20840.0,37105620.0,44737906.92066554
02-10-2012,1772.699951171875,1777.9000244140625,1779.300048828125,1772.699951171875,94,79.73999786376953,20576.0,36475074.1953125,43977663.60659814
03-10-2012,1777.300048828125,1772.199951171875,1779.9000244140625,1771.9000244140625,134,79.97000122070312,20580.0,36576835.00488281,44100355.684691116
04-10-2012,1794.0999755859375,1783.5,1794.800048828125,1783.5,199,79.3499984741211,20470.0,36725226.50024414,44279269.95447811
05-10-2012,1778.5999755859375,1792.199951171875,1792.199951171875,1776.5999755859375,257,79.33999633789062,20840.0,37066023.49121094,44690165.771896474
08-10-2012,1773.5,1778.0,1778.0,1766.800048828125,33,79.54000091552734,20554.0,36452519.0,43950469.013744876
09-10-2012,1763.0,1776.699951171875,1776.699951171875,1762.300048828125,24,79.94999694824219,20639.0,36386557.0,43870939.23318061
10-10-2012,1763.199951171875,1762.4000244140625,1764.199951171875,1758.0999755859375,29,79.91999816894531,20539.0,36214363.79711914,43663327.46216438
11-10-2012,1768.800048828125,1761.5999755859375,1771.0,1761.5999755859375,30,79.77999877929688,20527.0,36308158.60229492,43776415.00156128
12-10-2012,1758.0,1769.5,1769.5,1753.5999755859375,84,79.69000244140625,20566.0,36155028.0,43591786.8338558
15-10-2012,1736.0,1750.0,1750.0,1729.9000244140625,108,79.73999786376953,20565.0,35700840.0,43044176.51314203
16-10-2012,1744.699951171875,1736.699951171875,1744.699951171875,1736.5999755859375,15,79.37000274658203,20422.0,35630262.40283203,42959081.74925492
17-10-2012,1751.5,1749.4000244140625,1751.5,1746.0,36,79.0199966430664,20553.0,35998579.5,43403158.30721003
18-10-2012,1743.300048828125,1749.0999755859375,1749.0999755859375,1740.5,27,79.37000274658203,20608.0,35925927.40625,43315562.34175307
19-10-2012,1722.800048828125,1741.0999755859375,1741.0999755859375,1721.0,70,79.63999938964844,20806.0,35844577.81591797,43217479.884154774
22-10-2012,1725.0999755859375,1715.0,1728.300048828125,1715.0,12,79.6500015258789,20554.0,35457704.89819336,42751030.7429387
23-10-2012,1708.300048828125,1726.5999755859375,1726.5999755859375,1708.300048828125,75,79.9800033569336,20800.0,35532641.015625,42841380.5348746
24-10-2012,1700.5,1708.4000244140625,1708.5,1698.5999755859375,27,79.97000122070312,20810.0,35387405.0,42666270.79816735
25-10-2012,1712.0,1711.699951171875,1716.699951171875,1711.699951171875,33,80.04000091552734,20634.0,35325408.0,42591521.581866406
26-10-2012,1710.9000244140625,1706.0999755859375,1716.199951171875,1706.0999755859375,77,80.06999969482422,20462.0,35008436.29956055,42209351.699494265
31-10-2012,1717.5,1714.4000244140625,1724.5,1714.4000244140625,64,79.91999816894531,20623.0,35420002.5,42705573.30600434
01-11-2012,1714.0999755859375,1722.300048828125,1725.0999755859375,1714.0999755859375,24,80.05000305175781,20577.0,35271035.197631836,42525964.790971585
02-11-2012,1674.0999755859375,1711.300048828125,1711.300048828125,1674.0999755859375,50,80.58999633789062,20613.0,34508222.79675293,41606248.85067872
05-11-2012,1682.199951171875,1682.800048828125,1683.0999755859375,1674.300048828125,7,80.75,20525.0,34527153.997802734,41629074.02676963
06-11-2012,1714.0999755859375,1690.0999755859375,1718.0,1690.0999755859375,47,80.61000061035156,20530.0,35190472.4987793,42428831.0812386
07-11-2012,1713.199951171875,1707.699951171875,1726.5,1703.699951171875,42,80.76000213623047,20800.0,35634558.984375,42964262.09835423
08-11-2012,1725.4000244140625,1715.9000244140625,1725.4000244140625,1714.199951171875,34,80.79000091552734,20527.0,35417286.30114746,42702298.40987155
09-11-2012,1730.300048828125,1733.699951171875,1734.0999755859375,1727.5999755859375,6,81.02999877929688,20530.0,35523060.002441406,42829828.794841334
12-11-2012,1730.300048828125,1733.199951171875,1733.4000244140625,1730.300048828125,6,81.04000091552734,20539.0,35538632.70288086,42848604.65744015
13-11-2012,1724.199951171875,1721.5999755859375,1728.199951171875,1718.5,12,81.08000183105469,20557.0,35444378.396240234,42734963.10132654
14-11-2012,1729.5,1722.0,1729.5,1722.0,11,81.05999755859375,20546.0,35534307.0,42843389.197009884
15-11-2012,1713.300048828125,1724.9000244140625,1724.9000244140625,1706.300048828125,10,81.08000183105469,20815.0,35662340.51635742,42997758.037566215
16-11-2012,1714.300048828125,1710.0,1714.300048828125,1706.9000244140625,16,81.26000213623047,20534.0,35201437.20263672,42442051.12447157
19-11-2012,1734.0,1721.800048828125,1734.0,1721.800048828125,4,80.87000274658203,20542.0,35619828.0,42946501.08512177
20-11-2012,1723.199951171875,1730.5999755859375,1731.0999755859375,1722.5,21,80.95999908447266,20536.0,35387634.197265625,42666547.13921585
21-11-2012,1727.9000244140625,1725.800048828125,1727.9000244140625,1725.800048828125,23,80.93000030517578,20500.0,35421950.50048828,42707921.992390014
23-11-2012,1751.300048828125,1735.0,1751.300048828125,1735.0,8,80.19000244140625,20439.0,35794821.69799805,43157489.387506686
26-11-2012,1749.5,1750.300048828125,1750.5,1749.4000244140625,24,80.25,20495.0,35856002.5,43231254.52134073
27-11-2012,1742.199951171875,1746.4000244140625,1746.4000244140625,1742.199951171875,7,80.4000015258789,20815.0,36263891.98364258,43723043.14401083
28-11-2012,1716.5,1739.800048828125,1739.800048828125,1716.5,276136,80.33999633789062,20438.0,35081827.0,42297838.19628647
29-11-2012,1727.199951171875,1719.5999755859375,1729.0,1717.699951171875,65599,80.19999694824219,20558.0,35507776.596191406,42811401.731602855
30-11-2012,1710.9000244140625,1725.199951171875,1731.199951171875,1708.4000244140625,3690,80.1500015258789,20573.0,35198346.20227051,42438324.3335791
03-12-2012,1719.5999755859375,1714.9000244140625,1721.9000244140625,1714.5,1238,79.87999725341797,20775.0,35724689.49279785,43072931.62864462
04-12-2012,1694.4000244140625,1716.300048828125,1716.800048828125,1691.5999755859375,1428,79.63999938964844,20524.0,34775866.10107422,41928943.93667015
05-12-2012,1692.4000244140625,1697.0999755859375,1706.0,1685.0,1262,79.7699966430664,20790.0,35184996.50756836,42422228.72868141
06-12-2012,1700.300048828125,1694.300048828125,1702.0999755859375,1686.4000244140625,525,80.26000213623047,20692.0,35182608.61035156,42419349.662830435
07-12-2012,1704.0,1701.199951171875,1704.5,1684.0,169,80.41999816894531,20805.0,35451720.0,42743814.80588377
10-12-2012,1713.0,1704.199951171875,1717.0,1704.199951171875,88,80.33000183105469,20480.0,35082240.0,42298336.14661201
11-12-2012,1708.199951171875,1710.0,1714.0999755859375,1705.9000244140625,88,80.05999755859375,20524.0,35059095.79785156,42270431.39359967
12-12-2012,1716.5999755859375,1710.0999755859375,1722.300048828125,1708.0,195,79.88999938964844,20459.0,35119918.900512695,42343765.25260754
13-12-2012,1695.5999755859375,1707.199951171875,1707.199951171875,1689.9000244140625,240,79.93000030517578,20511.0,34778451.099243164,41932060.64533779
14-12-2012,1695.800048828125,1698.300048828125,1699.199951171875,1694.4000244140625,72,79.5999984741211,20422.0,34631628.59716797,41755038.096416645
17-12-2012,1697.0,1690.5,1698.5,1689.5,65,79.56999969482422,20524.0,34829228.0,41993281.89052327
18-12-2012,1669.5,1701.4000244140625,1702.800048828125,1661.0,501,79.36000061035156,20465.0,34166317.5,41194016.75910296
19-12-2012,1666.5,1675.300048828125,1676.0,1664.5999755859375,76,79.25,20655.0,34421557.5,41501757.294429705
20-12-2012,1644.9000244140625,1667.9000244140625,1671.0,1637.5999755859375,158,79.26000213623047,20810.0,34230369.50805664,41271243.679836795
21-12-2012,1659.0999755859375,1648.0,1659.0999755859375,1635.800048828125,78,79.62000274658203,20805.0,34517574.99206543,41617524.70709601
24-12-2012,1658.5999755859375,1657.699951171875,1663.800048828125,1654.9000244140625,73,79.63999938964844,20601.0,34168818.0970459,41197031.70610791
26-12-2012,1659.800048828125,1654.5,1666.699951171875,1654.5,73,79.62000274658203,20805.0,34532140.01586914,41635085.6231844
27-12-2012,1662.5999755859375,1656.199951171875,1662.5999755859375,1656.199951171875,446,79.62000274658203,20570.0,34199681.497802734,41234243.42633558
28-12-2012,1654.9000244140625,1664.0,1664.0,1653.699951171875,197,79.68000030517578,20478.0,33889042.69995117,40859709.0667364
31-12-2012,1674.800048828125,1655.4000244140625,1677.0999755859375,1655.4000244140625,89,79.7699966430664,20515.0,34358523.001708984,41425757.17592113
02-01-2013,1687.9000244140625,1672.800048828125,1693.800048828125,1670.0,35,79.8499984741211,20637.0,34833192.80383301,41998062.21826984
03-01-2013,1673.699951171875,1686.0999755859375,1686.800048828125,1662.0,140,80.43000030517578,20805.0,34821327.48413086,41983756.31074374
04-01-2013,1648.0999755859375,1647.0,1658.300048828125,1625.699951171875,199,80.5,20432.0,33673978.701171875,40600408.36890749
07-01-2013,1645.5,1656.5,1659.9000244140625,1643.800048828125,49,80.26000213623047,20399.0,33566554.5,40470887.99131902
08-01-2013,1661.5,1647.699951171875,1661.5,1647.699951171875,17,80.3499984741211,20600.0,34226900.0,41267060.52568121
09-01-2013,1654.800048828125,1658.5999755859375,1662.0999755859375,1651.9000244140625,9,80.55999755859375,20523.0,33961461.40209961,40947023.63407235
10-01-2013,1677.300048828125,1672.5,1677.300048828125,1672.5,9,79.73999786376953,20263.0,33987130.8894043,40977973.100318655
11-01-2013,1660.0,1673.0999755859375,1673.0999755859375,1654.199951171875,147,79.55999755859375,20408.0,33877280.0,40845526.8869062
14-01-2013,1668.9000244140625,1665.4000244140625,1673.800048828125,1664.0999755859375,10,79.48999786376953,20810.0,34729809.50805664,41873413.92338635
15-01-2013,1683.4000244140625,1671.5999755859375,1684.300048828125,1671.5999755859375,20,79.77999877929688,20615.0,34703291.5032959,41841441.40739799
16-01-2013,1682.699951171875,1674.4000244140625,1682.699951171875,1674.4000244140625,11,79.80000305175781,20800.0,35000158.984375,42199371.81622257
17-01-2013,1690.4000244140625,1676.4000244140625,1694.5999755859375,1671.0,81,79.6500015258789,20522.0,34690389.30102539,41825885.34003543
18-01-2013,1686.5999755859375,1687.4000244140625,1692.0,1686.5999755859375,14,80.05000305175781,20603.0,34749019.29699707,41896574.99035094
22-01-2013,1692.800048828125,1690.300048828125,1694.699951171875,1687.800048828125,15,79.87000274658203,20800.0,35210241.015625,42452665.80133229
23-01-2013,1686.300048828125,1691.300048828125,1693.699951171875,1685.199951171875,28,79.91999816894531,20800.0,35075041.015625,42289656.39694357
24-01-2013,1669.5,1680.800048828125,1681.699951171875,1668.0,13,79.94999694824219,20470.0,34174665.0,41204081.26356402
25-01-2013,1656.4000244140625,1663.0,1663.0,1656.4000244140625,44,79.75,20494.0,33946262.1003418,40928697.97485145
28-01-2013,1652.4000244140625,1651.5999755859375,1655.5,1651.5999755859375,82,79.77999877929688,20525.0,33915510.50109863,40891621.05268704
29-01-2013,1660.699951171875,1661.199951171875,1661.5,1660.699951171875,145863,79.55999755859375,20461.0,33979581.700927734,40968871.112765536
30-01-2013,1679.9000244140625,1662.4000244140625,1683.0,1661.800048828125,44893,79.27999877929688,20510.0,34454749.50073242,41541776.58636656
31-01-2013,1660.5999755859375,1675.4000244140625,1680.0,1657.4000244140625,6044,79.20999908447266,20501.0,34043960.099487305,41046491.55954582
01-02-2013,1669.4000244140625,1663.9000244140625,1681.199951171875,1659.9000244140625,3250,79.12999725341797,20543.0,34294484.701538086,41348546.78265986
04-02-2013,1675.300048828125,1668.0,1676.5,1661.5999755859375,450,79.55000305175781,20606.0,34521232.806152344,41621934.90011134
05-02-2013,1672.4000244140625,1674.199951171875,1683.4000244140625,1666.5,353,79.48999786376953,20495.0,34275838.50036621,41326065.22831711
06-02-2013,1677.699951171875,1672.199951171875,1678.5,1668.0,376,79.72000122070312,20546.0,34470023.196777344,41560191.94209952
07-02-2013,1670.4000244140625,1677.0,1682.0999755859375,1663.0999755859375,475,80.19000244140625,20801.0,34745990.907836914,41892923.6892174
08-02-2013,1666.0,1671.5,1672.5,1664.800048828125,289,80.25,20621.0,34354586.0,41421010.368941404
11-02-2013,1648.199951171875,1666.5,1668.0,1643.699951171875,868,80.30999755859375,20518.0,33817766.59814453,40773772.12219018
12-02-2013,1648.699951171875,1643.800048828125,1650.4000244140625,1642.4000244140625,85,80.11000061035156,20528.0,33844512.59765625,40806019.529366106
13-02-2013,1644.199951171875,1652.199951171875,1652.300048828125,1640.199951171875,236,80.08999633789062,20617.0,33898470.39331055,40871075.95045882
14-02-2013,1634.699951171875,1641.0999755859375,1646.9000244140625,1632.699951171875,219,80.45999908447266,20488.0,33491732.599609375,40380675.90982562
15-02-2013,1608.800048828125,1633.199951171875,1633.9000244140625,1599.5,460,80.58000183105469,20493.0,32969139.400634766,39750590.06587264
19-02-2013,1603.5999755859375,1610.0,1617.0,1599.699951171875,272,80.47000122070312,20795.0,33346861.49230957,40206006.13975111
20-02-2013,1577.5999755859375,1604.699951171875,1606.9000244140625,1561.800048828125,278,81.08999633789062,20710.0,32672095.494384766,39392446.94283188
21-02-2013,1578.199951171875,1568.5,1581.199951171875,1555.199951171875,2019,81.45999908447266,20582.0,32482511.39501953,39163867.12686223
22-02-2013,1572.4000244140625,1580.0,1585.4000244140625,1572.4000244140625,76,81.4800033569336,20553.0,32317537.701782227,38964959.85264315
25-02-2013,1586.199951171875,1579.4000244140625,1596.0,1577.699951171875,118,81.66999816894531,20904.0,33157923.779296875,39978205.66589929
26-02-2013,1615.199951171875,1593.300048828125,1615.199951171875,1589.0,1158,81.87000274658203,20605.0,33281194.993896484,40126832.642749555
27-02-2013,1595.199951171875,1612.800048828125,1612.800048828125,1591.800048828125,700,81.5999984741211,20596.0,32854738.194335938,39612657.576966405
28-02-2013,1577.699951171875,1596.0,1601.5999755859375,1575.0999755859375,102,81.9800033569336,20748.0,32734118.586914062,39467227.61865693
01-03-2013,1571.9000244140625,1579.5999755859375,1585.5999755859375,1566.0,68,82.30999755859375,20619.0,32411006.603393555,39077654.453090854
04-03-2013,1572.0999755859375,1580.800048828125,1580.800048828125,1569.699951171875,64,82.22000122070312,20469.0,32179314.400268555,38798305.28124976
05-03-2013,1574.5999755859375,1577.5999755859375,1585.5,1571.4000244140625,65,82.08999633789062,20659.0,32529660.895629883,39220714.8488424
06-03-2013,1574.5999755859375,1577.5999755859375,1582.5999755859375,1566.800048828125,106,82.45999908447266,20752.0,32676098.693359375,39397273.56324979
07-03-2013,1574.800048828125,1580.0,1583.5,1573.9000244140625,52,82.08000183105469,20491.0,32269227.80053711,38906713.0462227
08-03-2013,1576.5999755859375,1578.5999755859375,1581.199951171875,1561.800048828125,68,82.69999694824219,20798.0,32790126.292236328,39534755.59710191
11-03-2013,1577.800048828125,1576.0,1579.699951171875,1576.0,1115,82.56999969482422,20564.0,32445880.204101562,39119701.23474989
12-03-2013,1591.5,1579.800048828125,1595.5999755859375,1579.800048828125,159,82.58000183105469,20607.0,32796040.5,39541886.30335182
13-03-2013,1588.300048828125,1592.300048828125,1596.0,1585.0,396,82.88999938964844,20711.0,32895282.311279297,39661541.248226784
14-03-2013,1590.5999755859375,1585.699951171875,1590.5999755859375,1575.699951171875,137,82.61000061035156,20490.0,32591393.49975586,39295145.28545438
15-03-2013,1592.5,1590.5,1594.4000244140625,1590.199951171875,11,82.26000213623047,20615.0,32829387.5,39582092.47648903
18-03-2013,1604.5999755859375,1605.9000244140625,1607.699951171875,1601.5999755859375,613,82.69000244140625,20627.0,33098083.696411133,39906057.02485065
19-03-2013,1611.300048828125,1613.0999755859375,1613.0999755859375,1611.300048828125,202,82.98999786376953,20766.0,33460256.813964844,40342725.84273552
20-03-2013,1607.5,1610.0,1612.5,1606.199951171875,5,82.77999877929688,20598.0,33111285.0,39921973.71593923
21-03-2013,1613.800048828125,1612.800048828125,1613.800048828125,1611.9000244140625,7,82.80000305175781,20669.0,33355633.209228516,40216582.11867436
22-03-2013,1606.199951171875,1611.0,1611.0,1604.0999755859375,101,82.52999877929688,20567.0,33034714.395751953,39829653.23818658
25-03-2013,1604.5999755859375,1607.0999755859375,1607.800048828125,1596.0999755859375,27,82.87000274658203,20856.0,33465537.090820312,40349092.22428299
26-03-2013,1595.800048828125,1595.800048828125,1595.800048828125,1595.800048828125,165484,82.87999725341797,20624.0,32911780.20703125,39681432.61035839
27-03-2013,1606.199951171875,1598.5,1608.0999755859375,1590.300048828125,50450,83.20999908447266,20608.0,33100568.59375,39909053.04286231
28-03-2013,1594.800048828125,1604.699951171875,1606.5999755859375,1593.5999755859375,4717,82.98999786376953,20895.0,33323347.020263672,40177654.95570734
01-04-2013,1600.0,1596.800048828125,1600.5,1594.800048828125,688,82.7300033569336,20905.0,33448000.0,40327947.91415481
02-04-2013,1575.0999755859375,1599.199951171875,1602.5999755859375,1574.0999755859375,2289,82.94000244140625,20640.0,32510063.49609375,39197086.44332499
03-04-2013,1552.800048828125,1575.699951171875,1576.4000244140625,1549.199951171875,2171,82.72000122070312,20900.0,32453521.020507812,39128913.69726044
04-04-2013,1551.800048828125,1557.300048828125,1557.300048828125,1539.0999755859375,829,82.68000030517578,20411.0,31673790.79663086,38188800.09239312
05-04-2013,1575.4000244140625,1553.199951171875,1580.5999755859375,1550.0999755859375,1184,82.5,20621.0,32486323.903442383,39168463.83342462
08-04-2013,1572.0,1575.800048828125,1577.800048828125,1567.800048828125,101,82.75,20632.0,32433504.0,39104779.35857246
09-04-2013,1586.199951171875,1571.5999755859375,1589.300048828125,1570.0,215,82.30999755859375,20527.0,32559926.397705078,39257205.68809389
10-04-2013,1558.300048828125,1584.4000244140625,1586.0,1557.0,359,82.52999877929688,20890.0,32552888.02001953,39248719.58044313
11-04-2013,1564.300048828125,1557.0999755859375,1566.699951171875,1554.800048828125,1070,82.25,20583.0,32197987.905029297,38820819.75528008
12-04-2013,1501.0,1560.800048828125,1560.800048828125,1480.199951171875,881,82.30999755859375,20477.0,30735977.0,37058086.568603806
15-04-2013,1360.5999755859375,1478.199951171875,1487.4000244140625,1338.0,1309,82.41999816894531,20644.0,28088225.895996094,33865717.260665655
16-04-2013,1386.800048828125,1358.0,1401.0,1323.0,619,81.75,20501.0,28430787.80102539,34278741.01883939
17-04-2013,1382.199951171875,1373.199951171875,1394.199951171875,1370.199951171875,92,82.66000366210938,20747.0,28676502.38696289,34574996.84948504
18-04-2013,1392.0,1347.5,1396.4000244140625,1347.5,57,82.55000305175781,20714.0,28833888.0,34764755.244755246
19-04-2013,1395.300048828125,1419.300048828125,1420.300048828125,1395.0999755859375,241,82.70999908447266,20905.0,29168747.520751953,35168492.30859893
22-04-2013,1421.0,1406.800048828125,1434.9000244140625,1406.800048828125,70,82.68000030517578,20577.0,29239917.0,35254300.6993007
23-04-2013,1408.5999755859375,1429.5,1429.5,1405.800048828125,334,83.02999877929688,20890.0,29425653.489990234,35478241.487810746
24-04-2013,1423.4000244140625,1423.199951171875,1430.0999755859375,1420.4000244140625,138,82.93000030517578,20623.0,29354778.70349121,35392788.40546324
25-04-2013,1461.800048828125,1433.0,1461.800048828125,1433.0,222,82.73999786376953,20706.0,30268031.811035156,36493889.33088396
26-04-2013,1453.5999755859375,1467.4000244140625,1476.199951171875,1451.4000244140625,976,82.4800033569336,20490.0,29784263.49975586,35910614.29919925
29-04-2013,1467.4000244140625,1462.699951171875,1475.5,1462.300048828125,269,82.1500015258789,20512.0,30099309.30078125,36290462.14224891
30-04-2013,1472.199951171875,1471.0999755859375,1476.5999755859375,1461.0,534,81.7300033569336,20393.0,30022573.604248047,36197942.614236854
01-05-2013,1446.300048828125,1475.800048828125,1477.0999755859375,1440.0,131,81.63999938964844,20576.0,29759069.8046875,35880238.49130395
02-05-2013,1467.699951171875,1459.0,1471.199951171875,1453.5,244,82.20999908447266,20799.0,30526691.284423828,36805752.694024384
03-05-2013,1464.300048828125,1465.5,1487.0999755859375,1461.4000244140625,68,82.0999984741211,20642.0,30226081.607910156,36443310.35436479
06-05-2013,1468.0999755859375,1468.0999755859375,1477.199951171875,1466.800048828125,33,82.31999969482422,20890.0,30668608.489990234,36976860.971775055
07-05-2013,1449.0,1462.0,1466.199951171875,1441.199951171875,91,82.30000305175781,20895.0,30276855.0,36504527.36918254
08-05-2013,1473.9000244140625,1455.5,1474.699951171875,1450.699951171875,81,81.9000015258789,20582.0,30335810.302490234,36575609.23859444
09-05-2013,1468.800048828125,1471.199951171875,1473.4000244140625,1453.0,27,82.79000091552734,20822.0,30583354.61669922,36874071.15589488
10-05-2013,1436.800048828125,1455.5999755859375,1459.300048828125,1423.0,569,83.13999938964844,20635.0,29648369.00756836,35746767.55192713
13-05-2013,1434.5,1440.0,1440.5999755859375,1427.800048828125,344,83.26000213623047,20643.0,29612383.5,35703380.15432843
14-05-2013,1424.699951171875,1430.0999755859375,1444.4000244140625,1422.0,72,83.56999969482422,20687.0,29472767.889892578,35535046.88918806
15-05-2013,1396.5,1425.699951171875,1425.699951171875,1390.0999755859375,364,83.83000183105469,20596.0,28762314.0,34678459.127079815
16-05-2013,1387.0999755859375,1390.4000244140625,1395.0999755859375,1370.5999755859375,38,83.7699966430664,20596.0,28568711.09716797,34445033.87649863
17-05-2013,1364.9000244140625,1386.699951171875,1391.0999755859375,1359.0999755859375,50,84.27999877929688,20711.0,28268444.40563965,34083005.070701286
20-05-2013,1384.300048828125,1342.9000244140625,1387.5,1342.9000244140625,21,83.80999755859375,20845.0,28855734.517822266,34791095.39163524
21-05-2013,1377.800048828125,1386.5,1392.300048828125,1358.5,51,83.86000061035156,20558.0,28324813.403808594,34150968.6566296
22-05-2013,1367.5999755859375,1387.199951171875,1395.699951171875,1364.5,14,84.25,20674.0,28273761.895263672,34089416.31934371
23-05-2013,1392.0,1380.5999755859375,1394.800048828125,1377.800048828125,58,83.80000305175781,20617.0,28698864.0,34601958.04195804
24-05-2013,1386.800048828125,1386.800048828125,1386.800048828125,1386.800048828125,2,83.69999694824219,20704.0,28712308.2109375,34618167.6042169
28-05-2013,1379.0999755859375,1380.800048828125,1390.4000244140625,1379.0999755859375,55,84.13999938964844,20805.0,28692174.99206543,34593893.16622309
29-05-2013,1391.300048828125,1391.300048828125,1391.300048828125,1391.300048828125,168665,83.63999938964844,20685.0,28779041.510009766,34698627.333023585
30-05-2013,1411.5,1392.0999755859375,1417.5,1388.300048828125,45133,83.01000213623047,20850.0,29429775.0,35483210.75476248
31-05-2013,1392.5999755859375,1412.4000244140625,1421.0999755859375,1384.199951171875,5997,83.37999725341797,20699.0,28825426.89465332,34754553.76736595
03-06-2013,1411.699951171875,1389.0999755859375,1416.300048828125,1388.300048828125,1420,82.68000030517578,20604.0,29086665.793945312,35069527.12074429
04-06-2013,1397.0999755859375,1410.9000244140625,1413.699951171875,1389.0,930,82.7699966430664,20706.0,28928352.094482422,34878649.740152426
05-06-2013,1398.4000244140625,1397.5,1410.0,1395.5999755859375,1687,82.56999969482422,20865.0,29177616.509399414,35179185.56715627
06-06-2013,1415.699951171875,1401.699951171875,1422.699951171875,1391.5999755859375,782,81.5199966430664,20501.0,29023264.69897461,34993084.999969386
07-06-2013,1383.0,1411.5,1416.0999755859375,1377.9000244140625,1163,81.69000244140625,20765.0,28717995.0,34625024.113817215
10-06-2013,1386.199951171875,1378.800048828125,1386.9000244140625,1375.5999755859375,367,81.6500015258789,20850.0,28902268.981933594,34847201.56972943
11-06-2013,1377.0,1384.199951171875,1384.4000244140625,1366.0,482,81.05999755859375,20665.0,28455705.0,34308783.457921386
12-06-2013,1391.800048828125,1375.0,1393.5,1373.699951171875,514,80.95999908447266,20631.0,28714226.807373047,34620480.83840492
13-06-2013,1377.5999755859375,1386.800048828125,1390.9000244140625,1373.4000244140625,458,80.62000274658203,20673.0,28479124.295288086,34337019.88821809
14-06-2013,1387.300048828125,1383.9000244140625,1389.5999755859375,1377.800048828125,90,80.66999816894531,20663.0,28665780.908935547,34562070.06141252
17-06-2013,1382.800048828125,1390.300048828125,1390.5,1380.0,114,80.56999969482422,20698.0,28621195.41064453,34508313.73359601
18-06-2013,1366.5999755859375,1383.0999755859375,1383.5,1363.0,346,80.62000274658203,20714.0,28307751.89428711,34130397.75052702
19-06-2013,1373.5999755859375,1368.0999755859375,1373.5999755859375,1348.0999755859375,198,81.43000030517578,20894.0,28699997.889892578,34603325.162638746
20-06-2013,1285.9000244140625,1348.0999755859375,1348.0999755859375,1275.4000244140625,712,81.83999633789062,20691.0,26606557.405151367,32079283.102425087
21-06-2013,1291.5999755859375,1280.4000244140625,1300.0,1268.9000244140625,456,82.31999969482422,20876.0,26963441.09033203,32509574.50003862
24-06-2013,1276.800048828125,1297.300048828125,1297.300048828125,1275.699951171875,321,82.43000030517578,20705.0,26436145.010986328,31873818.43620247
25-06-2013,1274.800048828125,1281.300048828125,1286.0,1273.199951171875,953,82.58000183105469,20807.0,26524764.615966797,31980666.284020733
26-06-2013,1229.5999755859375,1273.9000244140625,1273.9000244140625,1228.800048828125,981,82.94999694824219,20745.0,25508051.493530273,30754824.564179253
27-06-2013,1211.4000244140625,1224.699951171875,1241.4000244140625,1198.300048828125,533,82.91000366210938,20680.0,25051752.504882812,30204669.043745853
28-06-2013,1223.800048828125,1200.9000244140625,1232.300048828125,1183.199951171875,232,83.16999816894531,20992.0,25690010.625,30974211.026042923
01-07-2013,1255.9000244140625,1234.699951171875,1261.0,1234.199951171875,150,82.9800033569336,20836.0,26167932.908691406,31550437.555692554
02-07-2013,1243.5999755859375,1254.0999755859375,1266.300048828125,1241.199951171875,107,83.54000091552734,20958.0,26063368.288330078,31424364.948553264
03-07-2013,1252.0999755859375,1243.800048828125,1258.199951171875,1240.300048828125,19,83.2300033569336,21155.0,26488174.983520508,31936550.498577897
05-07-2013,1212.9000244140625,1252.699951171875,1254.0999755859375,1208.9000244140625,72,84.41999816894531,21015.0,25489094.013061523,30731967.703233086
08-07-2013,1234.9000244140625,1218.800048828125,1235.199951171875,1215.4000244140625,58,84.19999694824219,21.174999237060547,26149.007074813824,31527.618850752136
09-07-2013,1245.9000244140625,1234.699951171875,1254.5,1234.4000244140625,33,84.58000183105469,21057.0,26234916.814086914,31631199.438252848
10-07-2013,1247.4000244140625,1244.5999755859375,1263.9000244140625,1244.5999755859375,58,84.04000091552734,20662.0,25773779.30444336,31075210.157274365
11-07-2013,1280.0999755859375,1284.5999755859375,1285.0,1278.9000244140625,18,82.75,20867.0,26711846.190551758,32206228.82873373
12-07-2013,1277.800048828125,1282.300048828125,1282.300048828125,1274.300048828125,6,82.98999786376953,20875.0,26674076.01928711,32160689.678426705
15-07-2013,1283.800048828125,1292.0999755859375,1292.4000244140625,1281.5999755859375,19,83.04000091552734,21090.0,27075343.029785156,32644493.645750128
16-07-2013,1290.800048828125,1279.4000244140625,1291.4000244140625,1279.4000244140625,13,82.43000030517578,21090.0,27222973.029785156,32822489.787539374
17-07-2013,1277.9000244140625,1286.199951171875,1294.4000244140625,1272.9000244140625,11,82.70999908447266,21090.0,26950911.514892578,32494467.705440775
18-07-2013,1284.5999755859375,1275.300048828125,1286.4000244140625,1275.199951171875,26,82.81999969482422,21090.0,27092213.485107422,32664834.199550785
19-07-2013,1293.300048828125,1291.699951171875,1293.300048828125,1290.0,9,82.58000183105469,21190.0,27405028.03466797,33041991.843101
22-07-2013,1336.4000244140625,1317.0,1336.4000244140625,1317.0,18,82.22000122070312,21200.0,28331680.517578125,34159248.27294204
23-07-2013,1335.0999755859375,1334.800048828125,1342.300048828125,1327.9000244140625,10,82.01000213623047,21090.0,28157258.485107422,33948949.222458914
24-07-2013,1319.699951171875,1342.199951171875,1343.5,1318.5999755859375,42,82.30000305175781,21090.0,27832471.970214844,33557357.08972129
25-07-2013,1329.0,1318.5,1336.800048828125,1318.5,55,81.97000122070312,21090.0,28028610.0,33793838.91970099
26-07-2013,1321.699951171875,1326.5,1326.5,1321.699951171875,66,81.62000274658203,21090.0,27874651.970214844,33608213.130232506
29-07-2013,1328.4000244140625,1328.4000244140625,1328.4000244140625,1328.4000244140625,134359,81.66000366210938,21090.0,28015956.514892578,33778582.728348896
30-07-2013,1324.0,1327.199951171875,1329.5999755859375,1316.199951171875,44769,81.83000183105469,21090.0,27923160.0,33666698.81842296
31-07-2013,1312.4000244140625,1325.5,1338.4000244140625,1304.9000244140625,6252,81.44999694824219,21090.0,27678516.514892578,33371734.404259197
01-08-2013,1311.0,1323.0,1328.5,1306.9000244140625,1562,82.33999633789062,21090.0,27648990.0,33336134.555100072
02-08-2013,1310.5999755859375,1306.699951171875,1317.0,1283.0,1451,81.91000366210938,21075.0,27620894.485473633,33302260.050004378
05-08-2013,1302.5999755859375,1311.199951171875,1318.300048828125,1297.5,904,81.87999725341797,21090.0,27471833.485107422,33122538.5641517
06-08-2013,1283.199951171875,1303.0,1305.9000244140625,1279.300048828125,1314,81.5999984741211,21090.0,27062686.970214844,32629234.35039166
07-08-2013,1286.0999755859375,1282.5,1288.4000244140625,1274.0,989,81.29000091552734,21090.0,27123848.485107422,32702976.229934193
08-08-2013,1310.699951171875,1283.9000244140625,1312.800048828125,1283.699951171875,482,81.01000213623047,21090.0,27642661.970214844,33328504.907420836
09-08-2013,1312.9000244140625,1315.0999755859375,1315.800048828125,1306.699951171875,449,81.12999725341797,21090.0,27689061.514892578,33384448.414387
12-08-2013,1334.699951171875,1317.199951171875,1342.4000244140625,1317.199951171875,312,81.33000183105469,21090.0,28148821.970214844,33938777.393555395
13-08-2013,1321.199951171875,1331.9000244140625,1339.0999755859375,1320.199951171875,209,81.7300033569336,21090.0,27864106.970214844,33595499.12010471
14-08-2013,1334.0,1317.699951171875,1336.300048828125,1317.699951171875,333,81.69999694824219,21090.0,28134060.0,33920979.02097902
15-08-2013,1361.5999755859375,1340.0999755859375,1369.5999755859375,1319.9000244140625,235,81.12999725341797,21090.0,28716143.485107422,34622791.759232484
16-08-2013,1371.699951171875,1366.800048828125,1378.9000244140625,1361.0,175,81.26000213623047,21090.0,28929151.970214844,34879614.14301283
19-08-2013,1366.199951171875,1379.0,1384.4000244140625,1363.9000244140625,139,81.2300033569336,21090.0,28813156.970214844,34739760.031606995
20-08-2013,1373.0999755859375,1355.0,1377.0,1355.0,123,80.91000366210938,21090.0,28958678.485107422,34915213.99217196
21-08-2013,1370.5999755859375,1372.5,1377.300048828125,1360.9000244140625,109,81.31999969482422,21090.0,28905953.485107422,34851643.94153294
22-08-2013,1371.199951171875,1362.0,1380.4000244140625,1362.0,79,81.48999786376953,21090.0,28918606.970214844,34866900.13288503
23-08-2013,1395.699951171875,1376.800048828125,1398.199951171875,1373.9000244140625,178,81.33999633789062,21090.0,29435311.970214844,35489886.62914739
26-08-2013,1393.0,1398.5999755859375,1402.800048828125,1391.300048828125,203,81.37000274658203,21090.0,29378370.0,35421232.216059804
27-08-2013,1420.5999755859375,1403.800048828125,1421.0999755859375,1398.699951171875,397,81.16999816894531,21090.0,29960453.485107422,36123044.95431326
28-08-2013,1419.0,1417.300048828125,1428.0,1417.300048828125,489,81.41999816894531,21090.0,29926710.0,36082360.74270557
29-08-2013,1412.9000244140625,1417.4000244140625,1417.4000244140625,1404.5,375,81.94999694824219,21090.0,29798061.514892578,35927250.43994764
30-08-2013,1396.0999755859375,1407.199951171875,1409.800048828125,1392.300048828125,0,82.08999633789062,21090.0,29443748.485107422,35500058.45805091
03-09-2013,1412.0,1393.0,1414.4000244140625,1382.300048828125,139,82.36000061035156,21090.0,29779080.0,35904364.600916326
04-09-2013,1389.9000244140625,1413.0,1413.0,1387.0999755859375,104,82.16999816894531,21090.0,29312991.514892578,35342405.974068694
05-09-2013,1373.0999755859375,1393.5,1397.5,1367.0999755859375,37,82.62999725341797,21090.0,28958678.485107422,34915213.99217196
06-09-2013,1386.699951171875,1371.0,1390.0999755859375,1368.9000244140625,52,82.1500015258789,20735.0,28753223.487548828,34667498.779296875
09-09-2013,1386.800048828125,1389.800048828125,1389.800048828125,1386.5,44,81.79000091552734,21090.0,29247613.029785156,35263579.73207759
10-09-2013,1364.0999755859375,1377.5,1377.5,1357.5999755859375,21,81.81999969482422,21090.0,28768868.485107422,34686361.8098715
11-09-2013,1363.9000244140625,1365.800048828125,1365.800048828125,1356.699951171875,60,81.5199966430664,21090.0,28764651.514892578,34681277.44742293
12-09-2013,1330.4000244140625,1360.0,1360.0,1322.4000244140625,120,81.48999786376953,21090.0,28058136.514892578,33829438.76886011
13-09-2013,1308.4000244140625,1322.9000244140625,1323.0,1305.300048828125,38,81.44999694824219,21090.0,27594156.514892578,33270022.32323677
16-09-2013,1317.9000244140625,1328.4000244140625,1329.5999755859375,1310.800048828125,107,81.25,21090.0,27794511.514892578,33511588.515665032
17-09-2013,1309.5,1313.0,1313.0999755859375,1309.5,24,81.16999816894531,21090.0,27617355.0,33297992.52471666
18-09-2013,1307.800048828125,1292.0999755859375,1347.699951171875,1292.0999755859375,29,80.23999786376953,21090.0,27581503.029785156,33254766.131884683
19-09-2013,1369.4000244140625,1362.9000244140625,1373.0,1362.9000244140625,35,80.36000061035156,21090.0,28880646.514892578,34821131.55882876
20-09-2013,1332.5,1347.5,1347.5,1330.699951171875,2,80.44000244140625,21090.0,28102425.0,33882836.99059561
23-09-2013,1326.9000244140625,1327.0999755859375,1327.800048828125,1317.5999755859375,78,80.44999694824219,21090.0,27984321.514892578,33740440.69796549
24-09-2013,1316.0,1321.199951171875,1324.9000244140625,1309.4000244140625,61,80.55999755859375,21090.0,27754440.0,33463274.656378105
25-09-2013,1335.9000244140625,1322.699951171875,1335.9000244140625,1322.699951171875,51,80.33000183105469,21090.0,28174131.514892578,33969292.88026595
26-09-2013,1323.5999755859375,1335.199951171875,1338.300048828125,1323.5999755859375,13170,80.5199966430664,21090.0,27914723.485107422,33656526.98951944
27-09-2013,1338.4000244140625,1321.5,1343.800048828125,1319.699951171875,2990,80.2699966430664,21090.0,28226856.514892578,34032862.93090496
30-09-2013,1326.5,1345.800048828125,1350.9000244140625,1322.0,597,80.22000122070312,21090.0,27975885.0,33730268.86906197
01-10-2013,1286.0,1328.0,1334.0,1284.5,815,80.0999984741211,21090.0,27121740.0,32700434.04870991
02-10-2013,1320.5999755859375,1288.5,1321.0,1280.0,152,79.87999725341797,21090.0,27851453.485107422,33580242.928752616
03-10-2013,1317.4000244140625,1312.0,1319.5,1302.5,217,79.7699966430664,21090.0,27783966.514892578,33498874.505537227
04-10-2013,1309.699951171875,1316.199951171875,1318.0999755859375,1305.699951171875,38,80.12000274658203,21075.0,27601926.470947266,33279390.488241218
07-10-2013,1324.800048828125,1313.800048828125,1325.4000244140625,1311.800048828125,84,79.94000244140625,21090.0,27940033.029785156,33687042.476229995
08-10-2013,1324.199951171875,1326.5,1330.0,1321.199951171875,57,80.05999755859375,21090.0,27927376.970214844,33671783.180871524
09-10-2013,1306.9000244140625,1317.5999755859375,1319.0,1295.300048828125,140,80.37000274658203,21090.0,27562521.514892578,33231880.29285336
10-10-2013,1296.5999755859375,1303.4000244140625,1310.800048828125,1285.0,89,80.41999816894531,21090.0,27345293.485107422,32969970.44261806
11-10-2013,1268.0,1286.9000244140625,1291.5999755859375,1263.800048828125,210,80.36000061035156,21055.0,26697740.0,32189221.123703882
14-10-2013,1276.4000244140625,1275.800048828125,1285.800048828125,1273.9000244140625,61,80.26000213623047,21090.0,26919276.514892578,32456325.675057363
15-10-2013,1273.0,1270.5,1283.5999755859375,1254.0999755859375,208,80.4800033569336,21055.0,26803015.0,32316150.229081262
16-10-2013,1282.0,1282.800048828125,1284.0,1269.199951171875,86,80.5,21090.0,27037380.0,32598721.967687484
17-10-2013,1322.699951171875,1307.0,1322.699951171875,1307.0,72,79.6500015258789,21055.0,27849447.471923828,33577824.29699039
18-10-2013,1314.4000244140625,1318.800048828125,1326.0,1312.5999755859375,65,79.63999938964844,21090.0,27720696.514892578,33422590.44477041
21-10-2013,1315.699951171875,1316.800048828125,1317.699951171875,1315.699951171875,23,79.68000030517578,21090.0,27748111.970214844,33455645.00869887
22-10-2013,1342.5,1313.9000244140625,1342.5999755859375,1313.9000244140625,55,79.23999786376953,21090.0,28313325.0,34137117.193151675
23-10-2013,1333.9000244140625,1331.9000244140625,1333.9000244140625,1331.9000244140625,13,79.26000213623047,21090.0,28131951.514892578,33918436.83975474
24-10-2013,1350.199951171875,1334.5,1350.199951171875,1334.5,18,79.19000244140625,21090.0,28475716.970214844,34332911.707517296
25-10-2013,1352.4000244140625,1346.199951171875,1353.0,1346.199951171875,23,79.18000030517578,21090.0,28522116.514892578,34388855.214483455
28-10-2013,1352.0,1351.4000244140625,1359.199951171875,1349.0,23,79.25,21090.0,28513680.0,34378683.385579936
29-10-2013,1345.199951171875,1359.5999755859375,1359.699951171875,1345.199951171875,168,79.62999725341797,21090.0,28370266.970214844,34205771.60623926
30-10-2013,1349.0,1340.800048828125,1355.800048828125,1335.5999755859375,44,79.75,21090.0,28450410.0,34302399.32481312
31-10-2013,1323.5999755859375,1334.0,1334.0,1321.699951171875,62,80.19999694824219,21090.0,27914723.485107422,33656526.98951944
01-11-2013,1313.0999755859375,1325.699951171875,1325.699951171875,1308.0,21,80.7300033569336,21090.0,27693278.485107422,33389532.77683557
04-11-2013,1314.5999755859375,1314.5999755859375,1320.5,1312.0999755859375,39,80.55000305175781,21090.0,27724913.485107422,33427674.80721898
05-11-2013,1308.0,1313.300048828125,1317.5,1306.9000244140625,98,80.70999908447266,21090.0,27585720.0,33259850.494333252
06-11-2013,1317.699951171875,1313.5,1318.5999755859375,1312.5,11,80.4800033569336,21090.0,27790291.970214844,33506501.049210083
07-11-2013,1308.4000244140625,1323.5999755859375,1323.5999755859375,1298.0,129,80.81999969482422,21090.0,27594156.514892578,33270022.32323677
08-11-2013,1284.5,1308.0,1308.0999755859375,1281.300048828125,22,81.20999908447266,21090.0,27090105.0,32662292.0183265
11-11-2013,1281.0,1281.5999755859375,1281.800048828125,1281.0,5,81.08999633789062,21090.0,27016290.0,32573293.947431877
12-11-2013,1271.0999755859375,1282.300048828125,1282.300048828125,1271.0999755859375,3,81.19000244140625,21090.0,26807498.485107422,32321555.926100098
13-11-2013,1268.300048828125,1274.0,1280.5,1268.300048828125,17,80.93000030517578,21090.0,26748448.029785156,32250359.331788227
14-11-2013,1286.199951171875,1280.199951171875,1293.300048828125,1278.0999755859375,29,80.9800033569336,21090.0,27125956.970214844,32705518.41115848
15-11-2013,1287.300048828125,1287.699951171875,1288.5,1281.5,16,80.83999633789062,20728.0,26683155.412109375,32171636.619374696
18-11-2013,1272.199951171875,1284.699951171875,1284.800048828125,1272.199951171875,10,80.83000183105469,21090.0,26830696.970214844,32349526.12757999
19-11-2013,1273.4000244140625,1274.199951171875,1275.199951171875,1271.0,10,80.69999694824219,21090.0,26856006.514892578,32380041.614290543
20-11-2013,1257.9000244140625,1269.0,1269.0,1241.9000244140625,120,81.11000061035156,21090.0,26529111.514892578,31985907.300328642
21-11-2013,1243.5,1245.699951171875,1247.0999755859375,1236.5,90,81.05000305175781,21090.0,26225415.0,31619743.187846635
22-11-2013,1244.0,1243.199951171875,1247.0,1241.4000244140625,77,80.70999908447266,21090.0,26235960.0,31632457.19797444
25-11-2013,1241.0999755859375,1231.0999755859375,1241.0999755859375,1229.0,19,80.91999816894531,21090.0,26174798.485107422,31558715.318431903
26-11-2013,1241.4000244140625,1243.0,1243.0,1241.4000244140625,178417,80.61000061035156,21090.0,26181126.514892578,31566344.96611114
27-11-2013,1237.800048828125,1241.5999755859375,1254.800048828125,1235.5,82331,80.73999786376953,21090.0,26105203.029785156,31474804.71399223
29-11-2013,1250.5999755859375,1237.800048828125,1254.5,1233.699951171875,9203,80.68000030517578,21090.0,26375153.485107422,31800281.510860164
02-12-2013,1222.300048828125,1251.4000244140625,1251.5,1217.800048828125,4979,80.91000366210938,21090.0,25778308.029785156,31080670.40003033
03-12-2013,1221.699951171875,1219.199951171875,1225.699951171875,1215.5999755859375,1932,80.62000274658203,21090.0,25765651.970214844,31065411.104671862
04-12-2013,1248.199951171875,1225.0999755859375,1250.4000244140625,1212.9000244140625,1823,80.62999725341797,21070.0,26299572.971191406,31709154.775972277
05-12-2013,1233.199951171875,1240.0,1241.5,1218.5999755859375,446,80.2699966430664,21070.0,25983522.971191406,31328096.17939644
06-12-2013,1230.300048828125,1228.699951171875,1242.0,1213.0,1032,80.2699966430664,21070.0,25922422.028808594,31254427.33157535
09-12-2013,1235.300048828125,1230.199951171875,1243.199951171875,1229.0,352,80.12999725341797,21050.0,26003066.02783203,31351659.064181373
10-12-2013,1262.4000244140625,1239.0,1267.0,1239.0,882,79.97000122070312,21060.0,26586144.514160156,32054671.466313183
11-12-2013,1258.5,1261.9000244140625,1261.9000244140625,1252.0999755859375,147,79.88999938964844,21055.0,26497717.5,31948055.823486857
12-12-2013,1226.0,1253.5,1255.4000244140625,1225.9000244140625,609,80.19999694824219,21063.0,25823238.0,31134842.054497227
13-12-2013,1235.699951171875,1226.699951171875,1239.0,1222.199951171875,446,80.20999908447266,21065.0,26030019.471435547,31384156.584802926
16-12-2013,1245.5,1238.4000244140625,1250.5999755859375,1228.9000244140625,242,80.06999969482422,21065.0,26236457.5,31633057.029177718
17-12-2013,1231.199951171875,1237.0,1240.4000244140625,1231.199951171875,22,80.05999755859375,21066.0,25936458.17138672,31271350.580403566
18-12-2013,1236.0999755859375,1231.5,1245.0999755859375,1217.0,114,80.11000061035156,21065.0,26038445.985717773,31394316.35606194
19-12-2013,1195.0,1226.5999755859375,1226.5999755859375,1188.699951171875,124,80.62999725341797,21060.0,25166700.0,30343260.188087773
20-12-2013,1205.0999755859375,1190.9000244140625,1207.800048828125,1190.9000244140625,204,80.58000183105469,21065.0,25385430.985717773,30606982.138555307
23-12-2013,1198.4000244140625,1205.199951171875,1205.199951171875,1195.9000244140625,123,80.44999694824219,21060.0,25238304.514160156,30429593.096407227
24-12-2013,1205.0999755859375,1199.800048828125,1205.5999755859375,1197.699951171875,184,80.52999877929688,21051.0,25368559.58605957,30586640.44617744
26-12-2013,1214.0999755859375,1207.0999755859375,1215.9000244140625,1207.0999755859375,140,80.4800033569336,21055.0,25562874.985961914,30820924.747964688
27-12-2013,1216.0999755859375,1213.4000244140625,1218.5,1212.9000244140625,278,80.38999938964844,21055.0,25604984.985961914,30871696.39011564
30-12-2013,1203.0999755859375,1215.0,1215.0,1194.4000244140625,351,80.0,21055.0,25331269.985961914,30541680.71613445
31-12-2013,1201.9000244140625,1196.4000244140625,1212.4000244140625,1182.0,124,80.04000091552734,21055.0,25306005.014038086,30511218.970385924
02-01-2014,1225.0,1204.300048828125,1227.300048828125,1204.300048828125,209,80.62999725341797,21055.0,25792375.0,31097630.817458402
03-01-2014,1238.4000244140625,1221.699951171875,1239.0,1221.699951171875,142,80.79000091552734,21050.0,26068320.513916016,31430335.80168316
06-01-2014,1237.800048828125,1232.800048828125,1247.0,1221.9000244140625,127,80.6500015258789,21050.0,26055691.02783203,31415108.5457343
07-01-2014,1229.4000244140625,1239.300048828125,1242.4000244140625,1226.300048828125,73,80.83000183105469,21045.0,25872723.513793945,31194506.28622371
08-01-2014,1225.300048828125,1227.5,1227.5,1218.5999755859375,189,81.04000091552734,21041.0,25781538.327392578,31084565.140333466
09-01-2014,1229.300048828125,1225.800048828125,1229.300048828125,1225.800048828125,7,81.01000213623047,21050.0,25876766.02783203,31199380.308454342
10-01-2014,1246.699951171875,1235.0,1246.800048828125,1234.0,58,80.66000366210938,21050.0,26243033.97216797,31640986.22156736
13-01-2014,1250.9000244140625,1250.5999755859375,1252.699951171875,1245.5,46,80.51000213623047,21040.0,26318936.513671875,31732501.222174916
14-01-2014,1245.199951171875,1251.0,1251.300048828125,1242.0,37,80.61000061035156,21040.0,26199006.97265625,31587903.27062485
15-01-2014,1238.0999755859375,1243.0999755859375,1243.199951171875,1238.0999755859375,68,81.0,21041.0,26050861.58630371,31409285.732220534
16-01-2014,1240.0,1239.300048828125,1242.800048828125,1239.0,48,80.9000015258789,21045.0,26095800.0,31463467.566915844
17-01-2014,1251.699951171875,1239.699951171875,1254.300048828125,1239.699951171875,101,81.26000213623047,21050.0,26348283.97216797,31767885.18467322
21-01-2014,1242.300048828125,1256.4000244140625,1257.5,1240.0,224,81.0999984741211,21045.0,26144204.52758789,31521828.463452965
22-01-2014,1239.0,1241.699951171875,1242.0,1239.0,58,81.16999816894531,21040.0,26068560.0,31430624.547865927
23-01-2014,1262.5999755859375,1235.199951171875,1264.199951171875,1235.199951171875,40,80.44000244140625,21035.0,26558790.486450195,32021690.965095483
24-01-2014,1264.5,1258.300048828125,1269.4000244140625,1258.300048828125,38,80.45999908447266,21030.0,26592435.0,32062255.847600672
27-01-2014,1263.5999755859375,1259.800048828125,1264.4000244140625,1254.4000244140625,92,80.5,21030.0,26573507.486572266,32039435.11764199
28-01-2014,1251.0,1257.9000244140625,1258.4000244140625,1251.0,20,80.56999969482422,21030.0,26308530.0,31719954.183747288
29-01-2014,1262.199951171875,1262.199951171875,1262.199951171875,1262.199951171875,137028,80.51000213623047,21035.0,26550375.97290039,32011545.663009875
30-01-2014,1242.199951171875,1267.0,1267.699951171875,1237.5,45276,81.08999633789062,21033.0,26127191.572998047,31501316.09958771
31-01-2014,1240.0999755859375,1243.5999755859375,1254.5,1238.4000244140625,5820,81.2699966430664,21041.0,26092943.58630371,31460023.615027383
03-02-2014,1260.4000244140625,1242.4000244140625,1266.300048828125,1241.199951171875,2914,81.01000213623047,21041.0,26520076.91369629,31975014.364234734
04-02-2014,1251.699951171875,1258.4000244140625,1260.699951171875,1247.800048828125,1745,81.12000274658203,21035.0,26329508.47290039,31745247.736798156
05-02-2014,1257.300048828125,1254.0,1273.699951171875,1253.0999755859375,1616,81.02999877929688,21035.0,26447306.52709961,31887275.77417363
06-02-2014,1257.5999755859375,1258.0,1267.0,1253.5,274,80.88999938964844,21035.0,26453615.486450195,31894882.42880419
07-02-2014,1263.300048828125,1258.300048828125,1271.4000244140625,1257.9000244140625,436,80.69000244140625,21065.0,26611415.528564453,32085140.49742519
10-02-2014,1274.800048828125,1269.5999755859375,1277.300048828125,1265.699951171875,742,80.66999816894531,21055.0,26840915.028076172,32361845.946559165
11-02-2014,1290.0999755859375,1274.0,1292.0,1273.800048828125,562,80.62999725341797,21065.0,27175955.985717773,32765801.767202523
12-02-2014,1295.300048828125,1290.5,1296.199951171875,1285.5,140,80.68000030517578,21060.0,27279019.028320312,32890063.935761165
13-02-2014,1300.4000244140625,1293.300048828125,1303.5,1287.5,877,80.29000091552734,20791.0,27036616.907592773,32597801.914146096
14-02-2014,1319.0,1301.699951171875,1320.699951171875,1301.699951171875,308,80.12999725341797,21060.0,27778140.0,33491849.529780563
18-02-2014,1324.699951171875,1322.9000244140625,1330.5999755859375,1313.9000244140625,373,80.01000213623047,21055.0,27891557.471923828,33628595.93914134
19-02-2014,1320.5999755859375,1318.300048828125,1321.5999755859375,1309.0999755859375,193,80.16999816894531,21055.0,27805232.485961914,33524514.69250291
20-02-2014,1317.0999755859375,1310.699951171875,1323.5,1309.5999755859375,116,80.29000091552734,21045.0,27718368.986206055,33419784.16470467
21-02-2014,1323.9000244140625,1320.0,1328.300048828125,1317.4000244140625,171,80.23999786376953,21045.0,27861476.013793945,33592326.9999927
24-02-2014,1338.300048828125,1324.300048828125,1339.0,1321.4000244140625,93,80.20999908447266,21045.0,28164524.52758789,33957709.823472254
25-02-2014,1343.0,1336.4000244140625,1343.9000244140625,1333.0999755859375,290,80.1500015258789,21055.0,28276865.0,34093157.7043646
26-02-2014,1328.199951171875,1341.199951171875,1342.0,1325.5999755859375,485,80.41000366210938,21055.0,27965249.971923828,33717446.312905505
27-02-2014,1331.5999755859375,1329.300048828125,1335.0,1324.5999755859375,369,80.29000091552734,21050.0,28030179.486083984,33795731.2347287
28-02-2014,1321.4000244140625,1329.800048828125,1332.5999755859375,1321.0999755859375,239,79.77999877929688,21050.0,27815470.513916016,33536858.58924043
03-03-2014,1350.0999755859375,1335.9000244140625,1354.0999755859375,1332.9000244140625,232,80.06999969482422,21055.0,28426354.985961914,34273396.41422946
04-03-2014,1337.800048828125,1350.4000244140625,1350.4000244140625,1332.199951171875,80,80.16000366210938,21050.0,28160691.02783203,33953087.80785149
05-03-2014,1340.199951171875,1334.800048828125,1341.0,1334.800048828125,32,80.11000061035156,21055.0,28217909.971923828,34022076.16581122
06-03-2014,1351.699951171875,1338.0,1351.699951171875,1333.300048828125,59,79.68000030517578,21050.0,28453283.97216797,34305864.44679041
07-03-2014,1338.0999755859375,1349.5,1352.699951171875,1329.199951171875,97,79.72000122070312,21055.0,28173694.985961914,33968766.56132375
10-03-2014,1341.4000244140625,1336.0,1344.699951171875,1330.5,97,79.75,21.05500030517578,28243.177923400886,34052.541503979846
11-03-2014,1346.5,1340.0,1352.4000244140625,1338.0999755859375,53,79.7699966430664,21055.0,28350557.5,34182008.07812877
12-03-2014,1370.300048828125,1349.0999755859375,1370.5,1348.699951171875,58,79.61000061035156,21050.0,28844816.02783203,34777931.06803958
13-03-2014,1372.199951171875,1366.800048828125,1374.5,1366.5,23,79.62000274658203,21055.0,28891669.971923828,34834422.44022646
14-03-2014,1379.0,1376.0999755859375,1386.5999755859375,1371.0999755859375,91,79.44000244140625,21050.0,29027950.0,34998734.024596095
17-03-2014,1372.9000244140625,1386.0999755859375,1391.4000244140625,1372.199951171875,29,79.38999938964844,21045.0,28892681.013793945,34835641.44416921
18-03-2014,1359.0,1359.300048828125,1361.800048828125,1353.4000244140625,35,79.41000366210938,21045.0,28600155.0,34482945.50277309
19-03-2014,1341.4000244140625,1357.0999755859375,1358.0,1332.699951171875,57,79.98999786376953,21040.0,28223056.513671875,34028281.30416189
20-03-2014,1330.5,1333.699951171875,1333.699951171875,1325.800048828125,72,80.20999908447266,21040.0,27993720.0,33751772.36556547
21-03-2014,1336.0,1339.0999755859375,1339.0999755859375,1335.800048828125,3,80.11000061035156,21038.0,28106768.0,33888073.30600434
24-03-2014,1311.199951171875,1333.0,1333.0,1310.5,103,79.93000030517578,21050.0,27600758.97216797,33277982.845632948
25-03-2014,1311.4000244140625,1315.5,1315.5,1307.5,46,79.94000244140625,21045.0,27598413.513793945,33275154.947906855
26-03-2014,1303.4000244140625,1315.199951171875,1315.199951171875,1303.4000244140625,4,79.9800033569336,21040.0,27423536.513671875,33064307.34708449
27-03-2014,1294.699951171875,1294.699951171875,1294.699951171875,1294.699951171875,185016,80.11000061035156,21040.0,27240486.97265625,32843606.188396733
28-03-2014,1293.800048828125,1292.199951171875,1299.4000244140625,1285.9000244140625,65486,80.18000030517578,21045.0,27228022.02758789,32828577.318046648
31-03-2014,1283.4000244140625,1294.300048828125,1298.800048828125,1282.4000244140625,4121,80.0999984741211,21048.0,27013003.713867188,32569331.702275362
01-04-2014,1279.5999755859375,1285.0999755859375,1287.9000244140625,1277.300048828125,884,80.08000183105469,21040.0,26922783.486328125,32460553.99846651
02-04-2014,1290.5,1280.199951171875,1294.0999755859375,1280.199951171875,1099,80.22000122070312,20805.0,26848852.5,32371416.083916083
03-04-2014,1284.4000244140625,1290.800048828125,1293.5,1282.699951171875,775,80.47000122070312,21040.0,27023776.513671875,32582320.368545786
04-04-2014,1303.199951171875,1285.5,1306.0999755859375,1284.4000244140625,976,80.41999816894531,21045.0,27425842.97241211,33067088.22330855
07-04-2014,1298.0,1301.4000244140625,1304.0,1296.300048828125,361,80.22000122070312,21045.0,27316410.0,32935145.88859416
08-04-2014,1308.699951171875,1296.5999755859375,1314.0999755859375,1296.5999755859375,264,79.75,21045.0,27541590.47241211,33206643.926226318
09-04-2014,1305.5,1309.5,1313.5999755859375,1301.0999755859375,191,79.4800033569336,21045.0,27474247.5,33125449.11984567
10-04-2014,1320.0999755859375,1311.800048828125,1323.800048828125,1311.199951171875,127,79.37999725341797,21045.0,27781503.986206055,33495905.457205273
11-04-2014,1318.699951171875,1319.0,1322.800048828125,1316.300048828125,76,79.44999694824219,21040.0,27745446.97265625,33452431.84549825
14-04-2014,1327.199951171875,1320.0999755859375,1330.0,1320.0999755859375,328,79.7300033569336,21040.0,27924286.97265625,33668057.59905504
15-04-2014,1300.0,1322.699951171875,1322.699951171875,1291.5,238,79.80000305175781,21047.0,27361100.0,32989028.213166144
16-04-2014,1303.0999755859375,1302.699951171875,1303.5,1295.0,177,79.81999969482422,21047.0,27426345.186157227,33067693.737831235
17-04-2014,1293.4000244140625,1300.0999755859375,1303.0,1292.5,124,79.83000183105469,21075.0,27258405.514526367,32865210.410569526
21-04-2014,1288.0,1290.0,1299.199951171875,1283.800048828125,100,79.94999694824219,21040.0,27099520.0,32673643.597781528
22-04-2014,1280.5999755859375,1289.199951171875,1291.5999755859375,1276.0,100,79.91000366210938,21045.0,26950226.486206055,32493641.772614002
23-04-2014,1284.199951171875,1284.300048828125,1287.699951171875,1282.4000244140625,176,79.86000061035156,21063.0,27049103.571533203,32612856.970741745
24-04-2014,1290.5,1284.5999755859375,1297.9000244140625,1272.4000244140625,522,79.80000305175781,21075.0,27197287.5,32791520.97902098
25-04-2014,1300.699951171875,1293.800048828125,1304.5999755859375,1293.800048828125,274,79.7699966430664,21077.0,27414852.87084961,33053837.55829468
28-04-2014,1298.9000244140625,1305.4000244140625,1305.4000244140625,1293.0,388,79.68000030517578,21061.0,27356133.41418457,32983040.046038788
29-04-2014,1296.0,1295.5,1300.5,1289.0999755859375,904,79.80999755859375,21061.0,27295056.0,32909399.565951288
30-04-2014,1295.5999755859375,1296.0,1296.5,1286.5999755859375,181,79.48999786376953,3210.0,4158875.9216308594,5014318.690174655
01-05-2014,1283.0999755859375,1288.699951171875,1288.699951171875,1278.0,25,79.52999877929688,21050.0,27009254.486083984,32564811.29260186
02-05-2014,1302.5999755859375,1276.699951171875,1302.699951171875,1276.699951171875,90,79.5199966430664,21.0,27354.599487304688,32981.19060441848
05-05-2014,1309.0,1305.5999755859375,1314.199951171875,1305.5,31,79.48999786376953,21035.0,27534815.0,33198474.801061008
06-05-2014,1308.300048828125,1309.4000244140625,1309.4000244140625,1306.9000244140625,14,79.13999938964844,21035.0,27520091.52709961,33180722.84434484
07-05-2014,1288.5999755859375,1310.300048828125,1312.0,1288.0,21,79.22000122070312,21060.0,27137915.485839844,32719936.684157033
08-05-2014,1287.4000244140625,1291.5,1291.5,1285.5,65,79.43000030517578,21061.0,27113931.91418457,32691019.91100141
09-05-2014,1287.300048828125,1287.300048828125,1287.300048828125,1287.300048828125,3,79.9000015258789,21061.0,27111826.32836914,32688481.225426983
12-05-2014,1295.5999755859375,1282.0999755859375,1295.9000244140625,1281.199951171875,19,79.9000015258789,21060.0,27285335.485839844,32897679.630865496
13-05-2014,1294.5999755859375,1295.5,1295.5,1292.0,20,80.13999938964844,21050.0,27251329.486083984,32856678.90774534
14-05-2014,1305.699951171875,1292.800048828125,1306.9000244140625,1292.800048828125,25,80.06999969482422,21055.0,27491512.471923828,33146265.33870729
15-05-2014,1293.5,1302.5,1302.5,1292.800048828125,27,80.0,21055.0,27234642.5,32836559.561128527
16-05-2014,1293.300048828125,1293.300048828125,1293.300048828125,1293.300048828125,8,80.04000091552734,21056.0,27231725.828125,32833042.956504703
19-05-2014,1293.699951171875,1293.699951171875,1293.699951171875,1293.699951171875,44,79.98999786376953,21050.0,27232383.97216797,32833836.47476244
20-05-2014,1294.5,1290.699951171875,1294.5,1290.0999755859375,8,80.04000091552734,21057.0,27258286.5,32865066.915842775
21-05-2014,1288.0,1287.4000244140625,1288.0,1287.4000244140625,2,80.0999984741211,21050.0,27112400.0,32689172.89606945
22-05-2014,1294.9000244140625,1294.199951171875,1295.0,1294.199951171875,4,80.25,21050.0,27257645.513916016,32864294.084779378
23-05-2014,1291.5999755859375,1293.199951171875,1293.4000244140625,1291.5999755859375,3,80.38999938964844,21040.0,27175263.486328125,32764966.82701727
27-05-2014,1265.4000244140625,1291.9000244140625,1291.9000244140625,1265.4000244140625,25,80.3499984741211,21075.0,26668305.514526367,32153732.23357411
28-05-2014,1259.300048828125,1259.300048828125,1259.300048828125,1259.300048828125,168825,80.56999969482422,21095.0,26564934.530029297,32029098.782287553
29-05-2014,1256.300048828125,1258.300048828125,1260.5999755859375,1250.9000244140625,38045,80.48999786376953,21095.0,26501649.530029297,31952796.636157822
30-05-2014,1245.5999755859375,1255.0999755859375,1259.5999755859375,1241.800048828125,3839,80.37000274658203,21090.0,26269703.485107422,31673141.409582134
02-06-2014,1243.699951171875,1250.0,1250.699951171875,1240.9000244140625,774,80.63999938964844,21095.0,26235850.469970703,31632325.138619125
03-06-2014,1244.300048828125,1244.0999755859375,1247.5,1240.5,654,80.55000305175781,21167.0,26338099.133544922,31755605.417826045
04-06-2014,1244.0,1245.0999755859375,1248.800048828125,1242.699951171875,604,80.66999816894531,21175.0,26341700.0,31759946.94960212
05-06-2014,1253.0,1244.0,1256.5999755859375,1241.199951171875,1317,80.37000274658203,21175.0,26532275.0,31989721.48541114
06-06-2014,1252.0999755859375,1253.4000244140625,1256.5999755859375,1246.300048828125,381,80.41000366210938,21175.0,26513216.983032227,31966743.40852692
09-06-2014,1253.5,1252.699951171875,1256.0999755859375,1252.5999755859375,97,80.6500015258789,21100.0,26448850.0,31889136.725343622
10-06-2014,1259.800048828125,1252.4000244140625,1262.300048828125,1251.0,1007,80.81999969482422,21120.0,26606977.03125,32079789.041777186
11-06-2014,1260.800048828125,1259.9000244140625,1264.4000244140625,1259.0999755859375,128,80.79000091552734,21140.0,26653313.032226562,32135655.93468358
12-06-2014,1273.5999755859375,1260.0,1274.5,1260.0,129,80.58000183105469,21115.0,26892063.48449707,32423515.173013106
13-06-2014,1273.699951171875,1272.5,1274.699951171875,1271.300048828125,145,80.58000183105469,21135.0,26919648.468017578,32456774.135540847
16-06-2014,1274.9000244140625,1279.800048828125,1282.0999755859375,1270.800048828125,334,80.47000122070312,21145.0,26957761.01623535,32502726.086611226
17-06-2014,1271.699951171875,1272.800048828125,1272.800048828125,1260.9000244140625,819,80.62999725341797,21175.0,26928246.466064453,32467140.663207684
18-06-2014,1272.4000244140625,1269.9000244140625,1272.699951171875,1267.4000244140625,143,80.58000183105469,21170.0,26936708.516845703,32477343.280498795
19-06-2014,1313.699951171875,1277.199951171875,1321.0,1277.199951171875,601,80.31999969482422,21247.0,27912182.862548828,33653463.784119636
20-06-2014,1316.199951171875,1321.4000244140625,1321.4000244140625,1306.800048828125,254,80.37000274658203,21240.0,27956086.962890625,33706398.55665617
23-06-2014,1318.0,1312.300048828125,1318.0,1312.300048828125,142,80.26000213623047,21291.0,28061538.0,33833539.90836749
24-06-2014,1320.9000244140625,1315.5999755859375,1325.5999755859375,1315.5999755859375,223,80.33000183105469,21301.0,28136491.420043945,33923910.56190492
25-06-2014,1322.199951171875,1315.300048828125,1323.4000244140625,1312.0,294,80.22000122070312,21310.0,28176080.959472656,33971643.30777991
26-06-2014,1316.0999755859375,1319.5999755859375,1319.5999755859375,1312.4000244140625,1204,80.2300033569336,21325.0,28065831.979370117,33838717.12005078
27-06-2014,1319.0,1317.4000244140625,1320.9000244140625,1313.300048828125,625,80.04000091552734,21315.0,28114485.0,33897377.62237762
30-06-2014,1321.800048828125,1315.300048828125,1328.699951171875,1311.800048828125,744,79.77999877929688,21201.0,28023482.835205078,33787657.14396561
01-07-2014,1326.4000244140625,1326.699951171875,1331.4000244140625,1326.199951171875,51,79.81999969482422,21257.0,28195285.318969727,33994797.828514256
02-07-2014,1330.699951171875,1326.800048828125,1330.699951171875,1326.800048828125,226,79.95999908447266,21285.0,28323948.46069336,34149925.802620396
03-07-2014,1320.4000244140625,1327.300048828125,1327.699951171875,1313.0,40,80.20999908447266,21270.0,28084908.51928711,33861717.52988559
07-07-2014,1316.5,1318.699951171875,1320.300048828125,1313.199951171875,93,80.22000122070312,21250.0,27975625.0,33729955.389438145
08-07-2014,1316.0,1318.4000244140625,1323.5,1316.0,6,80.18000030517578,21255.0,27971580.0,33725078.369905956
09-07-2014,1323.800048828125,1324.0,1330.4000244140625,1323.800048828125,16,79.98999786376953,21255.0,28137370.037841797,33924969.90335399
10-07-2014,1338.699951171875,1330.5,1343.699951171875,1328.0,28,80.12999725341797,21205.0,28387132.46459961,34226106.178682916
11-07-2014,1337.0,1337.9000244140625,1339.0,1336.199951171875,112,80.19000244140625,21155.0,28284235.0,34102043.64600916
14-07-2014,1306.300048828125,1332.800048828125,1332.800048828125,1304.699951171875,103,80.19000244140625,21150.0,27628246.032714844,33311123.74332631
15-07-2014,1296.9000244140625,1307.4000244140625,1311.9000244140625,1294.0999755859375,368,80.38999938964844,21155.0,27435920.016479492,33079238.023245107
16-07-2014,1299.5999755859375,1298.4000244140625,1303.0999755859375,1296.9000244140625,34,80.55999755859375,21165.0,27506033.483276367,33163773.18938554
17-07-2014,1316.699951171875,1303.0999755859375,1323.800048828125,1303.0999755859375,16,80.5199966430664,21180.0,27887704.965820312,33623951.00774091
18-07-2014,1309.199951171875,1322.699951171875,1322.699951171875,1306.199951171875,27,80.5199966430664,21175.0,27722308.966064453,33424534.562411927
21-07-2014,1313.699951171875,1311.0,1315.5,1311.0,18,80.55999755859375,21155.0,27791322.467041016,33507743.509815548
22-07-2014,1306.0999755859375,1306.0999755859375,1306.0999755859375,1306.0999755859375,2,80.77999877929688,21170.0,27650136.483154297,33337516.85936134
23-07-2014,1304.5,1304.5,1304.5,1304.5,0,80.80999755859375,21175.0,27622787.5,33304542.4403183
24-07-2014,1290.5999755859375,1297.5,1297.5,1290.5999755859375,1,80.87000274658203,21175.0,27328454.483032227,32949667.81170994
25-07-2014,1303.0999755859375,1294.800048828125,1303.0999755859375,1294.800048828125,8,81.02999877929688,21170.0,27586626.483154297,33260943.432787914
28-07-2014,1303.300048828125,1307.4000244140625,1308.0,1303.300048828125,52,81.02999877929688,21180.0,27603895.034179688,33281763.96693958
29-07-2014,1298.300048828125,1310.9000244140625,1310.9000244140625,1298.300048828125,181554,81.20999908447266,21165.0,27478520.533447266,33130601.077221204
30-07-2014,1294.9000244140625,1298.5999755859375,1303.0,1291.0,36189,81.41999816894531,21165.0,27406559.016723633,33043837.73417366
31-07-2014,1281.300048828125,1295.0999755859375,1297.300048828125,1280.5999755859375,5663,81.45999908447266,3211.0,4114254.4567871094,4960518.997814214
01-08-2014,1293.5999755859375,1284.0999755859375,1296.5999755859375,1279.699951171875,1985,81.30000305175781,21155.0,27366107.483520508,32995065.690282743
04-08-2014,1287.699951171875,1294.4000244140625,1295.0,1285.9000244140625,917,81.33000183105469,21125.0,27202661.46850586,32798000.32373506
05-08-2014,1284.0,1288.0,1292.699951171875,1282.5999755859375,825,81.5199966430664,21150.0,27156600.0,32742464.432119604
06-08-2014,1306.699951171875,1288.0999755859375,1309.0,1287.800048828125,706,81.44000244140625,20910.0,27323095.979003906,32943207.112375095
07-08-2014,1310.800048828125,1305.300048828125,1313.0999755859375,1302.5,225,81.5199966430664,20921.0,27423247.821533203,33063959.27361129
08-08-2014,1308.9000244140625,1310.800048828125,1321.4000244140625,1308.0,586,81.38999938964844,20918.0,27379570.71069336,33011298.180242777
11-08-2014,1308.5,1308.4000244140625,1309.699951171875,1305.300048828125,194,81.47000122070312,20910.0,27360735.0,32988588.13600193
12-08-2014,1308.800048828125,1306.199951171875,1315.800048828125,1305.800048828125,438,81.5,20895.0,27347377.020263672,32972482.54191424
13-08-2014,1312.800048828125,1308.800048828125,1312.800048828125,1305.0,238,81.5999984741211,20904.0,27442772.220703125,33087499.66325431
14-08-2014,1313.9000244140625,1311.800048828125,1316.4000244140625,1309.699951171875,320,81.58999633789062,20891.0,27448685.41003418,33094629.141589317
15-08-2014,1304.5,1311.699951171875,1312.800048828125,1292.0,199,81.41999816894531,20873.0,27228828.5,32829549.674463466
18-08-2014,1297.699951171875,1301.4000244140625,1302.0999755859375,1295.699951171875,100,81.58000183105469,20898.0,27119333.579589844,32697532.649613988
19-08-2014,1295.0999755859375,1298.800048828125,1301.5999755859375,1294.0,144,81.87999725341797,20899.0,27066294.389770508,32633583.783181224
20-08-2014,1293.4000244140625,1295.4000244140625,1295.800048828125,1288.4000244140625,332,82.25,20893.0,27023006.710083008,32581392.22339403
21-08-2014,1273.699951171875,1290.0,1290.0,1272.0,264,82.1500015258789,20890.0,26607591.97998047,32080530.47984141
22-08-2014,1278.5999755859375,1276.0,1280.0,1275.0,119,82.33999633789062,20895.0,26716346.489868164,32211654.798490673
25-08-2014,1277.300048828125,1277.300048828125,1277.5999755859375,1273.699951171875,251,82.55000305175781,20914.0,26713453.221191406,32208166.41088908
26-08-2014,1283.800048828125,1289.4000244140625,1289.5,1281.0999755859375,74,82.6500015258789,20904.0,26836556.220703125,32356590.57234522
27-08-2014,1281.9000244140625,1281.5,1282.300048828125,1281.5,783,82.43000030517578,20872.0,26755817.309570312,32259244.405076336
28-08-2014,1288.699951171875,1284.5,1293.699951171875,1284.300048828125,817,82.4800033569336,20879.0,26906766.280517578,32441242.19980417
29-08-2014,1285.800048828125,1289.5,1289.699951171875,1284.800048828125,116,82.75,20978.0,26973513.424316406,32521718.62107114
02-09-2014,1263.699951171875,1284.5,1286.4000244140625,1262.5,280,82.98999786376953,20866.0,26368363.181152344,31792094.503439043
03-09-2014,1268.9000244140625,1266.300048828125,1271.0999755859375,1263.0999755859375,279,82.87000274658203,20915.0,26539044.010620117,31997882.8196529
04-09-2014,1265.0999755859375,1268.699951171875,1272.699951171875,1260.4000244140625,290,83.81999969482422,21195.0,26813793.982543945,32329146.349823903
05-09-2014,1265.800048828125,1263.199951171875,1268.0999755859375,1263.199951171875,123,83.76000213623047,20892.0,26445094.620117188,31884608.898139846
08-09-2014,1252.699951171875,1268.4000244140625,1268.4000244140625,1252.699951171875,2,84.2300033569336,21170.0,26519657.966308594,31974509.24319821
09-09-2014,1246.800048828125,1246.800048828125,1246.800048828125,1246.800048828125,0,84.27999877929688,20814.0,25950896.216308594,31288758.399214603
10-09-2014,1243.5,1256.699951171875,1256.699951171875,1243.5,95,84.25,20954.0,26056299.0,31415841.57222088
11-09-2014,1237.4000244140625,1237.4000244140625,1237.4000244140625,1237.4000244140625,0,84.30000305175781,20889.0,25848049.10998535,31164756.58305444
12-09-2014,1229.9000244140625,1227.0,1229.9000244140625,1227.0,47,84.23999786376953,20834.0,25623737.108642578,30894305.653053503
15-09-2014,1233.5999755859375,1226.699951171875,1235.0,1226.699951171875,21,84.26000213623047,20864.0,25737829.890625,31031866.27758018
16-09-2014,1235.199951171875,1238.300048828125,1238.300048828125,1235.199951171875,3,84.06999969482422,20867.0,25774917.381103516,31076582.325902477
17-09-2014,1234.4000244140625,1236.199951171875,1236.199951171875,1221.9000244140625,10,84.69999694824219,21046.0,25979182.91381836,31322863.411886133
18-09-2014,1225.699951171875,1216.199951171875,1225.699951171875,1216.199951171875,5,84.31999969482422,20827.0,25527652.88305664,30778457.780391414
19-09-2014,1215.300048828125,1218.300048828125,1218.300048828125,1215.300048828125,4,84.80000305175781,20951.0,25461751.322998047,30699000.871712137
22-09-2014,1216.800048828125,1214.9000244140625,1216.800048828125,1212.4000244140625,7,84.66999816894531,20895.0,25425037.020263672,30654734.772442333
23-09-2014,1221.0,1221.0,1221.0,1221.0,5,84.66000366210938,20970.0,25604370.0,30870954.907161802
24-09-2014,1218.5999755859375,1218.5999755859375,1218.5999755859375,1216.800048828125,2,85.05000305175781,21007.0,25599129.68713379,30864636.709830947
25-09-2014,1221.199951171875,1209.5,1221.199951171875,1209.5,11,85.19999694824219,20863.0,25477894.581298828,30718464.650709942
26-09-2014,1214.0999755859375,1214.0999755859375,1214.0999755859375,1214.0999755859375,19497,85.63999938964844,21003.0,25499741.787231445,30744805.6272383
29-09-2014,1217.5,1216.300048828125,1222.199951171875,1214.800048828125,6344,85.58999633789062,20901.0,25446967.5,30681176.15143477
30-09-2014,1210.5,1214.800048828125,1218.199951171875,1204.0,680,85.94000244140625,20850.0,25238925.0,30430341.21051362
01-10-2014,1214.5999755859375,1207.699951171875,1217.800048828125,1205.5,178,85.97000122070312,20888.0,25370564.290039062,30589057.49944425
02-10-2014,1214.199951171875,1215.300048828125,1219.5,1210.300048828125,176,85.5999984741211,20937.0,25421704.377685547,30650716.635743365
03-10-2014,1192.199951171875,1212.4000244140625,1212.4000244140625,1191.0,499,86.69000244140625,21139.0,25201914.767822266,30385718.311818503
06-10-2014,1206.699951171875,1187.699951171875,1208.0,1182.800048828125,415,85.70999908447266,20788.0,25084878.584960938,30244608.855752274
07-10-2014,1211.699951171875,1209.0999755859375,1211.699951171875,1205.300048828125,272,85.66999816894531,20843.0,25255462.08227539,30450279.819478408
08-10-2014,1205.300048828125,1210.199951171875,1217.9000244140625,1205.300048828125,9,85.30000305175781,20944.0,25243804.22265625,30436224.044678383
09-10-2014,1224.5999755859375,1223.9000244140625,1229.0,1223.9000244140625,19,85.5199966430664,21021.0,25742316.086791992,31037275.24329876
10-10-2014,1221.0,1223.5,1223.5,1217.0,186,85.91000366210938,20972.0,25606812.0,30873899.204244033
13-10-2014,1229.300048828125,1229.800048828125,1234.0,1227.0,103,85.43000030517578,20803.0,25573128.915771484,30833287.81742402
14-10-2014,1233.5999755859375,1235.9000244140625,1235.9000244140625,1233.5999755859375,73,85.81999969482422,20899.0,25781005.889770508,31083923.18515856
15-10-2014,1244.0999755859375,1243.699951171875,1247.0,1243.699951171875,250,85.1500015258789,20630.0,25665782.49633789,30944999.392739195
16-10-2014,1240.5,1242.0999755859375,1243.0,1236.699951171875,6,85.0,20829.0,25838374.5,31153091.994212683
17-10-2014,1238.300048828125,1237.4000244140625,1238.300048828125,1232.5999755859375,356,85.19000244140625,20929.0,25916381.721923828,31247144.588767577
20-10-2014,1244.0,1237.300048828125,1244.0,1235.4000244140625,105,84.94999694824219,20943.0,26053092.0,31411974.921630092
21-10-2014,1251.0,1251.0,1251.0,1251.0,48,85.30999755859375,21019.0,26294769.0,31703362.671810947
22-10-2014,1244.800048828125,1244.800048828125,1244.800048828125,1244.800048828125,2,85.73999786376953,20899.0,26015076.220458984,31366139.643668897
23-10-2014,1228.5,1228.0,1228.5,1227.9000244140625,2,85.83999633789062,20981.0,25775158.5,31076873.04075235
24-10-2014,1231.199951171875,1229.4000244140625,1232.699951171875,1229.4000244140625,71,85.7300033569336,20930.0,25769014.978027344,31069465.852456406
27-10-2014,1229.0999755859375,1230.199951171875,1230.199951171875,1227.300048828125,282,85.5,20928.0,25722604.2890625,31013508.908925127
28-10-2014,1229.199951171875,1224.9000244140625,1231.0,1224.699951171875,46,85.41000366210938,20904.0,25695195.779296875,30980462.71919083
29-10-2014,1224.300048828125,1224.300048828125,1224.300048828125,1224.300048828125,631,85.94999694824219,21115.0,25851095.53100586,31168429.625037204
30-10-2014,1198.0999755859375,1213.699951171875,1214.699951171875,1195.800048828125,521,86.1500015258789,20957.0,25108581.188354492,30273186.86804255
31-10-2014,1171.0999755859375,1199.5999755859375,1199.699951171875,1161.4000244140625,260,86.87999725341797,21058.0,24661023.285888672,29733570.395332374
03-11-2014,1169.4000244140625,1166.4000244140625,1172.300048828125,1163.0999755859375,60,87.30999755859375,21270.0,24873138.51928711,29989315.793690752
04-11-2014,1167.4000244140625,1166.9000244140625,1171.0,1165.0,40,86.9800033569336,20912.0,24412669.310546875,29434132.277003706
05-11-2014,1145.4000244140625,1168.0999755859375,1168.699951171875,1137.800048828125,157,87.44000244140625,20939.0,23983531.111206055,28916724.272011157
06-11-2014,1142.300048828125,1141.0999755859375,1147.5,1137.9000244140625,137,88.01000213623047,21204.0,24221330.235351562,29203436.502714686
07-11-2014,1169.5999755859375,1139.9000244140625,1169.699951171875,1133.0,97,87.63999938964844,20869.0,24408381.89050293,29428962.97384004
10-11-2014,1159.5999755859375,1171.0,1171.0,1150.699951171875,40,87.80999755859375,21037.0,24394504.686401367,29412231.35568045
11-11-2014,1162.800048828125,1155.0,1170.5,1151.5999755859375,22,87.52999877929688,20870.0,24267637.01904297,29259268.168607388
12-11-2014,1158.9000244140625,1162.5,1168.0999755859375,1157.5,17,87.81999969482422,21019.0,24358919.61315918,29369326.758089196
13-11-2014,1161.0999755859375,1163.699951171875,1164.5,1155.0,1047,87.66999816894531,20985.0,24365682.9876709,29377481.29692657
14-11-2014,1185.0,1155.199951171875,1191.0,1148.0,486,87.52999877929688,20867.0,24727395.0,29813594.164456233
17-11-2014,1183.0,1183.0999755859375,1186.9000244140625,1180.5999755859375,17,87.93000030517578,21092.0,24951836.0,30084200.626959246
18-11-2014,1196.699951171875,1197.0999755859375,1197.0999755859375,1193.9000244140625,2,87.58000183105469,21063.0,25206091.071533203,30390753.64303497
19-11-2014,1193.5999755859375,1196.5,1198.300048828125,1190.5999755859375,23,87.6500015258789,21024.0,25094245.88671875,30255902.925872616
20-11-2014,1190.699951171875,1191.800048828125,1191.9000244140625,1190.699951171875,3,87.58999633789062,21020.0,25028512.973632812,30176649.353306983
21-11-2014,1197.5,1191.0,1202.4000244140625,1189.0,20,88.30999755859375,21038.0,25193005.0,30374975.88618278
24-11-2014,1195.5,1197.699951171875,1197.9000244140625,1195.5,17,88.1500015258789,20983.0,25085176.5,30244968.049192186
25-11-2014,1197.0999755859375,1197.0999755859375,1197.0999755859375,1197.0999755859375,210753,87.91999816894531,21001.0,25140296.587280273,30311425.834675997
26-11-2014,1196.5999755859375,1200.5,1201.0,1193.699951171875,75297,87.61000061035156,20983.0,25108257.287719727,30272796.344007384
28-11-2014,1175.199951171875,1197.0,1198.199951171875,1163.800048828125,11175,88.36000061035156,21070.0,24761462.971191406,29854669.605969865
01-12-2014,1218.0,1160.0,1220.4000244140625,1141.699951171875,5524,87.94999694824219,21075.0,25669350.0,30949300.6993007
02-12-2014,1199.199951171875,1212.300048828125,1212.300048828125,1191.300048828125,1236,88.6500015258789,21158.0,25372672.56689453,30591599.429581057
03-12-2014,1208.5,1198.0999755859375,1213.699951171875,1196.0999755859375,440,88.95999908447266,21036.0,25422006.0,30651080.29901133
04-12-2014,1207.5,1208.199951171875,1213.0,1201.5999755859375,358,88.69999694824219,21012.0,25371990.0,30590776.464914396
05-12-2014,1190.0999755859375,1203.0999755859375,1206.0,1186.699951171875,560,89.33000183105469,21011.0,25005190.587036133,30148529.764933847
08-12-2014,1194.699951171875,1190.5999755859375,1207.0,1187.199951171875,183,89.04000091552734,21013.0,25104230.07397461,30267940.769200154
09-12-2014,1231.5,1202.0,1238.0,1202.0,314,88.69000244140625,21023.0,25889824.5,31215124.7890041
10-12-2014,1228.9000244140625,1231.199951171875,1234.5999755859375,1226.5999755859375,306,88.2699966430664,21054.0,25873261.114013672,31195154.465895433
11-12-2014,1225.0999755859375,1226.5999755859375,1231.199951171875,1216.199951171875,264,88.66000366210938,21055.0,25794479.985961914,31100168.779794928
12-12-2014,1222.0,1227.800048828125,1227.800048828125,1216.199951171875,203,88.36000061035156,21070.0,25747540.0,31043573.667711597
15-12-2014,1207.199951171875,1223.0999755859375,1223.0999755859375,1198.4000244140625,77,88.45999908447266,21056.0,25418802.171875,30647217.472721245
16-12-2014,1193.9000244140625,1197.199951171875,1222.0,1192.699951171875,223,88.12999725341797,21058.0,25141146.714111328,30312450.824826777
17-12-2014,1194.300048828125,1198.199951171875,1199.5999755859375,1184.0,94,89.12999725341797,21063.0,25155541.928466797,30329807.00321533
18-12-2014,1194.699951171875,1189.699951171875,1207.300048828125,1189.699951171875,197,89.23999786376953,21079.0,25183080.270751953,30363009.73083187
19-12-2014,1195.9000244140625,1198.0,1200.800048828125,1195.9000244140625,96,89.5999984741211,21060.0,25185654.514160156,30366113.472582776
22-12-2014,1179.699951171875,1198.0,1198.0,1172.699951171875,223,89.7699966430664,21052.0,24835043.372070312,29943384.82284822
23-12-2014,1177.9000244140625,1179.300048828125,1180.300048828125,1175.0,232,90.05999755859375,21067.0,24814819.814331055,29919001.464107852
24-12-2014,1173.5,1177.0,1179.300048828125,1173.5,23,89.97000122070312,21059.0,24712736.5,29795920.544972267
26-12-2014,1195.300048828125,1177.199951171875,1195.300048828125,1177.199951171875,124,90.02999877929688,21370.0,25543562.04345703,30797639.309690174
29-12-2014,1181.699951171875,1186.5,1186.5,1181.300048828125,180,90.19000244140625,21019.0,24838151.27368164,29947131.991417456
30-12-2014,1200.199951171875,1181.4000244140625,1210.300048828125,1181.4000244140625,191,89.98999786376953,21086.0,25307416.170410156,30512920.38872698
31-12-2014,1183.9000244140625,1199.199951171875,1199.199951171875,1182.699951171875,92,90.2699966430664,21062.0,24935302.314208984,30064266.113104634
02-01-2015,1186.0,1184.0,1194.5,1169.5,138,91.08000183105469,21063.0,24980718.0,30119023.3904027
05-01-2015,1203.9000244140625,1180.300048828125,1206.9000244140625,1180.0999755859375,470,91.37999725341797,21046.0,25337279.91381836,30548926.831225414
06-01-2015,1219.300048828125,1203.5,1220.0,1203.5,97,91.5,21097.0,25723573.130126953,31014677.031742167
07-01-2015,1210.5999755859375,1219.199951171875,1219.199951171875,1210.5999755859375,29,91.88999938964844,21083.0,25523079.28527832,30772943.43534883
08-01-2015,1208.4000244140625,1207.0,1215.699951171875,1206.300048828125,92,92.37000274658203,21061.0,25450112.91418457,30684968.548570737
09-01-2015,1216.0,1211.0999755859375,1220.199951171875,1210.300048828125,43,91.94000244140625,21021.0,25561536.0,30819310.344827585
12-01-2015,1232.699951171875,1224.199951171875,1234.4000244140625,1219.0999755859375,100,91.9800033569336,21020.0,25911352.973632812,31241081.472911518
13-01-2015,1234.300048828125,1239.199951171875,1239.300048828125,1230.300048828125,20,92.30999755859375,21005.0,25926472.525634766,31259310.97858062
14-01-2015,1234.4000244140625,1229.5999755859375,1243.800048828125,1225.5999755859375,21,92.16000366210938,20991.0,25911290.912475586,31241006.646341432
15-01-2015,1264.699951171875,1231.5,1265.0,1227.300048828125,130,92.3499984741211,21007.0,26567551.874267578,32032254.49031538
16-01-2015,1276.9000244140625,1256.0999755859375,1279.699951171875,1256.0999755859375,44,92.5199966430664,20988.0,26799577.712402344,32312005.92283861
20-01-2015,1294.199951171875,1278.9000244140625,1297.300048828125,1273.800048828125,157,93.05000305175781,21004.0,27183375.774414062,32774747.738623176
21-01-2015,1293.699951171875,1295.199951171875,1303.5,1286.699951171875,78,92.9000015258789,21036.0,27214272.172851562,32811999.24385286
22-01-2015,1300.699951171875,1293.199951171875,1302.0999755859375,1283.5,131,94.23999786376953,21009.0,27326405.274169922,32947197.09931266
23-01-2015,1292.5999755859375,1299.800048828125,1299.800048828125,1292.5999755859375,23,95.0,20922.0,27043776.689208984,32606434.39740654
26-01-2015,1279.4000244140625,1289.5,1290.5999755859375,1279.4000244140625,26,94.80000305175781,20982.0,26844371.31225586,32366013.156807162
27-01-2015,1291.699951171875,1277.199951171875,1291.699951171875,1277.199951171875,20,94.0199966430664,20981.0,27101156.67553711,32675616.92251882
28-01-2015,1285.9000244140625,1285.9000244140625,1286.800048828125,1285.9000244140625,180387,94.47000122070312,20988.0,26988469.712402344,32539751.280928794
29-01-2015,1254.5999755859375,1283.300048828125,1285.4000244140625,1251.0,67983,94.77999877929688,20996.0,26341581.087402344,31759803.577769887
30-01-2015,1278.5,1258.0,1284.300048828125,1257.0,8626,94.80000305175781,21074.0,26943109.0,32485060.28454304
02-02-2015,1276.199951171875,1284.0999755859375,1284.0999755859375,1266.0,1654,94.5,20991.0,26788713.175048828,32298906.64944397
03-02-2015,1259.699951171875,1273.5,1284.699951171875,1255.300048828125,2380,93.5999984741211,20973.0,26419687.075927734,31853975.25431364
04-02-2015,1263.800048828125,1262.0,1271.5999755859375,1256.800048828125,668,93.98999786376953,21058.0,26613101.428222656,32087173.171235416
05-02-2015,1262.0,1271.800048828125,1272.5999755859375,1257.800048828125,133,94.69999694824219,20979.0,26475498.0,31921265.975403905
06-02-2015,1233.9000244140625,1265.0,1267.5999755859375,1228.0,432,94.69999694824219,20978.0,25884754.712158203,31209012.192136727
09-02-2015,1240.800048828125,1237.5,1242.300048828125,1235.4000244140625,319,94.44999694824219,20961.0,26008409.823486328,31358102.02976408
10-02-2015,1231.5999755859375,1237.5,1245.0,1231.199951171875,231,94.76000213623047,20970.0,25826651.48803711,31138957.665827233
11-02-2015,1219.0,1233.300048828125,1237.4000244140625,1219.0,102,94.98999786376953,20968.0,25559992.0,30817448.75813841
12-02-2015,1220.0999755859375,1217.9000244140625,1229.800048828125,1217.9000244140625,99,94.08999633789062,20943.0,25552553.78869629,30808480.57474836
13-02-2015,1226.5,1222.199951171875,1232.800048828125,1222.199951171875,65,94.19999694824219,20986.0,25739329.0,31033673.74005305
17-02-2015,1208.0999755859375,1227.699951171875,1234.0,1203.0,204,94.05999755859375,21300.0,25732529.47998047,31025475.620907243
18-02-2015,1199.699951171875,1207.0999755859375,1210.199951171875,1197.800048828125,147,94.19999694824219,20972.0,25160107.375976562,30335311.521553606
19-02-2015,1207.0999755859375,1216.5,1220.0,1205.0,65,94.4000015258789,20987.0,25333407.18762207,30544257.520643923
20-02-2015,1204.4000244140625,1206.5,1213.0999755859375,1199.0999755859375,51,94.25,20957.0,25240611.311645508,30432374.38105318
23-02-2015,1200.300048828125,1201.300048828125,1203.300048828125,1191.5999755859375,268,94.56999969482422,20975.0,25176293.524169922,30354827.01250292
24-02-2015,1196.9000244140625,1203.4000244140625,1203.5,1193.800048828125,151,94.48999786376953,20978.0,25108568.712158203,30273171.825606707
25-02-2015,1201.0,1204.300048828125,1204.5999755859375,1201.0,570,94.20999908447266,21011.0,25234211.0,30424657.583795514
26-02-2015,1209.5999755859375,1204.800048828125,1219.0,1204.800048828125,560,95.29000091552734,21018.0,25423372.286865234,30652727.618598063
27-02-2015,1212.5999755859375,1207.699951171875,1217.800048828125,1204.5,195,95.25,20984.0,25445197.887695312,30679042.546051737
02-03-2015,1207.699951171875,1214.300048828125,1222.699951171875,1204.9000244140625,124,95.45999908447266,20989.0,25348414.275146484,30562351.428920284
03-03-2015,1204.0,1201.5,1212.0,1195.0,51,95.37999725341797,20987.0,25268348.0,30465816.252712805
04-03-2015,1200.5999755859375,1204.800048828125,1206.9000244140625,1198.0,27,95.97000122070312,21004.0,25217401.88720703,30404390.99012181
05-03-2015,1195.9000244140625,1201.699951171875,1205.4000244140625,1195.9000244140625,29,96.37999725341797,20994.0,25106725.112548828,30270949.01440659
06-03-2015,1164.0999755859375,1195.0,1195.699951171875,1163.699951171875,168,97.62000274658203,20968.0,24408848.288085938,29429525.3051434
09-03-2015,1166.4000244140625,1169.4000244140625,1174.199951171875,1166.300048828125,45,97.58999633789062,20982.0,24473405.31225586,29507361.119189605
10-03-2015,1160.0999755859375,1166.4000244140625,1168.4000244140625,1156.5,94,98.62000274658203,20978.0,24336577.287841797,29342388.820643593
11-03-2015,1150.699951171875,1162.0,1162.0,1147.699951171875,74,99.80000305175781,20974.0,24134780.775878906,29099084.61041585
12-03-2015,1152.0999755859375,1155.4000244140625,1160.5,1149.699951171875,63,99.1500015258789,20996.0,24189491.087402344,29165048.33301464
13-03-2015,1152.5999755859375,1158.199951171875,1159.199951171875,1152.5999755859375,44,100.33000183105469,21003.0,24208057.287231445,29187433.43046955
16-03-2015,1153.300048828125,1159.699951171875,1162.300048828125,1150.0999755859375,56,99.5999984741211,21089.0,24321944.729736328,29324746.479064777
17-03-2015,1148.300048828125,1153.5999755859375,1158.199951171875,1144.300048828125,71,99.58999633789062,21066.0,24190088.82861328,29165769.02412983
18-03-2015,1151.4000244140625,1148.699951171875,1174.300048828125,1147.0,112,98.55000305175781,21113.0,24309508.7154541,29309752.49029913
19-03-2015,1169.0999755859375,1171.5999755859375,1171.5999755859375,1159.300048828125,39,99.0999984741211,21142.0,24717111.68383789,29801195.66414021
20-03-2015,1184.800048828125,1171.0,1185.4000244140625,1171.0,54,97.91000366210938,21078.0,24973215.42919922,30109977.60935522
23-03-2015,1188.0,1181.5999755859375,1188.0,1181.199951171875,5,97.02999877929688,21149.0,25125012.0,30292997.347480103
24-03-2015,1191.699951171875,1188.0,1193.0,1186.0,411,97.19000244140625,21168.0,25225904.56640625,30414642.59272516
25-03-2015,1197.300048828125,1192.5,1199.199951171875,1192.5,11,96.9800033569336,21475.0,25712018.548583984,31000745.77837471
26-03-2015,1205.0999755859375,1198.199951171875,1213.699951171875,1198.199951171875,68,97.44000244140625,21144.0,25480633.883789062,30721767.40268756
27-03-2015,1199.800048828125,1197.0,1199.800048828125,1196.300048828125,172260,97.29000091552734,21154.0,25380570.232910156,30601121.57331825
30-03-2015,1184.800048828125,1198.0,1198.5,1181.5999755859375,37990,97.9800033569336,21161.0,25071553.833251953,30228543.32439348
31-03-2015,1183.0999755859375,1185.800048828125,1190.0999755859375,1178.199951171875,3409,98.36000061035156,21186.0,25065156.082763672,30220829.615099676
01-04-2015,1208.0999755859375,1182.9000244140625,1208.199951171875,1181.0,1632,98.19000244140625,21188.0,25597222.282714844,30862336.969755057
02-04-2015,1200.9000244140625,1204.0,1205.699951171875,1194.800048828125,1684,97.44000244140625,21115.0,25357004.01550293,30572708.00036524
06-04-2015,1218.5999755859375,1209.9000244140625,1224.199951171875,1209.9000244140625,343,97.11000061035156,21565.0,26279108.473510742,31684480.91814654
07-04-2015,1210.5999755859375,1214.800048828125,1214.800048828125,1208.199951171875,406,97.83000183105469,21229.0,25699826.881713867,30986046.39705072
08-04-2015,1203.0999755859375,1208.9000244140625,1211.4000244140625,1197.5999755859375,236,98.06999969482422,21241.0,25555046.5814209,30811486.112154447
09-04-2015,1193.5999755859375,1201.699951171875,1202.5,1193.0,521,99.16000366210938,21220.0,25328191.481933594,30537968.991962373
10-04-2015,1204.5999755859375,1195.800048828125,1209.5999755859375,1195.800048828125,202,99.38999938964844,21217.0,25557997.682006836,30815044.227160398
13-04-2015,1199.300048828125,1208.0999755859375,1208.0999755859375,1198.300048828125,424,99.48999786376953,21221.0,25450346.33618164,30685249.98333933
14-04-2015,1192.800048828125,1198.800048828125,1200.5999755859375,1184.0999755859375,546,98.76000213623047,21228.0,25320759.436523438,30529008.24273383
15-04-2015,1201.5,1194.5999755859375,1203.0999755859375,1188.5999755859375,196,98.33000183105469,21217.0,25492225.5,30735743.308415722
16-04-2015,1198.0,1204.300048828125,1208.5,1194.5999755859375,199,97.41999816894531,21121.0,25302958.0,30507545.21340728
17-04-2015,1202.9000244140625,1200.199951171875,1206.0,1200.199951171875,21,97.5199966430664,21234.0,25542379.118408203,30796213.067769717
20-04-2015,1193.5,1205.699951171875,1206.9000244140625,1191.0,67,97.94000244140625,21196.0,25297426.0,30500875.331564985
21-04-2015,1202.9000244140625,1193.199951171875,1202.9000244140625,1192.800048828125,33,97.9800033569336,21555.0,25928510.026245117,31261767.574445523
22-04-2015,1186.9000244140625,1199.0999755859375,1202.5999755859375,1185.199951171875,93,98.0199966430664,21555.0,25583630.026245117,30845948.910350997
23-04-2015,1194.4000244140625,1187.199951171875,1197.0,1186.0999755859375,331,97.27999877929688,21550.0,25739320.526123047,31033663.52317705
24-04-2015,1175.199951171875,1192.300048828125,1194.699951171875,1174.5999755859375,52,96.91999816894531,21565.0,25343186.947021484,30556048.88717324
27-04-2015,1203.300048828125,1182.300048828125,1206.699951171875,1181.4000244140625,194,96.7699966430664,21570.0,25955182.053222656,31293925.79361304
28-04-2015,1214.0,1199.699951171875,1214.0,1199.699951171875,401,96.08999633789062,21575.0,26192050.0,31579515.31227393
29-04-2015,1209.800048828125,1211.199951171875,1212.5999755859375,1201.9000244140625,114,95.12000274658203,21575.0,26101436.053466797,31470262.905072097
30-04-2015,1182.4000244140625,1203.0999755859375,1205.9000244140625,1176.699951171875,143,94.5999984741211,21575.0,25510280.5267334,30757512.08914082
01-05-2015,1174.5,1178.0999755859375,1178.0999755859375,1170.0,23,95.30000305175781,21575.0,25339837.5,30552010.489510488
04-05-2015,1186.800048828125,1177.5,1189.4000244140625,1177.5,38,95.4800033569336,21595.0,25628947.05444336,30900587.2370911
05-05-2015,1193.199951171875,1187.5,1198.699951171875,1186.9000244140625,48,95.12999725341797,21610.0,25785050.94482422,31088800.271068506
06-05-2015,1190.300048828125,1194.5,1194.5999755859375,1189.9000244140625,14,94.12999725341797,21620.0,25734287.055664062,31027594.71384623
07-05-2015,1182.4000244140625,1181.5,1186.0,1179.699951171875,44,94.62000274658203,21645.0,25593048.528442383,30857304.71237326
08-05-2015,1189.0999755859375,1183.300048828125,1189.0999755859375,1182.9000244140625,51,94.79000091552734,21650.0,25744014.471435547,31039322.970141724
11-05-2015,1183.199951171875,1189.699951171875,1190.5,1179.300048828125,26,95.01000213623047,21660.0,25628110.942382812,30899579.14442104
12-05-2015,1192.5999755859375,1194.5999755859375,1194.800048828125,1189.699951171875,10,94.52999877929688,21680.0,25855567.470703125,31173821.40186053
13-05-2015,1218.4000244140625,1192.699951171875,1218.4000244140625,1191.0,34,93.62000274658203,21700.0,26439280.529785156,31877598.90256228
14-05-2015,1225.4000244140625,1214.5,1225.5999755859375,1214.5,35,93.36000061035156,21735.0,26634069.53063965,32112454.22068923
15-05-2015,1225.5,1218.5,1225.5,1214.800048828125,12,93.13999938964844,21700.0,26593350.0,32063359.054738365
18-05-2015,1227.800048828125,1224.5,1228.0999755859375,1222.5999755859375,8,94.19000244140625,21765.0,26723068.06274414,32219758.937477864
19-05-2015,1206.9000244140625,1223.9000244140625,1223.9000244140625,1206.0,9,95.2699966430664,21770.0,26274213.53149414,31678579.13129267
20-05-2015,1208.9000244140625,1205.0999755859375,1210.800048828125,1205.0999755859375,11,95.44999694824219,21790.0,26341931.531982422,31760226.105597325
21-05-2015,1204.4000244140625,1204.5,1204.5,1203.699951171875,43,95.26000213623047,21785.0,26237854.53186035,31634741.41772408
22-05-2015,1204.300048828125,1211.5999755859375,1211.9000244140625,1204.300048828125,8,96.01000213623047,21770.0,26217612.06298828,31610335.258003715
26-05-2015,1187.199951171875,1193.5999755859375,1193.5999755859375,1186.0,40,97.30000305175781,21800.0,25880958.935546875,31204435.65896657
27-05-2015,1185.9000244140625,1185.9000244140625,1185.9000244140625,1185.9000244140625,200216,97.37000274658203,21780.0,25828902.53173828,31141671.728645142
28-05-2015,1188.0999755859375,1187.0999755859375,1192.0,1179.5999755859375,52705,96.97000122070312,21785.0,25882757.96813965,31206604.73612207
29-05-2015,1189.4000244140625,1187.800048828125,1193.300048828125,1185.699951171875,4748,96.91000366210938,21785.0,25911079.53186035,31240751.78666548
01-06-2015,1188.300048828125,1190.5999755859375,1204.0,1184.300048828125,1236,97.38999938964844,21790.0,25893058.063964844,31219023.46752453
02-06-2015,1194.0999755859375,1189.0,1194.300048828125,1186.0,1003,95.83999633789062,21790.0,26019438.468017578,31371399.165683117
03-06-2015,1184.699951171875,1193.9000244140625,1193.9000244140625,1179.0999755859375,630,95.47000122070312,21790.0,25814611.936035156,31124441.688009594
04-06-2015,1174.9000244140625,1184.9000244140625,1185.300048828125,1173.0,447,95.45999908447266,21790.0,25601071.531982422,30866977.97441816
05-06-2015,1167.800048828125,1176.4000244140625,1177.300048828125,1164.0,390,96.30999755859375,21785.0,25440524.063720703,30673407.35920027
08-06-2015,1173.199951171875,1169.5,1176.0999755859375,1169.0999755859375,173,95.30000305175781,21790.0,25564026.936035156,30822313.643640168
09-06-2015,1177.300048828125,1172.9000244140625,1180.300048828125,1172.699951171875,144,95.16999816894531,21790.0,25653368.063964844,30930031.425084207
10-06-2015,1186.0999755859375,1176.0999755859375,1190.0999755859375,1175.5999755859375,295,94.6500015258789,21775.0,25827326.96838379,31139772.08630792
11-06-2015,1179.9000244140625,1183.199951171875,1183.199951171875,1174.4000244140625,69,94.9800033569336,21770.0,25686423.53149414,30969886.100185845
12-06-2015,1178.800048828125,1180.4000244140625,1181.199951171875,1176.199951171875,141,94.97000122070312,21770.0,25662477.06298828,30941014.06195838
15-06-2015,1185.300048828125,1179.9000244140625,1188.5,1172.699951171875,102,94.80999755859375,21775.0,25809908.563232422,31118770.874406103
16-06-2015,1180.5,1186.5,1186.5,1175.9000244140625,29,95.0,21775.0,25705387.5,30992750.783699058
17-06-2015,1176.4000244140625,1177.5999755859375,1186.300048828125,1174.9000244140625,168,94.30000305175781,21785.0,25627874.53186035,30899294.106414698
18-06-2015,1201.5,1183.4000244140625,1202.0,1183.4000244140625,130,94.04000091552734,21785.0,26174677.5,31558569.447793584
19-06-2015,1201.5,1199.699951171875,1203.0999755859375,1199.699951171875,142,94.08999633789062,21780.0,26168670.0,31551326.25994695
22-06-2015,1183.699951171875,1197.800048828125,1197.800048828125,1182.699951171875,30,94.33000183105469,21780.0,25780984.936523438,31083897.92202006
23-06-2015,1176.199951171875,1183.800048828125,1186.0,1176.199951171875,60,95.43000030517578,21780.0,25617634.936523438,30886948.319898043
24-06-2015,1172.5999755859375,1176.5999755859375,1176.5999755859375,1170.699951171875,263,95.26000213623047,21790.0,25550953.468017578,30806551.082731586
25-06-2015,1171.5,1175.800048828125,1175.9000244140625,1171.5,95,95.19000244140625,21780.0,25515270.0,30763527.851458885
26-06-2015,1172.9000244140625,1170.5,1172.9000244140625,1170.5,308,95.47000122070312,21790.0,25557491.531982422,30814433.96670174
29-06-2015,1178.5,1185.0999755859375,1186.0,1173.800048828125,174,94.79000091552734,21790.0,25679515.0,30961556.546901375
30-06-2015,1171.5,1176.300048828125,1176.4000244140625,1166.5999755859375,223,95.48999786376953,21785.0,25521127.5,30770590.185676392
01-07-2015,1169.0,1173.0999755859375,1173.0999755859375,1166.5999755859375,455,96.30999755859375,21780.0,25460820.0,30697877.984084878
02-07-2015,1163.0,1166.4000244140625,1168.0999755859375,1155.5,316,96.11000061035156,21780.0,25330140.0,30540318.302387267
06-07-2015,1172.9000244140625,1171.0999755859375,1173.0,1162.199951171875,634,96.30000305175781,21785.0,25551627.03186035,30807363.192501027
07-07-2015,1152.4000244140625,1166.800048828125,1166.800048828125,1149.5,469,96.87000274658203,21474.0,24746638.124267578,29836795.423520107
08-07-2015,1163.300048828125,1152.5999755859375,1163.300048828125,1146.4000244140625,65,96.29000091552734,21443.0,24944642.947021484,30075528.028721344
09-07-2015,1159.0,1154.800048828125,1163.5999755859375,1154.800048828125,65,96.61000061035156,21440.0,24848960.0,29960163.973957077
10-07-2015,1157.699951171875,1160.0999755859375,1161.4000244140625,1157.5,27,96.02999877929688,21428.0,24807194.553710938,29909807.757066477
13-07-2015,1155.199951171875,1159.0,1159.0,1151.199951171875,14,96.86000061035156,21420.0,24744382.954101562,29834076.385461252
14-07-2015,1153.300048828125,1157.199951171875,1157.199951171875,1153.0,39,96.63999938964844,21431.0,24716373.346435547,29800305.45748197
15-07-2015,1147.199951171875,1154.0,1154.0,1144.800048828125,15,97.12999725341797,21445.0,24601702.95288086,29662048.41196149
16-07-2015,1143.800048828125,1146.199951171875,1146.199951171875,1142.9000244140625,14,97.66000366210938,21436.0,24518497.846679688,29561728.775837578
17-07-2015,1131.800048828125,1144.0,1144.0,1130.199951171875,120,97.86000061035156,21443.0,24269188.447021484,29261138.711142372
20-07-2015,1106.699951171875,1130.4000244140625,1130.699951171875,1095.0999755859375,189,98.02999877929688,21424.0,23709939.75390625,28586857.672903605
21-07-2015,1103.4000244140625,1097.0999755859375,1106.4000244140625,1097.0999755859375,118,97.33000183105469,21449.0,23666827.123657227,28534877.16862458
22-07-2015,1091.4000244140625,1093.0,1095.0,1086.0,46,97.5999984741211,21456.0,23417078.923828125,28233758.046573576
23-07-2015,1094.0,1097.4000244140625,1097.5999755859375,1087.800048828125,64,97.12000274658203,21453.0,23469582.0,28297060.525681216
24-07-2015,1085.5999755859375,1078.5999755859375,1100.699951171875,1078.5999755859375,52,97.23999786376953,21457.0,23293718.67614746,28085023.72335117
27-07-2015,1096.5,1100.0,1102.5,1093.9000244140625,19,96.5,21443.0,23512249.5,28348504.340487096
28-07-2015,1096.300048828125,1097.199951171875,1097.699951171875,1096.300048828125,31,96.7699966430664,21450.0,23515636.04736328,28352587.469692886
29-07-2015,1092.699951171875,1096.4000244140625,1096.9000244140625,1092.699951171875,159142,96.9800033569336,21476.0,23466824.151367188,28293735.412788987
30-07-2015,1088.4000244140625,1096.0999755859375,1097.5,1081.0,49298,97.55999755859375,21449.0,23345092.123657227,28146964.219504733
31-07-2015,1094.9000244140625,1087.699951171875,1102.800048828125,1079.0999755859375,5700,97.37000274658203,21465.0,23502029.02404785,28336181.60603792
03-08-2015,1089.4000244140625,1095.5,1097.0999755859375,1085.0,2418,97.48999786376953,21451.0,23368719.923706055,28175452.042085912
04-08-2015,1090.699951171875,1085.0999755859375,1093.9000244140625,1080.5,1139,97.93000030517578,21445.0,23390060.45288086,28201182.12307796
05-08-2015,1085.699951171875,1086.5,1090.5999755859375,1082.5,1207,97.95999908447266,21371.0,23202493.65649414,27975034.55087309
06-08-2015,1090.199951171875,1084.4000244140625,1092.199951171875,1083.5999755859375,269,97.83000183105469,21452.0,23386969.352539062,28197455.21164584
07-08-2015,1094.0999755859375,1088.9000244140625,1098.300048828125,1081.699951171875,614,97.55999755859375,21445.0,23462973.97644043,28289093.29206707
10-08-2015,1104.199951171875,1093.199951171875,1107.5999755859375,1089.5,900,97.16000366210938,21444.0,23678463.752929688,28548907.34618964
11-08-2015,1107.5999755859375,1103.800048828125,1116.699951171875,1094.0,997,97.29000091552734,21469.0,23779063.875854492,28670199.995001797
12-08-2015,1123.199951171875,1106.0,1124.5,1101.5,797,96.26000213623047,21663.0,24331880.542236328,29336725.99739128
13-08-2015,1115.699951171875,1124.300048828125,1124.300048828125,1113.0,441,96.44999694824219,21722.0,24235234.33935547,29220200.55384069
14-08-2015,1112.9000244140625,1113.9000244140625,1118.800048828125,1112.5,908,96.56999969482422,21859.0,24326881.633666992,29330698.85901494
17-08-2015,1118.5999755859375,1113.800048828125,1122.0,1113.800048828125,399,96.81999969482422,21740.0,24318363.46923828,29320428.586011913
18-08-2015,1117.0999755859375,1118.199951171875,1118.4000244140625,1110.0,475,96.97000122070312,21734.0,24279050.869384766,29273029.743651755
19-08-2015,1128.0999755859375,1117.0,1134.300048828125,1116.800048828125,348,96.45999908447266,21858.0,24658009.266357422,29729936.419529084
20-08-2015,1153.0,1132.800048828125,1153.300048828125,1132.800048828125,409,95.75,22051.0,25424803.0,30654452.616349168
21-08-2015,1159.5999755859375,1154.0999755859375,1166.5,1150.5,261,94.83000183105469,22155.0,25690937.459106445,30975328.5014546
24-08-2015,1153.4000244140625,1164.0,1169.0,1147.5,299,93.30999755859375,22184.0,25587026.141601562,30850043.575598698
25-08-2015,1138.199951171875,1151.5,1155.5,1134.0,217,94.52999877929688,22175.0,25239583.917236328,30431135.66100353
26-08-2015,1124.5999755859375,1139.199951171875,1143.0,1119.5999755859375,116,95.0999984741211,22192.0,24957122.658203125,30090574.702439263
27-08-2015,1122.4000244140625,1127.199951171875,1127.4000244140625,1118.4000244140625,564,95.61000061035156,22123.0,24830855.740112305,29938335.83326779
28-08-2015,1133.0999755859375,1125.300048828125,1139.0,1123.5999755859375,279,96.11000061035156,22107.0,25049441.16027832,30201882.276679914
31-08-2015,1131.5999755859375,1131.0999755859375,1134.0,1124.800048828125,194,95.94999694824219,22129.0,25041175.85974121,30191916.87936003
01-09-2015,1138.699951171875,1133.5,1144.699951171875,1133.5,375,95.44999694824219,22146.0,25217649.118652344,30404689.074815944
02-09-2015,1132.5,1137.300048828125,1140.4000244140625,1130.800048828125,201,95.83000183105469,22150.0,25084875.0,30244604.533397637
03-09-2015,1123.699951171875,1130.300048828125,1132.9000244140625,1120.300048828125,122,96.41000366210938,22332.0,25094467.309570312,30256169.893381134
04-09-2015,1120.5999755859375,1123.4000244140625,1125.199951171875,1116.199951171875,51,96.2300033569336,22115.0,24782068.460083008,29879513.45561009
08-09-2015,1120.4000244140625,1119.800048828125,1124.300048828125,1116.4000244140625,138,95.87999725341797,22113.0,24775405.739868164,29871480.27473856
09-09-2015,1102.199951171875,1123.5,1123.5,1102.0999755859375,150,96.01000213623047,22117.0,24377356.32006836,29391555.727114007
10-09-2015,1109.5,1107.300048828125,1113.5,1105.5,56,95.45999908447266,22128.0,24551016.0,29600935.61610803
11-09-2015,1103.5,1110.800048828125,1111.699951171875,1098.199951171875,81,95.19000244140625,22123.0,24412730.5,29434206.05256812
14-09-2015,1107.699951171875,1107.800048828125,1108.5999755859375,1104.0999755859375,19,95.25,22146.0,24531123.118652344,29576950.950870924
15-09-2015,1102.800048828125,1104.5,1104.5,1102.800048828125,8,95.61000061035156,22147.0,24423712.681396484,29447447.168310203
16-09-2015,1119.199951171875,1109.800048828125,1119.9000244140625,1109.800048828125,31,95.41999816894531,22150.0,24790278.91845703,29889412.73023515
17-09-2015,1117.300048828125,1118.5999755859375,1130.5,1117.0999755859375,14,94.55000305175781,22152.0,24750430.681640625,29841368.07528409
18-09-2015,1138.0999755859375,1128.300048828125,1141.199951171875,1127.800048828125,59,94.86000061035156,22116.0,25170219.060058594,30347503.086639248
21-09-2015,1133.0999755859375,1137.5999755859375,1138.5,1130.800048828125,17,95.88999938964844,22118.0,25061905.260009766,30216910.127815004
22-09-2015,1125.0,1132.5999755859375,1135.0,1122.5,43,96.27999877929688,22112.0,24876000.0,29992765.85483482
23-09-2015,1131.5999755859375,1128.5999755859375,1132.199951171875,1128.300048828125,33,96.06999969482422,22123.0,25034386.259887695,30183730.72086773
24-09-2015,1153.800048828125,1133.0,1155.9000244140625,1133.0,37,95.98999786376953,22125.0,25527826.080322266,30778666.602751706
25-09-2015,1146.0,1149.800048828125,1149.800048828125,1143.4000244140625,56,96.2699966430664,22145.0,25378170.0,30598227.63443453
28-09-2015,1132.0,1133.199951171875,1133.199951171875,1132.0,4346,96.02999877929688,22122.0,25042104.0,30193035.92958765
29-09-2015,1127.0999755859375,1132.199951171875,1134.4000244140625,1124.300048828125,2417,95.88999938964844,22135.0,24948357.959594727,30080007.185428895
30-09-2015,1115.5,1124.300048828125,1126.0,1112.0999755859375,865,96.3499984741211,22105.0,24658127.5,29730078.972751386
01-10-2015,1114.199951171875,1115.199951171875,1119.0,1113.300048828125,1181,96.19000244140625,22112.0,24637189.3203125,29704834.000859052
02-10-2015,1137.0999755859375,1112.199951171875,1141.199951171875,1105.800048828125,323,95.83000183105469,22123.0,25156062.759887695,30330434.96489956
05-10-2015,1138.0999755859375,1137.0999755859375,1141.699951171875,1132.5,226,96.11000061035156,22118.0,25172495.260009766,30350247.480117872
06-10-2015,1146.800048828125,1136.300048828125,1150.0,1136.300048828125,145,95.45999908447266,21996.0,25225013.874023438,30413568.693059362
07-10-2015,1149.0,1147.5999755859375,1152.9000244140625,1143.0,104,95.5,22048.0,25333152.0,30543949.843260188
08-10-2015,1144.699951171875,1142.699951171875,1146.699951171875,1138.699951171875,138,95.31999969482422,21855.0,25017417.432861328,30163271.56120247
09-10-2015,1156.300048828125,1151.5999755859375,1157.199951171875,1151.5999755859375,22,94.80999755859375,21871.0,25289438.367919922,30491244.716566097
12-10-2015,1164.9000244140625,1155.9000244140625,1166.800048828125,1155.9000244140625,40,94.83999633789062,21996.0,25623140.93701172,30893586.85436667
13-10-2015,1165.800048828125,1163.5,1166.199951171875,1154.9000244140625,132,94.76000213623047,22048.0,25703559.4765625,30990546.752547022
14-10-2015,1180.0999755859375,1172.4000244140625,1189.0,1167.300048828125,143,93.93000030517578,22033.0,26001142.76208496,31349340.20024712
15-10-2015,1187.9000244140625,1184.199951171875,1188.300048828125,1177.800048828125,143,94.37000274658203,21980.0,26110042.536621094,31480639.663155407
16-10-2015,1183.5999755859375,1182.5,1184.0999755859375,1176.199951171875,243,94.54000091552734,21907.0,25929124.665161133,31262508.638969295
19-10-2015,1173.300048828125,1176.5,1177.800048828125,1169.300048828125,62,94.95999908447266,21948.0,25751589.471679688,31048456.07870712
20-10-2015,1178.0,1168.699951171875,1179.0999755859375,1168.699951171875,19,94.8499984741211,21987.0,25900686.0,31228220.400289364
21-10-2015,1167.5999755859375,1175.9000244140625,1176.4000244140625,1164.9000244140625,41,95.05000305175781,21964.0,25645165.86376953,30920142.10726975
22-10-2015,1166.5999755859375,1166.199951171875,1168.5999755859375,1163.5,48,96.33999633789062,22393.0,26123673.2532959,31497074.093677234
23-10-2015,1163.300048828125,1166.199951171875,1178.699951171875,1163.300048828125,38,97.06999969482422,21963.0,25549558.97241211,30804869.75212456
26-10-2015,1167.0,1165.0999755859375,1170.0,1163.800048828125,176,96.86000061035156,21969.0,25637823.0,30911288.883530263
27-10-2015,1166.800048828125,1164.5,1166.800048828125,1162.0,302,96.91000366210938,21961.0,25624095.872314453,30894738.211133894
28-10-2015,1177.0999755859375,1175.0999755859375,1182.699951171875,1175.0999755859375,217,97.77999877929688,21970.0,25860886.463623047,31180234.463013075
29-10-2015,1147.199951171875,1158.0,1162.0,1144.9000244140625,329,97.27999877929688,21973.0,25207424.52709961,30392361.378224753
30-10-2015,1141.5,1147.5,1147.5999755859375,1139.199951171875,249,96.94999694824219,21961.0,25068481.5,30224839.040270075
02-11-2015,1135.800048828125,1137.9000244140625,1138.699951171875,1132.5999755859375,180,96.93000030517578,21948.0,24928539.471679688,30056112.215673603
03-11-2015,1114.199951171875,1133.300048828125,1134.699951171875,1114.199951171875,185,97.16000366210938,21948.0,24454460.528320312,29484519.56633749
04-11-2015,1106.5,1119.0,1121.9000244140625,1106.5,141,97.94999694824219,21933.0,24268864.5,29260748.131179165
05-11-2015,1104.4000244140625,1107.9000244140625,1110.699951171875,1104.4000244140625,84,97.94000244140625,21968.0,24261459.736328125,29251820.275293134
06-11-2015,1087.5999755859375,1105.199951171875,1109.5,1084.800048828125,78,99.16000366210938,21991.0,23917411.06311035,28837003.934302326
09-11-2015,1087.9000244140625,1088.5999755859375,1088.5999755859375,1087.9000244140625,5,98.9800033569336,22112.0,24055645.33984375,29003671.73841783
10-11-2015,1088.199951171875,1090.0999755859375,1091.300048828125,1085.0,18,99.29000091552734,22031.0,23974133.124267578,28905393.205048922
11-11-2015,1084.699951171875,1091.4000244140625,1091.4000244140625,1084.199951171875,15,99.01000213623047,21955.0,23814587.427978516,28713030.417143133
12-11-2015,1080.800048828125,1086.0,1086.5999755859375,1080.800048828125,4,98.6500015258789,21832.0,23596026.666015625,28449513.703901164
13-11-2015,1080.800048828125,1083.0999755859375,1085.9000244140625,1080.800048828125,23,98.98999786376953,22048.0,23829479.4765625,28730985.624020375
16-11-2015,1083.699951171875,1092.0,1092.4000244140625,1083.699951171875,11,99.44000244140625,22081.0,23929178.621826172,28851191.972300664
17-11-2015,1068.699951171875,1075.5,1075.800048828125,1065.0999755859375,6,99.62999725341797,22141.0,23662085.618896484,28529160.37966781
18-11-2015,1068.800048828125,1064.0,1071.9000244140625,1064.0,5,99.6500015258789,22076.0,23594829.877929688,28448070.747443557
19-11-2015,1078.0,1077.4000244140625,1082.4000244140625,1077.4000244140625,10,98.98999786376953,22100.0,23823800.0,28724137.931034483
20-11-2015,1076.4000244140625,1082.9000244140625,1082.9000244140625,1076.4000244140625,5,99.56999969482422,22167.0,23860559.341186523,28768458.33275443
23-11-2015,1066.800048828125,1070.0,1071.5,1066.800048828125,57,99.80000305175781,22088.0,23563479.478515625,28410271.85738561
24-11-2015,1074.300048828125,1073.199951171875,1079.4000244140625,1073.199951171875,222,99.52999877929688,22112.0,23754922.6796875,28641093.17541295
25-11-2015,1070.5,1070.199951171875,1072.0,1068.5,148662,99.80000305175781,22060.0,23615230.0,28472666.98818423
27-11-2015,1056.199951171875,1070.699951171875,1074.199951171875,1051.0999755859375,52133,100.0199966430664,22080.0,23320894.921875,28117789.874457438
30-11-2015,1065.800048828125,1056.5,1068.4000244140625,1052.0999755859375,4601,100.16999816894531,22121.0,23576562.880126953,28426046.395137392
01-12-2015,1063.800048828125,1064.5999755859375,1074.5999755859375,1063.4000244140625,3441,99.80000305175781,22052.0,23458918.676757812,28284203.85430168
02-12-2015,1054.199951171875,1068.699951171875,1069.5,1049.5999755859375,503,99.98999786376953,22098.0,23295710.520996094,28087425.272481423
03-12-2015,1061.699951171875,1054.4000244140625,1064.5999755859375,1046.199951171875,1161,97.62000274658203,21343.0,22659862.057861328,27320788.59158588
04-12-2015,1084.5,1063.0,1088.800048828125,1058.699951171875,889,98.3499984741211,22124.0,23993478.0,28928717.14492404
07-12-2015,1076.4000244140625,1084.9000244140625,1086.5,1067.4000244140625,656,98.66000366210938,22049.0,23733544.138305664,28615317.26345028
08-12-2015,1076.300048828125,1071.0,1078.4000244140625,1069.5999755859375,306,98.47000122070312,22025.0,23705508.575439453,28581515.041523334
09-12-2015,1077.5999755859375,1075.0999755859375,1086.0,1070.5999755859375,386,97.3499984741211,21917.0,23617758.664916992,28475715.776364833
10-12-2015,1073.0999755859375,1073.0,1076.300048828125,1071.699951171875,226,97.94000244140625,22055.0,23667219.96154785,28535350.809679106
11-12-2015,1076.9000244140625,1067.800048828125,1079.4000244140625,1064.4000244140625,410,97.56999969482422,22091.0,23789798.439331055,28683142.560080845
14-12-2015,1064.699951171875,1074.0,1076.699951171875,1060.0,509,97.5999984741211,22112.0,23542645.3203125,28385152.303246323
15-12-2015,1062.9000244140625,1064.5999755859375,1066.199951171875,1061.800048828125,220,98.22000122070312,22343.0,23748375.2454834,28633198.99383096
16-12-2015,1078.0,1064.800048828125,1078.699951171875,1064.300048828125,81,97.87000274658203,22197.0,23928366.0,28850212.20159151
17-12-2015,1050.800048828125,1072.5999755859375,1072.5999755859375,1050.5,56,99.2699966430664,22197.0,23324608.68383789,28122267.523315515
18-12-2015,1066.199951171875,1053.699951171875,1070.300048828125,1052.699951171875,253,98.69999694824219,22108.0,23571548.520507812,28420000.627571512
21-12-2015,1081.9000244140625,1070.199951171875,1081.9000244140625,1070.199951171875,26,98.45999908447266,22078.0,23886188.739013672,28799359.46348405
22-12-2015,1074.800048828125,1078.5999755859375,1078.5999755859375,1073.800048828125,106,98.23999786376953,22157.0,23814344.681884766,28712737.740396388
23-12-2015,1069.4000244140625,1074.5,1074.800048828125,1069.4000244140625,202,98.33999633789062,22212.0,23753513.342285156,28639393.95018707
24-12-2015,1077.199951171875,1074.300048828125,1077.800048828125,1073.5,24,97.9800033569336,22132.0,23840589.319335938,28744380.659917936
28-12-2015,1070.5,1077.9000244140625,1098.800048828125,1070.5,361,97.91999816894531,22152.0,23713716.0,28591410.65830721
29-12-2015,1077.5,1079.0999755859375,1079.699951171875,1077.5,252,98.0999984741211,22213.0,23934507.5,28857616.952013504
30-12-2015,1060.0999755859375,1068.5999755859375,1070.199951171875,1059.699951171875,71,98.2699966430664,22095.0,23422908.96057129,28240787.268593308
31-12-2015,1060.300048828125,1061.9000244140625,1062.0,1058.5,10,98.62999725341797,22185.0,23522756.583251953,28361172.634738307
04-01-2016,1075.0999755859375,1063.4000244140625,1082.5,1063.199951171875,143,98.87000274658203,22320.0,23996231.455078125,28932036.960547533
05-01-2016,1078.4000244140625,1075.5999755859375,1081.5,1075.300048828125,82,99.4000015258789,22141.0,23876854.940551758,28788105.78798138
06-01-2016,1091.9000244140625,1081.5999755859375,1093.699951171875,1081.5999755859375,52,99.18000030517578,22034.0,24058925.137939453,29007626.161007296
07-01-2016,1107.699951171875,1091.5999755859375,1109.4000244140625,1091.5999755859375,122,98.22000122070312,22014.0,24384906.725097656,29400659.18145365
08-01-2016,1097.800048828125,1111.0999755859375,1111.0999755859375,1093.0,98,98.54000091552734,22002.0,24153796.674316406,29122011.905373048
11-01-2016,1096.5,1105.699951171875,1107.9000244140625,1096.5,43,98.7300033569336,22162.0,24300633.0,29299051.121292498
12-01-2016,1085.5999755859375,1093.800048828125,1098.5,1084.0,87,98.97000122070312,22058.0,23946164.26147461,28871671.402790703
13-01-2016,1087.5,1081.5,1093.9000244140625,1081.5,50,98.93000030517578,21937.0,23856487.5,28763548.95104895
14-01-2016,1073.9000244140625,1091.5,1091.5,1073.699951171875,59,99.08999633789062,22083.0,23714934.239135742,28592879.47809952
15-01-2016,1091.5,1085.0,1095.800048828125,1081.800048828125,44,98.95999908447266,22027.0,24042470.5,28987786.954424884
19-01-2016,1089.9000244140625,1089.800048828125,1094.4000244140625,1084.9000244140625,17,98.98999786376953,21961.0,23935294.436157227,28858565.753746353
20-01-2016,1107.0999755859375,1099.800048828125,1109.800048828125,1099.800048828125,30,99.08999633789062,22090.0,24455838.46069336,29486180.926806558
21-01-2016,1099.0999755859375,1103.5999755859375,1103.5999755859375,1094.0999755859375,16,99.05999755859375,22112.0,24303298.66015625,29302265.083381057
22-01-2016,1097.199951171875,1098.0,1103.199951171875,1097.199951171875,4,99.56999969482422,22094.0,24241535.721191406,29227798.07233109
25-01-2016,1106.199951171875,1099.300048828125,1109.300048828125,1099.300048828125,8,99.36000061035156,21945.0,24275557.928466797,29268818.336709425
26-01-2016,1121.699951171875,1115.0999755859375,1121.699951171875,1114.300048828125,181,99.36000061035156,21878.0,24540551.53173828,29588318.70236108
27-01-2016,1116.0999755859375,1117.800048828125,1117.800048828125,1115.800048828125,168706,98.9000015258789,21889.0,24430312.365600586,29455404.347239673
28-01-2016,1115.5999755859375,1125.4000244140625,1125.699951171875,1109.800048828125,52861,98.51000213623047,21833.0,24356894.266967773,29366884.816696133
29-01-2016,1116.4000244140625,1114.4000244140625,1118.5999755859375,1108.800048828125,6955,99.61000061035156,22032.0,24596525.337890625,29655805.808886696
01-02-2016,1127.9000244140625,1116.699951171875,1130.0,1115.300048828125,1682,99.0,21874.0,24671685.134033203,29746425.288200147
02-02-2016,1127.300048828125,1128.300048828125,1131.4000244140625,1123.0,1230,98.87000274658203,21928.0,24719435.470703125,29803997.432726216
03-02-2016,1141.300048828125,1128.5,1146.0,1125.0,1630,97.29000091552734,21611.0,24664635.35522461,29737925.43431952
04-02-2016,1157.5999755859375,1142.5,1157.5999755859375,1141.0,771,96.47000122070312,21920.0,25374591.46484375,30593913.02730136
05-02-2016,1157.800048828125,1155.5999755859375,1174.800048828125,1146.0,877,97.02999877929688,21949.0,25412553.271728516,30639683.23092418
08-02-2016,1197.9000244140625,1173.5,1200.4000244140625,1165.0,931,96.56999969482422,21923.0,26261562.235229492,31663325.579008307
09-02-2016,1198.699951171875,1188.699951171875,1199.199951171875,1186.699951171875,700,96.06999969482422,21771.0,26096896.63696289,31464789.772079684
10-02-2016,1194.699951171875,1189.800048828125,1197.699951171875,1182.0999755859375,671,95.88999938964844,21926.0,26194991.12939453,31583061.405105535
11-02-2016,1247.9000244140625,1205.5999755859375,1260.800048828125,1204.5999755859375,995,95.55999755859375,21968.0,27413867.736328125,33052649.790605407
12-02-2016,1239.0999755859375,1247.800048828125,1247.800048828125,1233.5,250,95.9800033569336,21963.0,27214352.763793945,32812096.411615558
16-02-2016,1207.9000244140625,1233.0999755859375,1233.5999755859375,1193.5999755859375,422,96.87000274658203,22007.0,26582255.837280273,32049982.92413826
17-02-2016,1211.0999755859375,1196.5,1212.9000244140625,1196.5,53,96.79000091552734,22084.0,26745931.860839844,32247325.609886475
18-02-2016,1226.0999755859375,1209.5999755859375,1239.199951171875,1201.5999755859375,315,96.94999694824219,21995.0,26968068.963012695,32515154.283834934
19-02-2016,1230.4000244140625,1230.800048828125,1232.800048828125,1221.800048828125,76,96.5999984741211,21942.0,26997437.33569336,32550563.462374438
22-02-2016,1209.5,1226.0999755859375,1226.0999755859375,1203.0,280,97.37999725341797,22036.0,26652542.0,32134726.308174584
23-02-2016,1222.300048828125,1207.4000244140625,1226.0999755859375,1207.4000244140625,351,97.4800033569336,22011.0,26904046.37475586,32437962.834284853
24-02-2016,1238.699951171875,1230.0,1250.0999755859375,1230.0,111,97.45999908447266,21897.0,27123812.830810547,32702933.241874304
25-02-2016,1238.199951171875,1239.4000244140625,1241.5,1235.0,1349,97.29000091552734,21965.0,27197061.927490234,32791249.00830749
26-02-2016,1219.800048828125,1232.4000244140625,1239.0999755859375,1212.199951171875,656,98.1500015258789,22140.0,27006373.081054688,32561337.208891593
29-02-2016,1233.9000244140625,1218.5999755859375,1241.0,1218.5999755859375,580,98.20999908447266,21941.0,27073000.435668945,32641669.2014335
01-03-2016,1230.300048828125,1240.5,1248.4000244140625,1229.0,477,98.3499984741211,21951.0,27006316.371826172,32561268.835093044
02-03-2016,1241.0999755859375,1232.800048828125,1242.5999755859375,1226.0,267,98.20999908447266,21947.0,27238421.16418457,32841115.462002132
03-03-2016,1257.4000244140625,1238.4000244140625,1267.9000244140625,1238.0,123,97.56999969482422,21787.0,27394974.33190918,33029870.18556689
04-03-2016,1269.9000244140625,1263.0,1279.9000244140625,1250.9000244140625,268,97.33999633789062,21883.0,27789222.23425293,33505211.278337266
07-03-2016,1263.199951171875,1259.800048828125,1272.300048828125,1259.699951171875,67,97.06999969482422,21919.0,27688079.729736328,33383264.684996776
08-03-2016,1262.0999755859375,1268.699951171875,1276.300048828125,1261.0,43,97.20999908447266,21949.0,27701832.364135742,33399846.110604946
09-03-2016,1256.5999755859375,1254.5,1260.0,1244.800048828125,79,97.16999816894531,21933.0,27561007.264526367,33230054.57502576
10-03-2016,1272.0,1250.0,1273.0,1237.5,119,96.06999969482422,21923.0,27886056.0,33621962.864721484
11-03-2016,1258.699951171875,1270.0,1280.699951171875,1249.4000244140625,87,96.16999816894531,21844.0,27495041.733398438,33150520.537012823
14-03-2016,1244.4000244140625,1256.0,1258.0,1234.5,58,96.62000274658203,21944.0,27307114.135742188,32923937.95001469
15-03-2016,1230.4000244140625,1228.300048828125,1236.0,1228.0,37,96.62999725341797,21915.0,26964216.53503418,32510509.446629103
16-03-2016,1229.300048828125,1229.5,1263.800048828125,1228.9000244140625,45,95.88999938964844,21699.0,26674581.759521484,32161299.44480526
17-03-2016,1264.5,1261.5,1270.0999755859375,1255.9000244140625,27,94.76000213623047,21957.0,27764626.5,33475556.426332287
18-03-2016,1253.800048828125,1257.0999755859375,1264.4000244140625,1251.5,542,94.98999786376953,21950.0,27520911.071777344,33181710.96187285
21-03-2016,1243.800048828125,1256.199951171875,1256.199951171875,1243.4000244140625,1061,95.29000091552734,21944.0,27293948.271484375,32908063.987803683
22-03-2016,1248.199951171875,1244.0,1252.4000244140625,1243.800048828125,20,95.6500015258789,21939.0,27384258.728759766,33016950.480781004
23-03-2016,1223.699951171875,1247.699951171875,1247.699951171875,1218.5999755859375,28,96.05000305175781,22027.0,26954438.82446289,32498720.550353136
24-03-2016,1221.4000244140625,1214.199951171875,1221.4000244140625,1214.199951171875,13,96.13999938964844,21971.0,26835379.936401367,32355172.33711281
28-03-2016,1219.9000244140625,1211.5,1222.199951171875,1210.0,33,95.94000244140625,22270.0,27167173.543701172,32755212.857127044
29-03-2016,1235.5999755859375,1217.800048828125,1235.5999755859375,1217.699951171875,189732,95.16000366210938,21933.0,27100414.264526367,32674721.804348163
30-03-2016,1226.9000244140625,1241.4000244140625,1245.0,1223.4000244140625,48248,94.83999633789062,21919.0,26892421.635131836,32423946.991960254
31-03-2016,1234.199951171875,1225.5999755859375,1239.5999755859375,1224.5,3377,94.58999633789062,21934.0,27070941.729003906,32639187.03762226
01-04-2016,1222.199951171875,1232.300048828125,1235.199951171875,1209.199951171875,1602,94.62000274658203,21950.0,26827288.928222656,32345417.08249657
04-04-2016,1218.0,1221.699951171875,1222.300048828125,1215.0,2038,94.51000213623047,21940.0,26722920.0,32219580.41958042
05-04-2016,1228.4000244140625,1215.4000244140625,1236.699951171875,1215.4000244140625,477,94.62999725341797,21947.0,26959695.33581543,32505058.278050914
06-04-2016,1222.5,1230.4000244140625,1230.4000244140625,1217.5999755859375,248,94.43000030517578,21858.0,26721405.0,32217753.79792621
07-04-2016,1236.199951171875,1224.800048828125,1242.9000244140625,1224.5999755859375,375,94.4800033569336,21946.0,27129644.12841797,32709963.984106544
08-04-2016,1242.5,1241.0,1242.800048828125,1232.0,409,94.23999786376953,21947.0,27269147.5,32878161.924282614
11-04-2016,1256.699951171875,1241.5,1258.699951171875,1241.5,437,93.94999694824219,21942.0,27574510.32861328,33246335.095989004
12-04-2016,1259.4000244140625,1260.0,1261.699951171875,1253.699951171875,185,93.95999908447266,21955.0,27650127.536010742,33337506.071872126
13-04-2016,1246.800048828125,1256.5,1256.9000244140625,1241.300048828125,203,94.73999786376953,21943.0,27358533.471435547,32985933.773131836
14-04-2016,1225.0,1231.4000244140625,1243.699951171875,1224.5,264,94.9000015258789,21948.0,26886300.0,32416566.19242826
15-04-2016,1233.0999755859375,1225.699951171875,1235.0,1225.699951171875,97,94.69999694824219,21933.0,27045581.764526367,32608610.760219876
18-04-2016,1233.5999755859375,1238.699951171875,1241.0999755859375,1232.199951171875,304,94.48999786376953,21978.0,27112060.263427734,32688763.278789166
19-04-2016,1253.0,1231.5999755859375,1256.199951171875,1228.800048828125,386,93.9800033569336,21946.0,27498338.0,33154494.815529298
20-04-2016,1253.199951171875,1256.0999755859375,1256.0999755859375,1243.0,180,94.48999786376953,21939.0,27493953.728759766,33149208.7397634
21-04-2016,1249.0,1247.699951171875,1270.5999755859375,1247.5999755859375,124,94.5999984741211,21974.0,27445526.0,33090819.869785387
22-04-2016,1228.699951171875,1248.5,1248.5,1228.0,188,95.12000274658203,21920.0,26933102.9296875,32472996.057014104
25-04-2016,1238.9000244140625,1231.5999755859375,1240.9000244140625,1231.5999755859375,442,94.83999633789062,21941.0,27182705.435668945,32773939.517324504
26-04-2016,1242.199951171875,1239.800048828125,1244.199951171875,1233.0,97,94.56999969482422,21942.0,27256351.32861328,32862733.697387606
27-04-2016,1249.199951171875,1248.5999755859375,1249.5,1248.5999755859375,547,94.38999938964844,21914.0,27374967.72998047,33005748.408464514
28-04-2016,1265.5,1245.9000244140625,1270.0999755859375,1238.5,887,93.76000213623047,21953.0,27781521.5,33495926.57342657
29-04-2016,1289.199951171875,1267.300048828125,1295.5,1267.199951171875,464,93.08000183105469,21937.0,28281179.328857422,34098359.45123875
02-05-2016,1294.699951171875,1292.0999755859375,1304.4000244140625,1290.4000244140625,192,92.62999725341797,21947.0,28414779.82836914,34259440.3525068
03-05-2016,1290.699951171875,1292.699951171875,1301.5,1284.5,151,92.94000244140625,22091.0,28512852.62133789,34377685.82268856
04-05-2016,1273.300048828125,1286.9000244140625,1290.0,1273.0,109,93.18000030517578,22255.0,28337292.586669922,34166014.69335655
05-05-2016,1271.4000244140625,1282.9000244140625,1286.0,1270.800048828125,330,93.77999877929688,21976.0,27940286.936523438,33687348.60926385
06-05-2016,1292.9000244140625,1278.5999755859375,1295.5999755859375,1276.9000244140625,305,93.88999938964844,21936.0,28361054.935546875,34194664.740230136
09-05-2016,1265.5999755859375,1286.5,1286.5,1262.300048828125,341,94.1500015258789,21949.0,27778653.864135742,33492469.091072753
10-05-2016,1263.9000244140625,1265.0999755859375,1267.4000244140625,1258.699951171875,23,94.29000091552734,21933.0,27721119.235473633,33423100.115111686
11-05-2016,1274.5999755859375,1266.9000244140625,1279.199951171875,1266.9000244140625,50,93.81999969482422,21934.0,27957075.864501953,33707590.86629124
12-05-2016,1270.300048828125,1267.0,1281.199951171875,1264.0,101,94.13999938964844,21941.0,27871653.37133789,33604597.746971175
13-05-2016,1271.9000244140625,1271.4000244140625,1275.699951171875,1264.5999755859375,66,94.61000061035156,21955.0,27924565.036010742,33668392.85750029
16-05-2016,1273.4000244140625,1272.800048828125,1287.800048828125,1272.800048828125,44,94.56999969482422,22031.0,28054275.93786621,33824784.10642176
17-05-2016,1276.199951171875,1272.5,1281.5999755859375,1270.800048828125,16,94.55000305175781,21951.0,28013865.128173828,33776061.16249557
18-05-2016,1273.699951171875,1276.4000244140625,1276.4000244140625,1256.800048828125,17,95.08000183105469,21934.0,27937334.729003906,33683789.15963818
19-05-2016,1254.199951171875,1248.0,1255.5,1247.5,69,95.29000091552734,21953.0,27533451.528076172,33196830.875423405
20-05-2016,1252.4000244140625,1256.5999755859375,1256.5999755859375,1252.4000244140625,44,95.30999755859375,21963.0,27506461.736206055,33164289.530029003
23-05-2016,1251.0999755859375,1251.5999755859375,1251.5999755859375,1247.5,56,95.2300033569336,21956.0,27469151.063964844,33119304.39349511
24-05-2016,1228.9000244140625,1240.0,1240.0,1228.199951171875,20,95.56999969482422,21970.0,26998933.536376953,32552367.417864665
25-05-2016,1223.5,1219.300048828125,1223.5,1218.5999755859375,5,95.3499984741211,21994.0,26909659.0,32444729.925247166
26-05-2016,1220.0999755859375,1232.5999755859375,1232.5999755859375,1220.0999755859375,199778,95.16999816894531,22022.0,26869041.662353516,32395757.9724542
27-05-2016,1213.800048828125,1220.300048828125,1223.199951171875,1206.4000244140625,63739,95.5199966430664,22032.0,26742442.67578125,32243118.73134947
31-05-2016,1214.800048828125,1212.5,1217.5999755859375,1199.0,6432,95.88999938964844,22020.0,26749897.075195312,32252106.43259623
01-06-2016,1211.9000244140625,1215.699951171875,1219.800048828125,1205.4000244140625,2717,95.45999908447266,22081.0,26759964.439086914,32264244.561233316
02-06-2016,1209.800048828125,1212.4000244140625,1217.0,1209.5999755859375,1627,95.55999755859375,22178.0,26830945.482910156,32349825.757065535
03-06-2016,1240.0999755859375,1209.0999755859375,1244.5,1206.4000244140625,1622,94.02999877929688,22051.0,27345444.561645508,32970152.594219323
06-06-2016,1244.5999755859375,1244.4000244140625,1247.300048828125,1240.0,1135,93.9000015258789,22013.0,27397379.262573242,33032769.78848956
07-06-2016,1244.4000244140625,1244.0,1244.9000244140625,1236.5,281,93.83000183105469,21992.0,27366845.336914062,32995955.31337601
08-06-2016,1259.800048828125,1247.5999755859375,1264.0,1247.300048828125,406,93.58999633789062,21964.0,27670248.272460938,33361765.459923964
09-06-2016,1270.199951171875,1262.5,1271.4000244140625,1258.0999755859375,381,94.0999984741211,22000.0,27944398.92578125,33692306.397131965
10-06-2016,1273.4000244140625,1267.5999755859375,1278.0,1265.300048828125,397,94.5999984741211,21969.0,27975325.13635254,33729593.846578896
13-06-2016,1284.4000244140625,1276.199951171875,1287.300048828125,1273.0,328,94.37000274658203,21957.0,28201571.33605957,34002376.821870714
14-06-2016,1285.5999755859375,1281.800048828125,1289.699951171875,1277.800048828125,554,94.93000030517578,21940.0,28206063.46435547,34007792.9399029
15-06-2016,1285.800048828125,1284.5999755859375,1296.199951171875,1278.800048828125,162,94.61000061035156,21882.0,28135876.66845703,33923169.36153488
16-06-2016,1296.0999755859375,1296.300048828125,1316.4000244140625,1281.0999755859375,251,94.56999969482422,22000.0,28514199.462890625,34379309.69723972
17-06-2016,1292.5,1280.300048828125,1300.0999755859375,1280.300048828125,129,94.20999908447266,21918.0,28329015.0,34156034.48275862
20-06-2016,1290.0,1288.9000244140625,1291.199951171875,1280.300048828125,153,93.61000061035156,21971.0,28342590.0,34172401.73619484
21-06-2016,1270.5,1293.9000244140625,1293.9000244140625,1266.300048828125,134,94.0199966430664,22090.0,28065345.0,33838129.9734748
22-06-2016,1268.0,1267.0,1269.199951171875,1264.9000244140625,53,93.72000122070312,21840.0,27693120.0,33389341.692789968
23-06-2016,1261.199951171875,1263.4000244140625,1270.5,1255.199951171875,218,93.52999877929688,21984.0,27726219.7265625,33429249.73060345
24-06-2016,1320.0,1253.699951171875,1355.5999755859375,1253.699951171875,694,95.44999694824219,21830.0,28815600.0,34742705.57029177
27-06-2016,1322.5,1330.0,1331.699951171875,1320.0,92,96.54000091552734,21970.0,29055325.0,35031739.81191222
28-06-2016,1315.300048828125,1314.800048828125,1315.5999755859375,1314.0999755859375,1072,96.25,21991.0,28924763.373779297,34874322.85239848
29-06-2016,1323.9000244140625,1311.5999755859375,1327.4000244140625,1311.5999755859375,414,95.7699966430664,21885.0,28973552.034301758,34933146.89450417
30-06-2016,1318.4000244140625,1315.800048828125,1323.5,1314.5,560,96.13999938964844,22028.0,29041715.73779297,35015331.24884611
01-07-2016,1336.699951171875,1324.5,1344.199951171875,1321.9000244140625,137,95.6500015258789,21911.0,29288432.630126953,35312795.55115379
05-07-2016,1356.4000244140625,1342.199951171875,1356.800048828125,1339.699951171875,90,96.16999816894531,22114.0,29995430.139892578,36165215.98733129
06-07-2016,1364.9000244140625,1359.0,1374.9000244140625,1359.0,130,96.05999755859375,21882.0,29866742.334228516,36010058.27613759
07-07-2016,1360.0999755859375,1366.800048828125,1368.5999755859375,1350.5,207,96.33000183105469,21974.0,29886836.86352539,36034286.06646418
08-07-2016,1356.5999755859375,1361.300048828125,1365.800048828125,1335.0,249,96.30000305175781,21965.0,29797718.463745117,35926836.826314345
11-07-2016,1355.0,1371.699951171875,1371.800048828125,1353.0,26,96.56999969482422,21913.0,29692115.0,35799511.69520135
12-07-2016,1334.0999755859375,1353.5999755859375,1356.0,1330.300048828125,252,96.44000244140625,22000.0,29350199.462890625,35387267.25692142
13-07-2016,1342.4000244140625,1341.5,1342.4000244140625,1336.699951171875,7,96.22000122070312,21922.0,29428093.335205078,35481183.1868882
14-07-2016,1331.300048828125,1341.4000244140625,1341.4000244140625,1322.699951171875,20,96.08000183105469,21914.0,29174109.27001953,35174956.92068909
15-07-2016,1326.5,1333.699951171875,1333.699951171875,1322.9000244140625,52,96.58000183105469,22152.0,29384628.0,35428777.42946708
18-07-2016,1328.4000244140625,1327.5,1335.0,1326.199951171875,54,96.55999755859375,21885.0,29072034.534301758,35051886.344709136
19-07-2016,1331.5,1328.5,1333.199951171875,1326.4000244140625,322,97.05000305175781,22018.0,29316967.0,35347199.18013021
20-07-2016,1318.800048828125,1331.0,1337.5,1315.5,751,97.19999694824219,21933.0,28925241.470947266,34874899.2897845
21-07-2016,1330.5,1312.800048828125,1330.5,1312.800048828125,318,97.0,21923.0,29168551.5,35168255.96816976
22-07-2016,1323.0999755859375,1330.699951171875,1330.699951171875,1320.4000244140625,55,97.47000122070312,22023.0,29138630.7623291,35132180.80820967
25-07-2016,1319.300048828125,1315.699951171875,1319.300048828125,1313.800048828125,548,97.29000091552734,21931.0,28933569.37084961,34884940.16258694
26-07-2016,1320.699951171875,1315.199951171875,1320.699951171875,1315.199951171875,63,97.16000366210938,21974.0,29021060.72705078,34990427.69116323
27-07-2016,1326.5999755859375,1326.0,1326.5999755859375,1326.0,215388,97.05000305175781,21821.0,28947738.067260742,34902023.23036019
28-07-2016,1332.300048828125,1339.5,1344.300048828125,1330.0999755859375,56908,96.73999786376953,21957.0,29253312.17211914,35270451.13590444
29-07-2016,1349.0,1333.199951171875,1353.300048828125,1325.800048828125,6076,95.52999877929688,21816.0,29429784.0,35483221.605980225
01-08-2016,1351.4000244140625,1348.800048828125,1353.5,1345.5999755859375,1257,95.70999908447266,21943.0,29653770.735717773,35753280.36618974
02-08-2016,1364.4000244140625,1352.0999755859375,1366.0,1346.5999755859375,2941,95.05999755859375,21895.0,29873538.5345459,36018252.392748855
03-08-2016,1356.0999755859375,1362.4000244140625,1364.699951171875,1353.300048828125,715,95.55999755859375,22044.0,29893867.861816406,36042763.2768464
04-08-2016,1358.800048828125,1354.4000244140625,1361.5999755859375,1347.0,381,95.76000213623047,21942.0,29814790.67138672,35947420.631042585
05-08-2016,1336.4000244140625,1357.5999755859375,1360.800048828125,1333.699951171875,1107,96.19000244140625,22058.0,29478311.73852539,35541731.05681865
08-08-2016,1333.4000244140625,1330.0,1335.4000244140625,1327.800048828125,587,96.4000015258789,21934.0,29246796.135498047,35262594.81010133
09-08-2016,1339.0,1331.800048828125,1339.4000244140625,1328.5,620,96.18000030517578,21882.0,29299998.0,35326739.81191222
10-08-2016,1344.300048828125,1344.800048828125,1354.199951171875,1344.300048828125,110,95.6500015258789,21924.0,29472434.270507812,35534644.64734484
11-08-2016,1342.5,1341.5999755859375,1350.4000244140625,1334.800048828125,666,95.86000061035156,21964.0,29486670.0,35551808.536291294
12-08-2016,1335.800048828125,1336.800048828125,1351.800048828125,1333.199951171875,113,95.72000122070312,21922.0,29283408.670410156,35306738.208837904
15-08-2016,1340.300048828125,1336.5,1340.5999755859375,1333.5999755859375,62,95.62999725341797,21913.0,29369994.969970703,35411134.518894024
16-08-2016,1350.5,1342.199951171875,1355.0,1341.0,338,94.79000091552734,21951.0,29644825.5,35742495.17723656
17-08-2016,1342.699951171875,1345.5,1347.300048828125,1338.5999755859375,135,94.72000122070312,21940.0,29458836.928710938,35518250.45660832
18-08-2016,1351.199951171875,1351.300048828125,1354.4000244140625,1348.199951171875,140,94.16000366210938,21896.0,29585874.130859375,35671418.05022833
19-08-2016,1340.4000244140625,1350.0999755859375,1350.0999755859375,1338.5999755859375,197,94.51000213623047,21949.0,29420440.135864258,35471955.79438661
22-08-2016,1337.699951171875,1334.4000244140625,1337.699951171875,1333.300048828125,117,94.5199966430664,21891.0,29283589.631103516,35306956.39149206
23-08-2016,1340.5999755859375,1337.0,1341.199951171875,1334.300048828125,551,94.54000091552734,22008.0,29503924.262695312,35572611.84313396
24-08-2016,1324.4000244140625,1337.199951171875,1337.199951171875,1322.9000244140625,262,94.79000091552734,21977.0,29106339.33654785,35093247.33126097
25-08-2016,1320.0999755859375,1321.4000244140625,1324.0,1317.0,58,94.7699966430664,21960.0,28989395.463867188,34952249.17273594
26-08-2016,1321.5,1323.800048828125,1340.5,1320.0999755859375,141,95.56999969482422,22134.0,29250081.0,35266555.341210514
29-08-2016,1322.9000244140625,1315.0,1323.0,1315.0,437,95.58000183105469,21934.0,29016489.135498047,34984915.765008494
30-08-2016,1311.699951171875,1322.0,1322.0999755859375,1308.0,705,96.05000305175781,21989.0,28842970.22631836,34775705.60202358
31-08-2016,1306.9000244140625,1310.300048828125,1313.699951171875,1306.300048828125,214,96.0199966430664,21917.0,28643327.835083008,34534998.59547023
01-09-2016,1312.199951171875,1305.300048828125,1313.0999755859375,1301.5,225,95.6500015258789,21852.0,28674193.333007812,34572212.84423416
02-09-2016,1322.0999755859375,1309.5999755859375,1326.699951171875,1309.199951171875,55,95.87999725341797,21991.0,29074300.56311035,35054618.47493411
06-09-2016,1349.4000244140625,1323.300048828125,1349.4000244140625,1323.199951171875,46,94.81999969482422,21779.0,29388583.131713867,35433546.095628
07-09-2016,1344.300048828125,1348.4000244140625,1350.5,1343.9000244140625,14,94.95999908447266,21963.0,29524861.97241211,35597856.24838692
08-09-2016,1336.800048828125,1344.800048828125,1345.4000244140625,1335.699951171875,30,95.02999877929688,21998.0,29406927.474121094,35455663.70161694
09-09-2016,1330.0999755859375,1338.5,1338.5,1328.0,35,95.33999633789062,22004.0,29267519.86279297,35287581.21870384
12-09-2016,1321.0,1327.0,1329.300048828125,1319.9000244140625,177,95.0999984741211,21916.0,28951036.0,34905999.51772366
13-09-2016,1319.0,1324.5999755859375,1324.5999755859375,1315.0,79,95.62999725341797,21975.0,28985025.0,34946979.744393535
14-09-2016,1321.5,1319.199951171875,1322.300048828125,1319.199951171875,73,95.33000183105469,21902.0,28943493.0,34896904.99156016
15-09-2016,1313.5,1320.699951171875,1320.699951171875,1310.800048828125,37,95.29000091552734,21940.0,28818190.0,34745828.30962141
16-09-2016,1305.800048828125,1312.199951171875,1312.5999755859375,1305.800048828125,4,96.11000061035156,22092.0,28847734.678710938,34781450.058730334
19-09-2016,1313.5,1313.5,1313.5,1313.5,20,95.83999633789062,21920.0,28791920.0,34714154.81070653
20-09-2016,1313.699951171875,1313.699951171875,1313.699951171875,1313.699951171875,97,96.0199966430664,22020.0,28927672.924804688,34877830.871479005
21-09-2016,1326.9000244140625,1326.300048828125,1326.9000244140625,1324.0,76,95.66000366210938,21878.0,29029918.73413086,35001107.70934514
22-09-2016,1340.4000244140625,1338.5999755859375,1340.4000244140625,1338.199951171875,23,95.44999694824219,22003.0,29492821.737182617,35559225.62959081
23-09-2016,1337.199951171875,1337.199951171875,1337.199951171875,1337.199951171875,40,95.4800033569336,21950.0,29351538.928222656,35388882.238030694
26-09-2016,1339.699951171875,1335.199951171875,1341.800048828125,1335.199951171875,24,95.30999755859375,21940.0,29393016.928710938,35438891.884146295
27-09-2016,1325.9000244140625,1328.0,1328.699951171875,1325.9000244140625,48,95.44000244140625,22018.0,29193666.737548828,35198537.18055079
28-09-2016,1319.4000244140625,1319.4000244140625,1319.4000244140625,1319.4000244140625,10551,95.43000030517578,21956.0,28968746.936035156,34927353.43143858
29-09-2016,1321.699951171875,1321.199951171875,1325.0,1314.699951171875,6108,95.54000091552734,21945.0,29004705.428466797,34970708.25713383
30-09-2016,1313.300048828125,1320.5999755859375,1327.699951171875,1312.9000244140625,868,95.45999908447266,21797.0,28626001.16430664,34514107.986865975
03-10-2016,1309.0,1313.5,1316.800048828125,1308.199951171875,299,95.75,22004.0,28803236.0,34727798.408488065
04-10-2016,1266.300048828125,1307.5999755859375,1310.199951171875,1266.300048828125,1893,96.12000274658203,21888.0,27716775.46875,33417862.87527128
05-10-2016,1265.199951171875,1272.0999755859375,1274.0,1261.300048828125,246,96.12999725341797,21983.0,27812890.526611328,33533747.92212603
06-10-2016,1249.800048828125,1265.300048828125,1265.300048828125,1249.800048828125,114,96.66000366210938,22026.0,27528095.87548828,33190373.614044227
07-10-2016,1248.9000244140625,1253.9000244140625,1263.5999755859375,1248.9000244140625,169,96.5199966430664,21829.0,27262238.63293457,32869831.966402903
11-10-2016,1253.0,1258.9000244140625,1258.9000244140625,1253.0,26,97.69999694824219,22000.0,27566000.0,33236074.270557027
12-10-2016,1251.0999755859375,1251.699951171875,1254.0,1251.0999755859375,127,97.97000122070312,21954.0,27466648.864013672,33116287.51388193
13-10-2016,1255.0,1258.699951171875,1259.0,1255.0,315,97.5199966430664,21891.0,27473205.0,33124192.18712322
14-10-2016,1253.0999755859375,1253.9000244140625,1253.9000244140625,1250.5999755859375,311,98.0199966430664,22025.0,27599526.962280273,33276497.422570862
17-10-2016,1254.4000244140625,1249.9000244140625,1255.0,1249.9000244140625,41,97.88999938964844,21926.0,27503974.935302734,33161291.21690708
18-10-2016,1260.800048828125,1260.9000244140625,1261.699951171875,1260.800048828125,11,97.9000015258789,22006.0,27745165.87451172,33452092.928034384
19-10-2016,1267.9000244140625,1262.9000244140625,1271.5,1262.9000244140625,219,97.87000274658203,21966.0,27850691.936279297,33579324.73629045
20-10-2016,1265.5999755859375,1270.0,1270.5,1265.5,415,98.31999969482422,22038.0,27891292.26196289,33628276.17791523
21-10-2016,1265.9000244140625,1265.9000244140625,1265.9000244140625,1265.9000244140625,224,98.69999694824219,21967.0,27808025.83630371,33527882.609481204
24-10-2016,1262.0,1269.199951171875,1269.199951171875,1261.800048828125,42,98.66999816894531,21986.0,27746332.0,33453498.914878223
25-10-2016,1271.9000244140625,1264.0999755859375,1274.0999755859375,1264.0999755859375,61,98.72000122070312,21953.0,27922021.235961914,33665325.82102956
26-10-2016,1264.800048828125,1274.0,1274.0,1264.800048828125,279,98.62999725341797,21995.0,27819277.07397461,33541448.123914406
27-10-2016,1267.9000244140625,1269.4000244140625,1269.4000244140625,1267.9000244140625,338,98.88999938964844,22022.0,27921694.337646484,33664931.68271821
28-10-2016,1275.5,1270.300048828125,1281.5,1262.0,560,98.3499984741211,21820.0,27831410.0,33556076.68193875
31-10-2016,1271.5,1276.5999755859375,1276.5999755859375,1271.5,58,98.44999694824219,21916.0,27866194.0,33598015.432843015
01-11-2016,1286.4000244140625,1279.300048828125,1290.699951171875,1279.0,49,97.69999694824219,21899.0,28170874.134643555,33965365.48666935
02-11-2016,1306.800048828125,1288.300048828125,1307.0,1288.300048828125,30,97.4000015258789,21962.0,28699942.67236328,34603258.58736832
03-11-2016,1302.0999755859375,1296.4000244140625,1303.0999755859375,1287.300048828125,73,97.16000366210938,21900.0,28515989.46533203,34381467.88682425
04-11-2016,1303.300048828125,1300.0,1303.300048828125,1296.699951171875,11,97.06999969482422,21895.0,28535754.569091797,34405298.49179141
07-11-2016,1278.300048828125,1292.0,1294.5,1278.300048828125,34,97.77999877929688,22008.0,28132827.474609375,33919492.97637976
08-11-2016,1273.4000244140625,1284.0999755859375,1289.4000244140625,1273.199951171875,50,97.86000061035156,22027.0,28049182.337768555,33818642.79933513
09-11-2016,1272.5999755859375,1272.199951171875,1318.5999755859375,1270.0,108,98.5,22316.0,28399341.05517578,34240825.964764625
10-11-2016,1265.5,1274.4000244140625,1287.5,1253.300048828125,63,98.79000091552734,21984.0,27820752.0,33543226.428743668
14-11-2016,1221.199951171875,1227.800048828125,1229.5,1210.4000244140625,216,100.11000061035156,22066.0,26946998.122558594,32489749.364068717
15-11-2016,1224.0,1224.300048828125,1226.0,1222.5,20,100.19000244140625,22067.0,27010008.0,32565719.797443934
16-11-2016,1223.4000244140625,1229.300048828125,1229.300048828125,1223.0,66,100.41000366210938,22381.0,27380915.946411133,33012920.1186534
17-11-2016,1216.5,1224.5999755859375,1225.0,1211.0,1139,100.88999938964844,22272.0,27093888.0,32666853.146853145
18-11-2016,1208.5,1211.9000244140625,1211.9000244140625,1207.199951171875,607,101.20999908447266,22215.0,26846827.5,32368974.559922833
21-11-2016,1209.5999755859375,1209.5999755859375,1209.5999755859375,1209.5999755859375,19,101.05000305175781,22191.0,26842233.05822754,32363435.08346701
22-11-2016,1211.0,1210.4000244140625,1211.0999755859375,1207.5999755859375,19,101.04000091552734,22177.0,26856347.0,32380452.13407282
23-11-2016,1189.0999755859375,1212.800048828125,1213.800048828125,1186.800048828125,309,101.69999694824219,22415.0,26653675.95275879,32136093.504652504
25-11-2016,1178.199951171875,1177.0,1189.300048828125,1177.0,14,101.48999786376953,22355.0,26338659.908447266,31756281.5390008
28-11-2016,1190.5999755859375,1188.0,1190.5999755859375,1188.0,189914,101.33000183105469,22311.0,26563476.05529785,32027340.31263305
29-11-2016,1187.9000244140625,1193.199951171875,1194.800048828125,1179.4000244140625,42124,100.93000030517578,22188.0,26357125.74169922,31778545.625390906
30-11-2016,1170.800048828125,1187.0999755859375,1193.300048828125,1167.9000244140625,7158,101.5,22291.0,26098303.888427734,31466486.48230978
01-12-2016,1166.9000244140625,1172.699951171875,1174.5999755859375,1160.0,1588,101.04000091552734,22223.0,25932019.24255371,31265998.604477588
02-12-2016,1175.0999755859375,1172.300048828125,1177.300048828125,1166.4000244140625,1521,100.7699966430664,22283.0,26184752.755981445,31570717.09185127
05-12-2016,1174.0,1181.800048828125,1186.699951171875,1157.0,358,100.13999938964844,22205.0,26068670.0,31430757.17386062
06-12-2016,1167.5999755859375,1170.9000244140625,1174.5,1167.0999755859375,652,100.48999786376953,22389.0,26141395.853393555,31518442.070645712
07-12-2016,1175.0,1167.699951171875,1178.5,1166.4000244140625,182,100.2300033569336,22261.0,26156675.0,31536863.998070892
08-12-2016,1169.800048828125,1173.800048828125,1177.800048828125,1169.0999755859375,322,101.06999969482422,22627.0,26469065.704833984,31913510.615907867
09-12-2016,1159.4000244140625,1166.5999755859375,1168.800048828125,1156.0,365,101.56999969482422,22250.0,25796650.54321289,31102785.800835412
12-12-2016,1163.5,1158.300048828125,1163.9000244140625,1153.0,331,100.95999908447266,22187.0,25814574.5,31124396.551724136
13-12-2016,1156.699951171875,1163.5,1164.0,1155.4000244140625,637,101.02999877929688,22239.0,25723850.214111328,31015011.109369818
14-12-2016,1161.300048828125,1159.800048828125,1164.0,1142.0,487,102.0,22587.0,26230284.20288086,31625613.941259775
15-12-2016,1127.800048828125,1139.800048828125,1143.300048828125,1123.9000244140625,244,103.12999725341797,22354.0,25210842.291503906,30396482.145531595
16-12-2016,1135.300048828125,1126.9000244140625,1140.9000244140625,1126.9000244140625,146,102.94999694824219,22745.0,25822399.610595703,31133831.216054622
19-12-2016,1140.5,1139.4000244140625,1140.699951171875,1137.9000244140625,249,103.13999938964844,22438.0,25590539.0,30854278.9968652
20-12-2016,1131.5,1133.5,1133.5,1126.5,46,103.29000091552734,22350.0,25289025.0,30490746.322642874
21-12-2016,1131.0999755859375,1136.0999755859375,1136.0999755859375,1130.0,50,103.0199966430664,22340.0,25268773.454589844,30466329.21942349
22-12-2016,1128.800048828125,1131.199951171875,1132.800048828125,1128.300048828125,104,103.08999633789062,22402.0,25287378.693847656,30488761.38636081
23-12-2016,1131.9000244140625,1130.9000244140625,1132.800048828125,1130.300048828125,70,103.01000213623047,22378.0,25329658.74633789,30539738.059245106
27-12-2016,1137.300048828125,1134.300048828125,1142.199951171875,1134.300048828125,84,103.0199966430664,22364.0,25434578.291992188,30666238.596566416
28-12-2016,1139.4000244140625,1141.199951171875,1141.199951171875,1138.0,1570,103.26000213623047,22392.0,25513445.346679688,30761327.88362634
29-12-2016,1156.4000244140625,1143.800048828125,1158.800048828125,1143.5999755859375,950,102.68000030517578,22318.0,25808535.744873047,31117115.67985658
30-12-2016,1150.0,1162.0,1162.0,1150.0,16,102.38999938964844,22468.0,25838200.0,31152881.601157464
03-01-2017,1160.4000244140625,1155.199951171875,1160.800048828125,1146.5,52,103.20999908447266,22338.0,25921015.745361328,31252731.788475197
04-01-2017,1163.800048828125,1156.300048828125,1165.0,1156.300048828125,36,102.69999694824219,22222.0,25861964.685058594,31181534.4647439
05-01-2017,1179.699951171875,1172.0,1183.300048828125,1171.5,500,101.5199966430664,22062.0,26026540.322753906,31379961.807033885
06-01-2017,1171.9000244140625,1176.5,1176.5,1171.9000244140625,16,102.22000122070312,22297.0,26129854.84436035,31504527.18152924
09-01-2017,1183.5,1173.9000244140625,1183.5999755859375,1173.0,62,101.93000030517578,22077.0,26128129.5,31502446.94960212
10-01-2017,1184.199951171875,1184.300048828125,1188.9000244140625,1182.300048828125,8,102.01000213623047,22237.0,26333054.314208984,31749522.925258
11-01-2017,1195.5999755859375,1187.5,1197.0,1176.5,20,101.77999877929688,22059.0,26373739.861450195,31798577.11773595
12-01-2017,1198.9000244140625,1192.699951171875,1204.300048828125,1192.300048828125,110,101.3499984741211,22265.0,26693509.0435791,32184119.898214493
13-01-2017,1195.300048828125,1195.699951171875,1196.0,1187.699951171875,65,101.18000030517578,22202.0,26538051.68408203,31996686.38061494
17-01-2017,1212.0,1205.5,1214.5999755859375,1200.800048828125,79,100.33000183105469,22195.0,26900340.0,32433494.09211478
18-01-2017,1211.300048828125,1213.5999755859375,1214.699951171875,1203.0999755859375,114,100.93000030517578,22309.0,27022892.78930664,32581254.8701551
19-01-2017,1200.9000244140625,1200.5,1204.0,1195.800048828125,26,101.1500015258789,22196.0,26655176.94189453,32137903.233535726
20-01-2017,1204.300048828125,1202.800048828125,1212.0999755859375,1202.800048828125,38,100.73999786376953,22084.0,26595762.278320312,32066267.516663022
23-01-2017,1215.0,1212.0,1215.0,1210.0,16,100.16000366210938,22100.0,26851500.0,32374608.15047022
24-01-2017,1210.300048828125,1219.0,1219.0,1207.699951171875,24,100.3499984741211,22229.0,26903759.78540039,32437617.296118144
25-01-2017,1197.300048828125,1202.0,1202.800048828125,1194.9000244140625,403,100.02999877929688,22227.0,26612388.185302734,32086313.220765293
26-01-2017,1189.5,1199.699951171875,1199.699951171875,1185.5999755859375,19,100.37999725341797,22327.0,26557966.5,32020697.49216301
27-01-2017,1188.0999755859375,1187.9000244140625,1188.300048828125,1187.9000244140625,234352,100.52999877929688,22210.0,26387700.457763672,31815409.281123307
30-01-2017,1193.199951171875,1191.699951171875,1198.5,1187.0999755859375,50503,100.43000030517578,22139.0,26416253.71899414,31849835.687236726
31-01-2017,1208.5999755859375,1194.9000244140625,1214.699951171875,1193.5,3212,99.51000213623047,22132.0,26748734.65966797,32250704.918818384
01-02-2017,1205.5999755859375,1211.9000244140625,1211.9000244140625,1197.9000244140625,1145,99.63999938964844,22298.0,26882468.255615234,32411946.293242384
02-02-2017,1216.699951171875,1209.699951171875,1224.199951171875,1208.9000244140625,1512,99.8499984741211,22640.0,27546086.89453125,33212065.22128195
03-02-2017,1218.5,1214.9000244140625,1220.5999755859375,1206.199951171875,865,99.87000274658203,22137.0,26973934.5,32522226.308174584
06-02-2017,1230.0,1221.9000244140625,1235.4000244140625,1218.5,908,99.91000366210938,22196.0,27301080.0,32916662.64769713
07-02-2017,1234.199951171875,1234.199951171875,1236.199951171875,1228.5,1177,100.26000213623047,22210.0,27411580.915527344,33049892.591665473
08-02-2017,1237.5999755859375,1232.0999755859375,1243.9000244140625,1231.0,288,100.27999877929688,22183.0,27453680.25842285,33100651.384642936
09-02-2017,1235.0999755859375,1239.4000244140625,1243.5,1226.9000244140625,885,100.6500015258789,22347.0,27600779.154418945,33278007.179188505
10-02-2017,1234.4000244140625,1227.5999755859375,1234.4000244140625,1221.5,391,100.80000305175781,22266.0,27485150.943603516,33138595.30215037
13-02-2017,1224.4000244140625,1230.5,1231.0999755859375,1219.0,398,100.95999908447266,22398.0,27424111.746826172,33065000.90044149
14-02-2017,1223.9000244140625,1225.9000244140625,1233.5,1222.0999755859375,159,101.25,22478.0,27510824.748779297,33169549.97441439
15-02-2017,1231.699951171875,1225.5,1231.699951171875,1217.300048828125,175,101.18000030517578,22319.0,27490311.210205078,33144816.98843149
16-02-2017,1240.0,1234.5,1240.699951171875,1233.199951171875,87,100.44000244140625,22305.0,27658200.0,33347238.967928622
17-02-2017,1237.5999755859375,1240.699951171875,1241.199951171875,1234.800048828125,301,100.94999694824219,22483.0,27824960.251098633,33548300.27863351
21-02-2017,1237.5,1237.300048828125,1237.5,1228.0999755859375,119,101.37000274658203,22469.0,27805387.5,33524701.591511935
22-02-2017,1232.0,1236.0999755859375,1238.5999755859375,1231.800048828125,36,101.33000183105469,22334.0,27515488.0,33175172.413793102
23-02-2017,1250.199951171875,1236.0999755859375,1250.300048828125,1236.0999755859375,112,101.05000305175781,22830.0,28542064.885253906,34412906.78231722
24-02-2017,1256.9000244140625,1250.0,1258.800048828125,1250.0,1264,101.08999633789062,22815.0,28676174.057006836,34574600.985057674
27-02-2017,1257.4000244140625,1254.699951171875,1263.0999755859375,1250.4000244140625,544,101.12999725341797,22777.0,28639800.3560791,34530745.54627333
28-02-2017,1252.5999755859375,1253.5999755859375,1257.300048828125,1247.199951171875,721,101.12000274658203,22760.0,28509175.444335938,34373252.28398353
01-03-2017,1248.9000244140625,1247.800048828125,1248.9000244140625,1236.9000244140625,138,101.77999877929688,22391.0,27964120.446655273,33716084.4546121
02-03-2017,1231.9000244140625,1247.199951171875,1247.5999755859375,1230.699951171875,79,102.19999694824219,22474.0,27685721.14868164,33380420.965374537
03-03-2017,1225.5,1231.699951171875,1235.199951171875,1222.9000244140625,121,101.54000091552734,22840.0,27990420.0,33747793.58572462
06-03-2017,1224.5,1235.199951171875,1235.199951171875,1224.5,29,101.63999938964844,22800.0,27918600.0,33661200.86809742
07-03-2017,1215.0999755859375,1224.300048828125,1225.4000244140625,1213.699951171875,53,101.80999755859375,22448.0,27276564.251953125,32887104.234329786
08-03-2017,1208.5,1212.199951171875,1212.199951171875,1206.699951171875,24,102.06999969482422,22461.0,27144118.5,32727415.60163974
09-03-2017,1202.4000244140625,1204.5,1205.5999755859375,1202.300048828125,37,101.8499984741211,22390.0,26921736.54663086,32459291.71284164
10-03-2017,1200.699951171875,1196.199951171875,1203.300048828125,1196.199951171875,3,101.25,22281.0,26752795.612060547,32255601.172004517
13-03-2017,1202.4000244140625,1206.199951171875,1210.0,1202.300048828125,35,101.37999725341797,22458.0,27003499.748291016,32557872.857838213
14-03-2017,1201.9000244140625,1203.0999755859375,1205.9000244140625,1196.800048828125,22,101.69999694824219,22483.0,27022318.248901367,32580562.152039263
15-03-2017,1200.0999755859375,1198.199951171875,1221.199951171875,1197.699951171875,36,100.73999786376953,22224.0,26671021.857421875,32157007.303378195
16-03-2017,1226.5,1222.199951171875,1231.4000244140625,1222.199951171875,47,100.2699966430664,22310.0,27363215.0,32991578.24933687
17-03-2017,1229.800048828125,1227.0999755859375,1230.9000244140625,1227.0999755859375,26,100.30000305175781,22404.0,27552440.293945312,33219725.4568909
20-03-2017,1233.5999755859375,1229.300048828125,1234.4000244140625,1229.300048828125,23,100.41000366210938,22447.0,27690618.65197754,33386325.84033945
21-03-2017,1246.0999755859375,1226.4000244140625,1246.0999755859375,1226.4000244140625,11,99.80999755859375,22419.0,27936315.352661133,33682560.10689791
22-03-2017,1249.300048828125,1247.9000244140625,1249.5,1247.699951171875,3,99.68000030517578,22390.0,27971828.09326172,33725377.493684255
23-03-2017,1246.9000244140625,1246.4000244140625,1247.5,1244.800048828125,16,99.76000213623047,22429.0,27966720.647583008,33719219.49310707
24-03-2017,1248.199951171875,1248.0,1248.300048828125,1247.5999755859375,3,99.62999725341797,22432.0,27999621.3046875,33758887.514694355
27-03-2017,1255.4000244140625,1255.800048828125,1257.699951171875,1253.800048828125,72,99.16999816894531,22408.0,28131003.747070312,33917294.12475321
28-03-2017,1255.300048828125,1255.9000244140625,1255.9000244140625,1255.300048828125,19,99.70999908447266,22490.0,28231698.09814453,34038700.383583955
29-03-2017,1253.4000244140625,1252.199951171875,1253.4000244140625,1252.0999755859375,190678,100.0,22447.0,28135070.34802246,33922197.18835599
30-03-2017,1245.0,1253.0999755859375,1253.5999755859375,1241.0999755859375,51328,100.41000366210938,22524.0,28042380.0,33810441.28285508
31-03-2017,1247.300048828125,1242.0999755859375,1248.800048828125,1238.699951171875,8223,100.3499984741211,22435.0,27983176.595458984,33739060.27906798
03-04-2017,1250.800048828125,1247.5,1252.4000244140625,1243.5999755859375,1160,100.54000091552734,22329.0,27929114.290283203,33673877.85180034
04-04-2017,1255.0,1253.0999755859375,1260.300048828125,1253.0,724,100.54000091552734,22249.0,27922495.0,33665897.03400048
05-04-2017,1245.4000244140625,1255.4000244140625,1255.4000244140625,1243.0,907,100.55999755859375,22320.0,27797328.544921875,33514984.983026132
06-04-2017,1250.300048828125,1256.0999755859375,1257.5,1249.0,169,100.66999816894531,22357.0,27952958.19165039,33702626.225766085
07-04-2017,1254.300048828125,1249.5,1269.0999755859375,1249.5,445,101.18000030517578,22655.0,28416167.606201172,34261113.58355579
10-04-2017,1251.0999755859375,1252.699951171875,1255.199951171875,1246.800048828125,182,101.0199966430664,22650.0,28337414.447021484,34166161.61926873
11-04-2017,1271.199951171875,1254.5,1273.5,1254.5,401,100.70999908447266,22653.0,28796492.493896484,34719667.82480888
12-04-2017,1275.300048828125,1275.0,1285.0999755859375,1272.0,492,100.77999877929688,22670.0,28911052.106933594,34857791.303271756
13-04-2017,1285.9000244140625,1285.300048828125,1287.5999755859375,1282.0,915,100.55999755859375,22645.0,29119206.052856445,35108760.613523565
17-04-2017,1289.4000244140625,1291.800048828125,1294.800048828125,1284.300048828125,73,100.30000305175781,22285.0,28734279.544067383,34644658.23977259
18-04-2017,1291.699951171875,1283.9000244140625,1291.699951171875,1278.5999755859375,394,99.5,22232.0,28717073.314453125,34623912.84597676
19-04-2017,1281.4000244140625,1288.0,1288.0,1274.0,194,99.73999786376953,22398.0,28700797.746826172,34604289.54283358
20-04-2017,1281.9000244140625,1279.699951171875,1281.9000244140625,1276.199951171875,127,99.77999877929688,22439.0,28764554.64782715,34681160.65568742
21-04-2017,1287.4000244140625,1279.800048828125,1287.4000244140625,1279.199951171875,474,99.9800033569336,22292.0,28698721.34423828,34601786.04320989
24-04-2017,1275.800048828125,1275.0,1276.4000244140625,1265.0,605,99.08999633789062,22332.0,28491166.690429688,34351539.29398322
25-04-2017,1265.5999755859375,1275.5999755859375,1276.9000244140625,1262.0999755859375,356,98.81999969482422,22300.0,28222879.455566406,34028067.82682229
26-04-2017,1262.0999755859375,1266.0,1266.0,1262.0999755859375,1156,98.95999908447266,22350.0,28207934.454345703,34010048.7754349
27-04-2017,1263.699951171875,1266.699951171875,1267.199951171875,1262.199951171875,206,99.08000183105469,22417.0,28328361.805419922,34155246.932023056
28-04-2017,1266.0999755859375,1265.9000244140625,1267.199951171875,1264.699951171875,85,99.05000305175781,22465.0,28442935.951538086,34293387.93288894
01-05-2017,1253.300048828125,1268.699951171875,1269.300048828125,1253.300048828125,34,99.13999938964844,22453.0,28140345.99633789,33928557.98931503
02-05-2017,1255.0999755859375,1256.199951171875,1256.199951171875,1251.199951171875,90,98.9800033569336,22360.0,28064035.454101562,33836551.06595317
03-05-2017,1246.4000244140625,1255.0999755859375,1255.800048828125,1238.699951171875,195,99.20999908447266,22426.0,27951766.947509766,33701189.95359267
04-05-2017,1226.5,1239.800048828125,1239.800048828125,1224.199951171875,72,98.76000213623047,22280.0,27326420.0,32947214.854111403
05-05-2017,1224.800048828125,1227.0,1233.699951171875,1224.800048828125,16,98.6500015258789,22286.0,27295893.888183594,32910409.800076675
08-05-2017,1225.300048828125,1224.0,1234.0,1224.0,43,99.1500015258789,22422.0,27473677.69482422,33124762.110952757
09-05-2017,1214.300048828125,1226.0999755859375,1226.199951171875,1214.0,55,99.58999633789062,22415.0,27218535.594482422,32817139.612349194
10-05-2017,1217.300048828125,1219.800048828125,1220.199951171875,1217.300048828125,23,99.66999816894531,22375.0,27237088.592529297,32839508.792535923
11-05-2017,1222.699951171875,1218.5,1222.699951171875,1218.300048828125,13,99.62000274658203,22376.0,27359134.107421875,32986657.95445126
12-05-2017,1226.199951171875,1228.0,1229.5,1226.0999755859375,29,99.25,22210.0,27233900.915527344,32835665.439507287
15-05-2017,1228.5999755859375,1227.5,1232.699951171875,1227.5,13,98.91000366210938,22302.0,27400236.655517578,33036214.92104844
16-05-2017,1235.0,1230.4000244140625,1237.300048828125,1230.4000244140625,20,98.11000061035156,22240.0,27466400.0,33115987.460815046
17-05-2017,1257.5,1241.0,1259.199951171875,1240.699951171875,26,97.41999816894531,22216.0,27936620.0,33682927.41741017
18-05-2017,1251.699951171875,1254.800048828125,1260.0,1245.800048828125,43,97.87999725341797,22404.0,28043085.706054688,33811292.146195665
19-05-2017,1252.699951171875,1252.699951171875,1252.699951171875,1252.699951171875,14,97.1500015258789,22257.0,27881342.813232422,33616280.21851027
22-05-2017,1260.699951171875,1251.699951171875,1260.699951171875,1251.699951171875,14,96.9800033569336,22325.0,28145126.40991211,33934321.690272614
23-05-2017,1254.800048828125,1261.5,1261.5999755859375,1250.5999755859375,20,97.3499984741211,22447.0,28166496.696044922,33960087.648956984
24-05-2017,1252.4000244140625,1251.9000244140625,1257.800048828125,1249.699951171875,14,97.23999786376953,22269.0,27889696.143676758,33626351.75268478
25-05-2017,1255.800048828125,1257.0999755859375,1258.300048828125,1255.800048828125,11,97.25,22349.0,28065875.291259766,33838769.34080029
26-05-2017,1267.5999755859375,1267.5999755859375,1267.5999755859375,1267.5999755859375,271457,97.4000015258789,22451.0,28458887.051879883,34312620.028791755
30-05-2017,1262.0999755859375,1267.4000244140625,1270.0,1258.4000244140625,129819,97.27999877929688,22290.0,28132208.455810547,33918746.631071314
31-05-2017,1272.0,1262.4000244140625,1273.199951171875,1258.5,2712,96.91999816894531,22304.0,28370688.0,34206279.23800337
01-06-2017,1267.0,1268.0,1269.199951171875,1260.800048828125,825,97.19999694824219,22380.0,28355460.0,34187918.97757415
02-06-2017,1276.800048828125,1265.199951171875,1279.0,1259.0,1732,96.72000122070312,22227.0,28379434.685302734,34216825.03653573
05-06-2017,1279.300048828125,1279.199951171875,1282.0,1277.0,433,96.80000305175781,22335.0,28573166.590576172,34450405.82418154
06-06-2017,1294.4000244140625,1279.4000244140625,1295.199951171875,1279.4000244140625,942,96.63999938964844,22311.0,28879358.94470215,34819579.147217445
07-06-2017,1290.0999755859375,1291.5999755859375,1293.0999755859375,1284.300048828125,641,96.75,22252.0,28707304.65673828,34612134.86464707
08-06-2017,1276.300048828125,1285.4000244140625,1287.5999755859375,1268.0999755859375,319,96.91999816894531,22396.0,28584015.893554688,34463486.72962947
09-06-2017,1268.5,1277.9000244140625,1277.9000244140625,1264.5999755859375,467,97.2699966430664,22301.0,28288818.5,34107569.93006993
12-06-2017,1266.0999755859375,1266.4000244140625,1269.300048828125,1263.199951171875,255,97.13999938964844,22361.0,28311261.55407715,34134629.315260604
13-06-2017,1265.800048828125,1264.0999755859375,1266.9000244140625,1259.699951171875,150,96.9800033569336,22332.0,28267846.690429688,34082284.41093524
14-06-2017,1272.800048828125,1269.4000244140625,1278.0,1256.800048828125,336,96.94000244140625,22352.0,28449626.69140625,34301454.8968004
15-06-2017,1252.199951171875,1263.199951171875,1264.199951171875,1250.300048828125,743,97.43000030517578,22345.0,27980407.908935547,33735722.09903008
16-06-2017,1254.0,1252.800048828125,1255.300048828125,1251.300048828125,34,97.16000366210938,22339.0,28013106.0,33775145.888594165
19-06-2017,1244.199951171875,1252.0999755859375,1252.199951171875,1241.9000244140625,108,97.52999877929688,22481.0,27970859.102294922,33724209.19013132
20-06-2017,1241.0,1242.199951171875,1245.5,1240.5,75,97.75,22406.0,27805846.0,33525254.40077164
21-06-2017,1243.4000244140625,1244.0999755859375,1245.0,1240.0,205,97.55999755859375,22329.0,27763879.1451416,33474655.347409695
22-06-2017,1247.5999755859375,1251.0,1252.699951171875,1246.300048828125,156,97.54000091552734,22395.0,27940001.45324707,33687004.40468661
23-06-2017,1256.199951171875,1250.0,1273.5999755859375,1249.800048828125,269,97.30000305175781,22312.0,28028333.310546875,33793505.31775606
26-06-2017,1246.300048828125,1260.199951171875,1260.199951171875,1241.5999755859375,194,97.43000030517578,22369.0,27878485.792236328,33612835.53440599
27-06-2017,1246.4000244140625,1251.5999755859375,1251.800048828125,1245.9000244140625,111,96.47000122070312,22236.0,27714950.942871094,33415663.061093673
28-06-2017,1248.0,1248.5,1248.5,1248.0,370,96.05000305175781,22355.0,27899040.0,33637617.55485893
29-06-2017,1244.199951171875,1248.199951171875,1250.699951171875,1238.0999755859375,540,95.62999725341797,22318.0,27768054.510253906,33479689.546966366
30-06-2017,1240.699951171875,1243.699951171875,1243.699951171875,1239.0999755859375,43,95.66000366210938,22338.0,27714755.509277344,33415427.428595785
03-07-2017,1217.9000244140625,1236.0,1236.0,1217.9000244140625,33,96.19999694824219,22411.0,27294357.447143555,32908557.327156443
05-07-2017,1220.4000244140625,1222.5,1225.0,1217.0999755859375,40,96.29000091552734,22331.0,27252752.94519043,32858395.159380794
06-07-2017,1222.199951171875,1225.0999755859375,1225.0999755859375,1222.199951171875,5,95.81999969482422,22730.0,27780604.89013672,33494821.425291438
07-07-2017,1208.5999755859375,1219.0999755859375,1220.4000244140625,1208.5999755859375,116,96.01000213623047,22744.0,27488397.844726562,33142510.061160553
10-07-2017,1212.0999755859375,1211.4000244140625,1212.0999755859375,1209.5999755859375,28,96.05000305175781,22390.0,27138918.45336914,32721145.952940848
11-07-2017,1213.5999755859375,1208.699951171875,1214.9000244140625,1208.699951171875,12,95.73999786376953,22246.0,26997745.056884766,32550934.47900261
12-07-2017,1218.0999755859375,1218.300048828125,1219.4000244140625,1217.9000244140625,7,95.79000091552734,22463.0,27362179.751586914,32990330.059786487
13-07-2017,1216.300048828125,1221.4000244140625,1221.4000244140625,1216.300048828125,7,95.7300033569336,22357.0,27192820.19165039,32786134.786171194
14-07-2017,1226.5999755859375,1214.9000244140625,1227.5,1214.800048828125,23,95.11000061035156,22274.0,27321287.856201172,32941027.07523652
17-07-2017,1232.800048828125,1229.9000244140625,1233.4000244140625,1229.9000244140625,7,95.12999725341797,22344.0,27545684.291015625,33211579.805902608
18-07-2017,1241.0999755859375,1236.199951171875,1241.199951171875,1236.199951171875,29,94.66000366210938,22387.0,27784505.153442383,33499523.937114038
19-07-2017,1241.199951171875,1240.4000244140625,1241.199951171875,1240.0999755859375,3,94.80000305175781,22400.0,27802878.90625,33521677.002953943
20-07-2017,1244.800048828125,1236.5999755859375,1244.800048828125,1236.5999755859375,5,94.2699966430664,22142.0,27562362.681152344,33231688.788464364
21-07-2017,1254.300048828125,1250.699951171875,1254.300048828125,1250.5,16,93.94000244140625,22356.0,28041131.891601562,33808936.449965715
24-07-2017,1253.9000244140625,1256.0,1256.0,1253.9000244140625,8,93.9800033569336,22401.0,28088614.446899414,33866185.73293877
25-07-2017,1251.699951171875,1252.699951171875,1253.5999755859375,1249.199951171875,18,94.05000305175781,22397.0,28034323.806396484,33800728.00385397
26-07-2017,1249.0,1244.800048828125,1249.0,1244.800048828125,7,93.66999816894531,22194.0,27720306.0,33422119.604533397
27-07-2017,1259.5999755859375,1259.5999755859375,1259.5999755859375,1259.5999755859375,220309,93.86000061035156,22440.0,28265423.452148438,34079362.73468584
28-07-2017,1268.4000244140625,1258.4000244140625,1270.0,1256.9000244140625,64180,93.26000213623047,22307.0,28294199.344604492,34114057.56523329
31-07-2017,1266.5999755859375,1268.9000244140625,1270.800048828125,1265.800048828125,7780,92.86000061035156,22181.0,28094454.05847168,33873226.49924244
01-08-2017,1272.5999755859375,1268.4000244140625,1273.300048828125,1262.0,1061,93.02999877929688,22400.0,28506239.453125,34369712.38621292
02-08-2017,1271.800048828125,1268.5,1272.0999755859375,1262.9000244140625,393,92.83000183105469,22346.0,28419643.89111328,34265304.90850408
03-08-2017,1267.800048828125,1265.9000244140625,1269.800048828125,1256.5999755859375,878,92.80999755859375,22330.0,28309975.09033203,34133078.237680286
04-08-2017,1258.300048828125,1269.0,1269.5999755859375,1253.9000244140625,521,93.54000091552734,22582.0,28414931.70263672,34259623.46592322
07-08-2017,1258.199951171875,1258.699951171875,1259.0999755859375,1255.300048828125,260,93.43000030517578,22399.0,28182420.706298828,33979287.08258841
08-08-2017,1256.4000244140625,1256.9000244140625,1264.0999755859375,1251.4000244140625,555,93.63999938964844,22517.0,28290359.349731445,34109427.71850909
09-08-2017,1273.0,1260.199951171875,1277.800048828125,1260.199951171875,574,93.5199966430664,22345.0,28445185.0,34296099.59006511
10-08-2017,1283.699951171875,1276.5999755859375,1287.4000244140625,1274.9000244140625,608,93.4000015258789,22302.0,28629076.311035156,34517815.66317236
11-08-2017,1287.699951171875,1286.300048828125,1291.0999755859375,1282.0,139,93.06999969482422,22271.0,28678365.612548828,34577243.32354573
14-08-2017,1284.199951171875,1288.4000244140625,1288.4000244140625,1278.800048828125,338,93.45999908447266,22423.0,28795615.505126953,34718610.44746438
15-08-2017,1273.699951171875,1280.5,1280.5,1267.4000244140625,188,93.8499984741211,22411.0,28544889.60571289,34416312.52195911
16-08-2017,1276.9000244140625,1271.300048828125,1282.5999755859375,1269.4000244140625,110,93.48999786376953,22252.0,28413579.34326172,34257992.93858418
17-08-2017,1286.4000244140625,1283.800048828125,1288.5,1283.199951171875,43,93.62000274658203,22336.0,28733030.9453125,34643152.81566494
18-08-2017,1285.699951171875,1288.5999755859375,1300.699951171875,1284.300048828125,358,93.43000030517578,22366.0,28755965.107910156,34670804.32591049
21-08-2017,1290.800048828125,1285.199951171875,1290.800048828125,1284.699951171875,18,93.0999984741211,22284.0,28764188.288085938,34680718.93909565
22-08-2017,1285.0999755859375,1287.199951171875,1288.4000244140625,1283.199951171875,100,93.55000305175781,22371.0,28748971.553833008,34662372.26167471
23-08-2017,1288.9000244140625,1289.4000244140625,1289.4000244140625,1286.9000244140625,250,93.1500015258789,22342.0,28796604.345458984,34719802.68321556
24-08-2017,1286.5,1288.699951171875,1288.699951171875,1284.0,550,93.27999877929688,22386.0,28799589.0,34723401.25391849
25-08-2017,1292.5,1285.4000244140625,1292.699951171875,1280.300048828125,280,92.73999786376953,22196.0,28688330.0,34589257.294429705
28-08-2017,1309.699951171875,1293.5,1311.300048828125,1293.5,145,92.20999908447266,22323.0,29236432.010009766,35250098.87871927
29-08-2017,1313.0999755859375,1318.800048828125,1323.800048828125,1313.0999755859375,1178,92.3499984741211,22528.0,29581516.25,35666163.79310345
30-08-2017,1308.0999755859375,1308.199951171875,1312.5,1304.9000244140625,1178,92.87999725341797,22502.0,29434865.650634766,35489348.505708665
31-08-2017,1316.199951171875,1306.5999755859375,1322.300048828125,1301.699951171875,373,92.66999816894531,22290.0,29338096.911621094,35372675.32146262
01-09-2017,1324.5,1320.199951171875,1327.699951171875,1316.9000244140625,313,92.80999755859375,22495.0,29794627.5,35923110.0795756
05-09-2017,1339.199951171875,1335.199951171875,1339.199951171875,1328.5999755859375,39,92.30999755859375,22366.0,29952546.107910156,36113511.10189312
06-09-2017,1333.9000244140625,1340.0,1340.300048828125,1332.5999755859375,20,92.29000091552734,22406.0,29887363.947021484,36034921.56621833
07-09-2017,1345.0999755859375,1336.4000244140625,1349.0,1336.4000244140625,26,91.52999877929688,22326.0,30030702.05493164,36207743.01293904
08-09-2017,1346.0,1351.0,1355.800048828125,1345.5999755859375,37,91.33000183105469,22458.0,30228468.0,36446187.60549795
11-09-2017,1331.0,1331.0,1331.0,1327.300048828125,9,91.86000061035156,22500.0,29947500.0,36107427.05570292
12-09-2017,1328.0,1327.0,1328.0,1325.199951171875,15,91.91000366210938,22343.0,29671504.0,35774661.2008681
13-09-2017,1323.4000244140625,1323.4000244140625,1323.4000244140625,1323.4000244140625,16,92.5199966430664,22575.0,29875755.55114746,36020925.42940374
14-09-2017,1324.699951171875,1319.5999755859375,1329.300048828125,1319.5999755859375,316,92.12000274658203,22362.0,29622940.30810547,35716108.40138108
15-09-2017,1320.4000244140625,1320.5999755859375,1321.199951171875,1319.800048828125,15,91.87000274658203,22398.0,29574319.746826172,35657487.03499659
18-09-2017,1306.300048828125,1309.800048828125,1310.4000244140625,1306.0,129,92.05000305175781,22398.0,29258508.493652344,35276716.29328713
19-09-2017,1306.199951171875,1307.9000244140625,1310.300048828125,1305.0999755859375,20,91.79000091552734,22386.0,29240592.106933594,35255114.66956064
20-09-2017,1312.0,1312.0,1312.0,1298.699951171875,12,92.51000213623047,22612.0,29666944.0,35769163.25054256
21-09-2017,1290.5999755859375,1299.0999755859375,1304.0999755859375,1290.300048828125,336,92.26000213623047,22329.0,28817806.8548584,34745366.3550258
22-09-2017,1293.300048828125,1295.0,1295.699951171875,1293.300048828125,209,92.16999816894531,22433.0,29012599.995361328,34980226.664289035
25-09-2017,1306.800048828125,1293.0999755859375,1309.199951171875,1291.0,51,92.6500015258789,22452.0,29340274.696289062,35375301.05653372
26-09-2017,1297.0,1304.5,1305.5999755859375,1297.0,39,92.97000122070312,22389.0,29038533.0,35011493.85097661
27-09-2017,1283.4000244140625,1283.4000244140625,1283.4000244140625,1283.4000244140625,19488,93.36000061035156,22398.0,28745593.746826172,34658299.67063681
28-09-2017,1285.5,1283.0999755859375,1288.0,1277.0,5226,93.08999633789062,22378.0,28766919.0,34684011.33349409
29-09-2017,1281.5,1284.199951171875,1289.4000244140625,1281.5,492,93.08000183105469,22523.0,28863224.5,34800125.994694956
02-10-2017,1272.699951171875,1275.0,1276.0999755859375,1270.4000244140625,136,93.55999755859375,22413.0,28525024.005615234,34392360.74947581
03-10-2017,1271.5,1269.699951171875,1273.300048828125,1268.5999755859375,192,93.56999969482422,22421.0,28508301.5,34372198.57728478
04-10-2017,1273.699951171875,1273.800048828125,1280.800048828125,1270.0,218,93.45999908447266,22421.0,28557626.60522461,34431669.405865215
05-10-2017,1269.9000244140625,1277.800048828125,1277.800048828125,1267.5999755859375,36,93.95999908447266,22451.0,28510525.448120117,34374879.971208245
06-10-2017,1271.5999755859375,1267.5999755859375,1272.0,1260.5,46,93.80000305175781,22343.0,28411358.2545166,34255314.99218302
09-10-2017,1281.800048828125,1280.5999755859375,1284.0,1279.0,19,93.73999786376953,22395.0,28705912.09350586,34610455.86388457
10-10-2017,1290.5999755859375,1282.5999755859375,1293.0,1281.699951171875,18,93.29000091552734,22331.0,28820388.05480957,34748478.48421699
11-10-2017,1285.800048828125,1287.300048828125,1292.0,1284.9000244140625,21,92.95999908447266,22311.0,28687484.889404297,34588238.35230805
12-10-2017,1293.300048828125,1291.5,1294.5,1289.300048828125,14,93.12000274658203,22426.0,29003546.89501953,34969311.42394445
13-10-2017,1301.5,1293.300048828125,1301.699951171875,1291.699951171875,74,93.08999633789062,22392.0,29143188.0,35137675.428020254
16-10-2017,1299.9000244140625,1302.0,1303.800048828125,1291.9000244140625,173,93.27999877929688,22385.0,29098262.04650879,35083508.616480336
17-10-2017,1283.0,1295.0999755859375,1295.0999755859375,1283.0,571,93.48999786376953,22365.0,28694295.0,34596449.24041475
18-10-2017,1279.9000244140625,1279.9000244140625,1279.9000244140625,1279.9000244140625,163,93.36000061035156,22303.0,28545610.244506836,34417181.38956696
19-10-2017,1286.9000244140625,1286.4000244140625,1286.9000244140625,1285.0999755859375,134,93.2699966430664,22340.0,28749346.545410156,34662824.385592185
20-10-2017,1277.4000244140625,1279.5999755859375,1279.5999755859375,1277.4000244140625,304,93.69999694824219,22422.0,28641863.34741211,34533232.876069576
23-10-2017,1277.699951171875,1274.699951171875,1280.800048828125,1271.5,115,93.94000244140625,22372.0,28584703.307617188,34464315.53848226
24-10-2017,1275.0,1275.5,1275.5,1273.699951171875,111,93.95999908447266,22372.0,28524300.0,34391487.822522305
25-10-2017,1275.4000244140625,1269.9000244140625,1275.4000244140625,1269.9000244140625,105,93.70999908447266,22314.0,28459276.14477539,34313089.1545399
26-10-2017,1266.300048828125,1273.5,1273.5,1264.699951171875,39,94.61000061035156,22688.0,28729815.5078125,34639275.99205751
27-10-2017,1268.5,1268.4000244140625,1268.5,1267.0999755859375,567,94.91999816894531,22407.0,28423279.5,34269688.32891247
30-10-2017,1274.0999755859375,1270.0,1274.0999755859375,1267.9000244140625,222,94.48999786376953,22350.0,28476134.454345703,34333415.064318426
31-10-2017,1267.0,1273.0999755859375,1274.5999755859375,1266.0999755859375,235,94.55000305175781,22351.0,28318717.0,34143618.27827345
01-11-2017,1274.0999755859375,1272.199951171875,1274.800048828125,1270.300048828125,78,94.81999969482422,22409.0,28551306.352905273,34424049.13540544
02-11-2017,1274.9000244140625,1274.9000244140625,1274.9000244140625,1274.9000244140625,70,94.69000244140625,22358.0,28504214.74584961,34367271.215155065
03-11-2017,1266.5,1265.300048828125,1267.9000244140625,1265.300048828125,75,94.94000244140625,22447.0,28429125.5,34276736.79768507
06-11-2017,1279.4000244140625,1269.0,1280.5,1269.0,128,94.72000122070312,22330.0,28569002.545166016,34445385.272686295
07-11-2017,1273.699951171875,1276.800048828125,1276.800048828125,1270.4000244140625,11,94.91000366210938,22331.0,28442993.60961914,34293457.45071032
08-11-2017,1281.5999755859375,1275.9000244140625,1284.9000244140625,1274.699951171875,15,94.87000274658203,22372.0,28671954.653808594,34569513.68918326
09-11-2017,1285.5999755859375,1279.699951171875,1286.9000244140625,1279.699951171875,18,94.44000244140625,22367.0,28755014.653930664,34669658.37223374
10-11-2017,1272.4000244140625,1283.5,1283.5,1272.4000244140625,10,94.38999938964844,22321.0,28401240.94494629,34243116.64449757
13-11-2017,1277.300048828125,1277.300048828125,1277.300048828125,1277.0,3,94.48999786376953,22340.0,28534883.090820312,34404247.75840404
14-11-2017,1281.5,1276.9000244140625,1281.5,1276.9000244140625,4,93.83000183105469,22229.0,28486463.5,34345868.70026525
15-11-2017,1276.5,1281.4000244140625,1284.699951171875,1275.9000244140625,13,93.80999755859375,22509.0,28732738.5,34642800.217024356
16-11-2017,1277.4000244140625,1277.5,1277.5,1277.4000244140625,43,93.93000030517578,22358.0,28560109.74584961,34434663.30582301
17-11-2017,1295.800048828125,1288.300048828125,1295.800048828125,1288.300048828125,1,93.66000366210938,22378.0,28997413.49267578,34961916.4367926
20-11-2017,1274.5999755859375,1274.5999755859375,1275.9000244140625,1274.5999755859375,1,94.08000183105469,22452.0,28617318.65185547,34503639.560954265
21-11-2017,1281.0999755859375,1281.0999755859375,1281.0999755859375,1281.0999755859375,4,93.94999694824219,22350.0,28632584.454345703,34522045.39950048
22-11-2017,1291.5999755859375,1284.699951171875,1291.5999755859375,1282.9000244140625,4,93.22000122070312,22245.0,28731641.45690918,34641477.52219578
24-11-2017,1286.699951171875,1286.699951171875,1286.699951171875,1286.699951171875,0,92.76000213623047,22248.0,28626500.513671875,34514710.04783202
27-11-2017,1293.800048828125,1293.800048828125,1293.800048828125,1293.800048828125,1,92.9000015258789,22454.0,29050986.29638672,35026508.6766177
28-11-2017,1294.699951171875,1294.699951171875,1294.699951171875,1294.699951171875,275442,93.26000213623047,22455.0,29072487.403564453,35052432.36504033
29-11-2017,1282.0999755859375,1293.4000244140625,1296.199951171875,1281.0999755859375,47244,93.26000213623047,22367.0,28676730.153930664,34575271.46603649
30-11-2017,1273.199951171875,1283.0999755859375,1284.5,1269.699951171875,3049,93.01000213623047,22275.0,28360528.912353516,34194030.5188733
01-12-2017,1278.800048828125,1274.0999755859375,1288.5999755859375,1271.0,823,92.9000015258789,22382.0,28622102.692871094,34509407.6354848
04-12-2017,1274.300048828125,1272.5,1276.0999755859375,1270.300048828125,850,93.19000244140625,22361.0,28494623.391845703,34355707.007289246
05-12-2017,1261.5999755859375,1275.4000244140625,1275.800048828125,1260.0,1499,93.37999725341797,22454.0,28327965.85180664,34154769.53437019
06-12-2017,1262.800048828125,1264.9000244140625,1267.800048828125,1261.5999755859375,373,93.61000061035156,22393.0,28277881.493408203,34094383.281177
07-12-2017,1249.800048828125,1262.300048828125,1262.4000244140625,1243.9000244140625,358,93.80000305175781,22395.0,27989272.09350586,33746409.56535551
08-12-2017,1245.199951171875,1246.300048828125,1249.300048828125,1241.5,157,93.9000015258789,22301.0,27769204.111083984,33481075.610180832
11-12-2017,1243.699951171875,1248.4000244140625,1249.199951171875,1239.9000244140625,146,93.87000274658203,22407.0,27867584.805908203,33599692.314815775
12-12-2017,1238.5,1241.300048828125,1244.4000244140625,1236.5,692,94.0999984741211,22441.0,27793178.5,33509981.311791655
13-12-2017,1245.4000244140625,1241.9000244140625,1254.5,1239.800048828125,349,93.43000030517578,22208.0,27657843.7421875,33346809.43113998
14-12-2017,1253.800048828125,1252.9000244140625,1257.699951171875,1250.300048828125,139,93.48999786376953,22476.0,28180409.897460938,33976862.66874962
15-12-2017,1254.300048828125,1253.0999755859375,1260.300048828125,1253.0999755859375,578,93.93000030517578,22473.0,28187884.997314453,33985875.328327045
18-12-2017,1262.199951171875,1256.199951171875,1262.4000244140625,1255.699951171875,45,93.69999694824219,22395.0,28266967.90649414,34081224.86917548
19-12-2017,1260.699951171875,1261.0999755859375,1264.300048828125,1259.5,329,93.47000122070312,22319.0,28137562.210205078,33925201.60381611
20-12-2017,1266.0999755859375,1261.300048828125,1266.5999755859375,1261.300048828125,63,93.3499984741211,22306.0,28241626.055419922,34050670.43093793
21-12-2017,1267.300048828125,1266.4000244140625,1267.4000244140625,1264.300048828125,226,93.27999877929688,22370.0,28349502.092285156,34180735.5826925
22-12-2017,1275.4000244140625,1266.300048828125,1276.300048828125,1266.300048828125,119,93.3499984741211,22355.0,28511567.545776367,34376136.41882851
26-12-2017,1284.0999755859375,1282.4000244140625,1284.0999755859375,1281.800048828125,84,93.26000213623047,22363.0,28716327.75402832,34623013.93058635
27-12-2017,1287.0,1284.0,1287.0,1284.0,456,93.02999877929688,22366.0,28785042.0,34705862.06896552
28-12-2017,1294.0999755859375,1288.199951171875,1294.0999755859375,1288.199951171875,245,92.5999984741211,22370.0,28949016.453857422,34903564.56939646
29-12-2017,1306.300048828125,1294.199951171875,1306.300048828125,1294.0,65,92.12000274658203,22343.0,29186661.990966797,35190091.62161417
02-01-2018,1313.699951171875,1302.300048828125,1317.5999755859375,1302.300048828125,68,91.8499984741211,22384.0,29405859.70703125,35454376.30459519
03-01-2018,1316.199951171875,1320.0,1320.0999755859375,1312.0999755859375,42,92.16000366210938,22378.0,29453922.50732422,35512325.18365592
04-01-2018,1319.4000244140625,1319.4000244140625,1322.0,1319.4000244140625,2,91.8499984741211,22365.0,29508381.546020508,35577985.948903434
05-01-2018,1320.300048828125,1320.300048828125,1320.300048828125,1320.300048828125,1,91.94999694824219,22419.0,29599806.794677734,35688216.5356616
08-01-2018,1318.5999755859375,1319.9000244140625,1319.9000244140625,1314.5999755859375,41,92.33000183105469,22410.0,29549825.45288086,35627954.48864343
09-01-2018,1311.699951171875,1309.5999755859375,1311.699951171875,1309.5999755859375,16,92.52999877929688,22358.0,29326987.50830078,35359280.81540967
10-01-2018,1317.4000244140625,1320.300048828125,1320.699951171875,1315.300048828125,70,92.33000183105469,22482.0,29617787.348876953,35709895.52553286
11-01-2018,1320.5999755859375,1317.0999755859375,1320.5999755859375,1316.300048828125,9,91.8499984741211,22202.0,29319960.657958984,35350808.60617191
12-01-2018,1333.4000244140625,1327.800048828125,1338.199951171875,1327.800048828125,14,90.97000122070312,22236.0,29649482.942871094,35748110.61354122
16-01-2018,1335.4000244140625,1331.0999755859375,1335.4000244140625,1331.0,13,90.38999938964844,22299.0,29778085.14440918,35903165.1126226
17-01-2018,1338.0,1334.4000244140625,1338.0,1326.800048828125,27,90.54000091552734,22424.0,30003312.0,36174719.074029416
18-01-2018,1326.0,1328.9000244140625,1328.9000244140625,1326.0,211,90.5,22385.0,29682510.0,35787931.034482755
19-01-2018,1331.9000244140625,1330.0999755859375,1333.0,1330.0999755859375,50,90.56999969482422,22475.0,29934453.048706055,36091696.46576568
22-01-2018,1330.9000244140625,1328.4000244140625,1330.9000244140625,1328.4000244140625,162,90.4000015258789,22675.0,30178158.053588867,36385529.36289953
23-01-2018,1335.699951171875,1335.800048828125,1335.9000244140625,1335.699951171875,47,90.12000274658203,22675.5,30287664.24279785,36517559.97443676
24-01-2018,1355.9000244140625,1355.9000244140625,1357.199951171875,1355.9000244140625,18,89.20999908447266,22675.5,30745711.003601074,37069822.767785236
25-01-2018,1362.4000244140625,1356.300048828125,1362.4000244140625,1346.699951171875,4,89.38999938964844,22678.400390625,30897053.245859385,37252294.72613864
26-01-2018,1351.5999755859375,1351.5999755859375,1352.0,1350.9000244140625,280546,89.06999969482422,22676.0,30648881.04638672,36953075.7733141
30-01-2018,1335.4000244140625,1338.699951171875,1347.800048828125,1332.800048828125,52100,89.19000244140625,22676.099609375,30281663.971975088,36510325.50274305
31-01-2018,1339.0,1337.5,1346.9000244140625,1331.800048828125,4881,89.12999725341797,22661.80078125,30344151.24609375,36585665.83806818
01-02-2018,1344.300048828125,1343.800048828125,1350.5999755859375,1336.800048828125,1680,88.66999816894531,22674.80078125,30481735.797402382,36751550.27417697
02-02-2018,1333.699951171875,1348.5,1352.0999755859375,1327.699951171875,2841,89.19999694824219,22675.80078125,30242714.39473629,36463364.35343175
05-02-2018,1333.0,1331.0999755859375,1340.199951171875,1329.0,641,89.55000305175781,22674.5,30225108.5,36442137.08705088
06-02-2018,1326.0999755859375,1338.199951171875,1343.699951171875,1319.5,529,89.58999633789062,22675.5,30069979.996398926,36255100.06799967
07-02-2018,1311.5999755859375,1325.4000244140625,1331.0999755859375,1310.5,491,90.26000213623047,22665.099609375,29727544.09430909,35842228.23041848
08-02-2018,1316.9000244140625,1317.0999755859375,1321.0999755859375,1307.0,459,90.2300033569336,22660.0,29840954.553222656,35978966.18425688
09-02-2018,1313.0999755859375,1320.9000244140625,1322.0,1311.9000244140625,451,90.44000244140625,22667.400390625,29764562.899526358,35886861.46554902
12-02-2018,1324.199951171875,1323.800048828125,1325.5,1318.0,140,90.20999908447266,22671.30078125,30021335.38753414,36196449.70766113
13-02-2018,1328.0999755859375,1324.5,1329.5999755859375,1323.4000244140625,71,89.69999694824219,22678.0,30118651.24633789,36313782.54923787
14-02-2018,1355.5,1332.800048828125,1355.5,1324.0,400,89.12000274658203,22678.5,30740706.75,37063789.184952974
15-02-2018,1352.0999755859375,1352.0,1355.9000244140625,1349.699951171875,111,88.58999633789062,22678.5,30663599.296325684,36970821.432753414
16-02-2018,1353.199951171875,1354.0,1361.4000244140625,1344.9000244140625,110,89.0999984741211,22672.5,30680425.892944336,36991109.10651596
20-02-2018,1328.800048828125,1348.4000244140625,1350.199951171875,1328.5,283,89.72000122070312,22662.0,30113266.70654297,36307290.45881718
21-02-2018,1330.0,1326.800048828125,1331.5,1324.4000244140625,119,90.08000183105469,22682.599609375,30167857.48046875,36373110.05602694
22-02-2018,1330.5999755859375,1322.0,1331.4000244140625,1322.0,70,89.75,22687.599609375,30188119.4863379,36397539.77132614
23-02-2018,1328.199951171875,1328.0,1332.0999755859375,1327.699951171875,427,89.87999725341797,22705.5,30157443.991333008,36360554.60734628
26-02-2018,1330.699951171875,1335.0,1340.5,1330.699951171875,652,89.81999969482422,22711.5,30222191.94104004,36438620.61856768
27-02-2018,1315.5,1331.699951171875,1332.5999755859375,1312.699951171875,710,90.36000061035156,22709.30078125,29874085.177734375,36018911.47544535
28-02-2018,1315.5,1315.4000244140625,1321.0,1315.4000244140625,58,90.61000061035156,22718.80078125,29886582.427734375,36033979.29555628
01-03-2018,1302.9000244140625,1310.4000244140625,1318.0999755859375,1301.800048828125,43,90.31999969482422,22722.5,29605145.804748535,35694653.731310025
02-03-2018,1321.0999755859375,1314.300048828125,1323.199951171875,1314.300048828125,155,89.94000244140625,22715.0,30008785.94543457,36181318.96001274
05-03-2018,1318.0999755859375,1323.5,1325.9000244140625,1318.0999755859375,18,90.08000183105469,22725.0,29953821.94519043,36115049.3672419
06-03-2018,1333.5999755859375,1321.5999755859375,1333.5999755859375,1321.4000244140625,18,89.62000274658203,22730.0,30312727.44506836,36547778.44835828
07-03-2018,1326.0,1338.0999755859375,1338.0999755859375,1326.0,27,89.63999938964844,22735.0,30146610.0,36347492.163009405
08-03-2018,1319.9000244140625,1324.800048828125,1326.800048828125,1319.300048828125,62,90.12000274658203,22722.5,29991428.304748535,36160391.01127144
09-03-2018,1322.4000244140625,1316.800048828125,1322.4000244140625,1313.0,88,90.08999633789062,22725.0,30051540.55480957,36232867.80179596
12-03-2018,1319.4000244140625,1319.4000244140625,1319.4000244140625,1319.4000244140625,0,89.9000015258789,22723.5,29981386.45477295,36148283.644529715
13-03-2018,1325.9000244140625,1325.9000244140625,1325.9000244140625,1325.300048828125,13,89.66000366210938,22727.5,30134392.804870605,36332762.00249651
14-03-2018,1324.4000244140625,1322.199951171875,1324.4000244140625,1322.199951171875,19,89.69999694824219,22731.5,30105599.15496826,36298045.76195835
15-03-2018,1316.800048828125,1316.800048828125,1316.800048828125,1316.800048828125,0,90.13999938964844,22735.0,29937449.110107422,36095308.78961589
16-03-2018,1311.300048828125,1310.0999755859375,1311.300048828125,1310.0999755859375,34,90.2300033569336,22744.400390625,29824733.342792988,35959408.41908969
19-03-2018,1316.800048828125,1309.4000244140625,1316.9000244140625,1307.300048828125,6,89.9000015258789,22713.30078125,29908875.57779789,36060857.94284771
20-03-2018,1311.0999755859375,1311.0999755859375,1311.0999755859375,1311.0999755859375,4,90.37000274658203,22739.5,29813757.894836426,35946175.42179458
21-03-2018,1320.699951171875,1312.4000244140625,1328.800048828125,1312.4000244140625,34,89.77999877929688,22734.80078125,30025850.28169918,36201893.27429368
22-03-2018,1326.5999755859375,1326.5999755859375,1326.5999755859375,1326.5999755859375,0,89.86000061035156,22738.0,30164230.244873047,36368736.73121901
23-03-2018,1349.300048828125,1343.199951171875,1349.300048828125,1343.199951171875,8,89.44000244140625,22770.0,30723562.111816406,37043118.051382214
26-03-2018,1354.4000244140625,1348.5,1354.4000244140625,1345.0999755859375,10,89.02999877929688,22757.0,30822081.35559082,37161901.80322018
27-03-2018,1341.300048828125,1341.0,1341.300048828125,1341.0,290889,89.37000274658203,22780.5,30555485.7623291,36840469.93287811
28-03-2018,1324.199951171875,1345.0,1346.4000244140625,1322.4000244140625,59284,90.05999755859375,22784.0,30170571.6875,36376382.55063902
29-03-2018,1322.800048828125,1324.0,1327.0999755859375,1321.699951171875,5585,90.1500015258789,22777.900390625,30130607.748920918,36328198.39513011
02-04-2018,1342.0999755859375,1327.0,1344.199951171875,1324.699951171875,649,90.05000305175781,22505.0,30203959.950561523,36416638.47427239
03-04-2018,1332.800048828125,1340.4000244140625,1341.5,1328.5,702,90.19999694824219,22775.0,30354521.112060547,36598168.69069272
04-04-2018,1335.800048828125,1331.800048828125,1347.300048828125,1331.5999755859375,718,90.13999938964844,22775.0,30422846.112060547,36680547.51876121
05-04-2018,1324.300048828125,1333.5,1333.699951171875,1322.5999755859375,258,90.45999908447266,22780.5,30168217.2623291,36373543.841727875
06-04-2018,1331.9000244140625,1326.5,1333.0,1319.0,348,90.11000061035156,22778.0,30338018.756103516,36578271.95093262
09-04-2018,1336.300048828125,1333.0,1337.5,1327.0,290,89.83999633789062,22767.5,30424211.361694336,36682193.58776747
10-04-2018,1342.0,1335.199951171875,1342.0,1333.0,105,89.58999633789062,22374.0,30025908.0,36201962.864721484
11-04-2018,1356.5,1340.0999755859375,1365.4000244140625,1340.0999755859375,118,89.56999969482422,22757.5,30870548.75,37220338.497709185
12-04-2018,1338.4000244140625,1351.199951171875,1351.5,1334.5999755859375,34,89.75,22755.5,30455961.7555542,36720474.74747311
13-04-2018,1344.800048828125,1335.9000244140625,1346.0,1335.9000244140625,67,89.80000305175781,22753.5,30598907.911010742,36892823.62070261
16-04-2018,1347.5,1341.0,1348.800048828125,1341.0,60,89.43000030517578,22751.5,30657646.25,36963643.89920424
17-04-2018,1347.199951171875,1348.0,1348.0999755859375,1339.0,409,89.5199966430664,22742.5,30638694.889526367,36940794.41708026
18-04-2018,1351.199951171875,1343.5,1354.199951171875,1343.5,45,89.62000274658203,22737.5,30722908.889770508,37042330.46753135
19-04-2018,1346.800048828125,1348.5999755859375,1355.199951171875,1341.5999755859375,387,89.94000244140625,22739.0,30624886.310302734,36924145.539308816
20-04-2018,1336.699951171875,1342.5,1343.4000244140625,1335.300048828125,310,90.31999969482422,22744.0,30401903.689453125,36655297.4312191
23-04-2018,1322.5,1334.0,1334.4000244140625,1322.5,68,90.94000244140625,22428.0,29661030.0,35762032.794791415
24-04-2018,1331.4000244140625,1326.4000244140625,1331.699951171875,1326.199951171875,28,90.7699966430664,22736.0,30270710.955078125,36497119.550371505
25-04-2018,1321.199951171875,1324.0,1325.0,1320.0,278,91.16999816894531,22734.0,30036159.689941406,36214323.23359224
26-04-2018,1316.300048828125,1315.699951171875,1316.300048828125,1315.699951171875,569,91.55999755859375,22734.0,29924765.310058594,36080016.047816
27-04-2018,1320.300048828125,1315.300048828125,1321.699951171875,1312.800048828125,622,91.54000091552734,22732.0,30013060.709960938,36186473.00453453
30-04-2018,1316.199951171875,1309.5999755859375,1316.199951171875,1309.5999755859375,49,91.83999633789062,22728.5,29915250.59020996,36068544.23705083
01-05-2018,1303.800048828125,1313.199951171875,1313.800048828125,1303.4000244140625,28,92.44999694824219,22728.5,29633419.40979004,35728742.958512224
02-05-2018,1302.5999755859375,1309.0,1309.300048828125,1302.5999755859375,23,92.51000213623047,22494.0,29300683.850830078,35327566.735989965
03-05-2018,1310.699951171875,1310.699951171875,1310.699951171875,1310.699951171875,4,92.41000366210938,22726.0,29786967.09033203,35913873.993648455
04-05-2018,1312.699951171875,1312.699951171875,1312.699951171875,1312.699951171875,0,92.56999969482422,22727.5,29834388.14025879,35971049.12015769
07-05-2018,1312.199951171875,1310.5999755859375,1312.5,1310.199951171875,4,92.75,22416.0,29414274.10546875,35464521.46789094
08-05-2018,1312.0,1310.0999755859375,1312.0,1308.5,337,93.12000274658203,22733.5,29826352.0,35961360.01929105
09-05-2018,1311.300048828125,1311.300048828125,1311.300048828125,1311.300048828125,70,93.04000091552734,22737.5,29815684.860229492,35948498.7463582
10-05-2018,1320.800048828125,1312.199951171875,1320.800048828125,1312.199951171875,8,92.6500015258789,22742.0,30037634.71044922,36216101.652338095
11-05-2018,1319.0,1319.0,1319.0,1319.0,3,92.54000091552734,22458.0,29622102.0,35715097.66095973
14-05-2018,1316.5,1319.9000244140625,1319.9000244140625,1316.5,4,92.58999633789062,22398.0,29486967.0,35552166.62647697
15-05-2018,1288.9000244140625,1304.5999755859375,1304.699951171875,1288.9000244140625,8,93.22000122070312,22732.5,29299919.804992676,35326645.53290653
16-05-2018,1290.199951171875,1290.9000244140625,1294.0,1285.4000244140625,26,93.38999938964844,22735.5,29333340.989868164,35366941.15007012
17-05-2018,1288.199951171875,1291.300048828125,1291.300048828125,1288.199951171875,2,93.47000122070312,22737.5,29290446.389770508,35315223.522751994
18-05-2018,1290.199951171875,1285.199951171875,1290.199951171875,1285.199951171875,2,93.63999938964844,22740.0,29339146.889648438,35373941.27037429
21-05-2018,1290.199951171875,1287.4000244140625,1292.0999755859375,1287.4000244140625,52,93.68000030517578,22428.0,28936604.504882812,34888599.595952265
22-05-2018,1291.699951171875,1291.699951171875,1291.699951171875,1291.699951171875,50,93.61000061035156,22736.5,29368735.939819336,35409616.51774697
23-05-2018,1289.300048828125,1289.300048828125,1289.300048828125,1289.300048828125,10,94.01000213623047,22734.5,29311591.960083008,35340718.54362552
24-05-2018,1303.699951171875,1303.699951171875,1303.699951171875,1303.699951171875,0,93.77999877929688,22739.0,29644833.189697266,35742504.448634274
25-05-2018,1303.300048828125,1303.300048828125,1303.300048828125,1303.300048828125,1,94.19000244140625,22743.0,29640953.010498047,35737826.15203526
29-05-2018,1298.699951171875,1298.699951171875,1298.699951171875,1298.699951171875,386334,94.83000183105469,22779.5,29583735.537719727,35668839.56802475
30-05-2018,1301.5,1298.0,1303.699951171875,1295.199951171875,50845,94.1500015258789,22802.5,29677453.75,35781834.760067515
31-05-2018,1300.0999755859375,1301.0,1306.800048828125,1296.5999755859375,4082,93.98999786376953,22820.0,29668281.442871094,35770775.79318916
01-06-2018,1294.800048828125,1298.5999755859375,1299.5,1288.9000244140625,663,94.19000244140625,22771.0,29483891.911865234,35548459.020816535
04-06-2018,1293.0999755859375,1293.9000244140625,1297.0999755859375,1290.0,144,94.0199966430664,22533.0,29137421.74987793,35130723.11294662
05-06-2018,1297.5,1292.0999755859375,1299.800048828125,1289.9000244140625,357,93.88999938964844,22532.0,29235270.0,35248697.853870265
06-06-2018,1297.0999755859375,1296.0999755859375,1300.4000244140625,1294.0999755859375,373,93.66000366210938,22794.5,29566745.393493652,35648354.70640662
07-06-2018,1298.699951171875,1298.4000244140625,1302.800048828125,1296.199951171875,79,93.4000015258789,22773.5,29575943.338012695,35659444.58405196
08-06-2018,1298.0999755859375,1295.300048828125,1299.4000244140625,1294.800048828125,650,93.55000305175781,22767.0,29553842.14416504,35632797.37661567
11-06-2018,1298.9000244140625,1299.300048828125,1302.0,1295.199951171875,71,93.58000183105469,22366.0,29051197.946044922,35026763.860676296
12-06-2018,1295.0999755859375,1297.800048828125,1298.0999755859375,1292.699951171875,153,93.80000305175781,22780.5,29503024.99383545,35571527.60288817
13-06-2018,1296.9000244140625,1294.0,1299.4000244140625,1290.9000244140625,135,93.70999908447266,22778.5,29541437.206115723,35617840.856180035
14-06-2018,1304.0,1297.199951171875,1307.699951171875,1297.199951171875,42,94.7699966430664,22777.5,29701860.0,35811261.15264046
15-06-2018,1274.5999755859375,1297.199951171875,1307.699951171875,1274.0,589,94.79000091552734,22778.0,29032838.243896484,35004627.73558775
18-06-2018,1276.199951171875,1280.699951171875,1280.699951171875,1276.199951171875,35,94.75,22781.0,29073111.087646484,35053184.33523811
19-06-2018,1275.5999755859375,1278.699951171875,1281.800048828125,1269.9000244140625,34,95.08999633789062,22801.0,29084955.04333496,35067464.48436817
20-06-2018,1271.199951171875,1274.4000244140625,1274.4000244140625,1271.199951171875,7,95.05999755859375,22818.5,29006876.08581543,34973325.39886114
21-06-2018,1267.199951171875,1262.699951171875,1268.9000244140625,1260.0,46,94.87000274658203,22832.5,28933342.885131836,34884667.090826906
22-06-2018,1267.4000244140625,1268.0999755859375,1270.199951171875,1267.0,74,94.5199966430664,22842.0,28949951.357666016,34904691.77437426
25-06-2018,1265.5999755859375,1270.5999755859375,1271.199951171875,1265.5999755859375,37,94.27999877929688,22840.0,28906303.442382812,34852065.88182157
26-06-2018,1256.5999755859375,1267.199951171875,1267.199951171875,1256.5999755859375,89,94.68000030517578,22865.0,28732158.44177246,34642100.84612064
27-06-2018,1252.800048828125,1255.5,1255.5,1252.300048828125,1162,95.29000091552734,22886.0,28671581.91748047,34569064.28439892
28-06-2018,1247.800048828125,1251.699951171875,1251.699951171875,1244.800048828125,378,95.38999938964844,22901.5,28576492.818237305,34454416.22647372
29-06-2018,1251.300048828125,1250.300048828125,1253.300048828125,1249.0999755859375,48,94.62999725341797,22906.0,28662278.91845703,34557847.743497744
02-07-2018,1239.800048828125,1249.9000244140625,1249.9000244140625,1239.800048828125,29,94.87000274658203,22923.5,28420556.419311523,34266405.135412976
03-07-2018,1251.5999755859375,1238.0999755859375,1254.0999755859375,1237.0,36,94.58999633789062,22919.5,28686045.640441895,34586503.06298757
05-07-2018,1257.300048828125,1255.5,1257.300048828125,1253.5999755859375,9,94.47000122070312,23004.0,28922930.323242188,34872112.76011838
06-07-2018,1254.300048828125,1255.5,1255.5,1254.300048828125,7,94.04000091552734,23006.5,28857054.073364258,34792686.36769262
09-07-2018,1258.0999755859375,1258.199951171875,1262.300048828125,1257.699951171875,37,94.08000183105469,22602.400390625,28436079.379628897,34285121.02680118
10-07-2018,1253.800048828125,1256.199951171875,1256.9000244140625,1249.300048828125,65,94.11000061035156,23005.0,28843670.123291016,34776549.46140706
11-07-2018,1242.800048828125,1253.199951171875,1253.199951171875,1242.800048828125,30,94.72000122070312,23004.5,28589993.7232666,34470694.144280925
12-07-2018,1245.0,1240.9000244140625,1246.699951171875,1240.9000244140625,7,94.80999755859375,23009.0,28646205.0,34538467.56691584
13-07-2018,1239.5999755859375,1244.699951171875,1247.0,1239.5999755859375,2,94.75,23013.0,28526914.23815918,34394639.785578944
16-07-2018,1238.0999755859375,1242.699951171875,1243.800048828125,1238.0999755859375,2,94.51000213623047,23010.0,28488680.438232422,34348541.64243118
17-07-2018,1225.699951171875,1225.699951171875,1225.699951171875,1225.699951171875,0,94.97000122070312,23012.400390625,28206298.0351367,34008075.75975006
18-07-2018,1226.300048828125,1226.699951171875,1226.699951171875,1222.199951171875,67,95.08000183105469,23006.80078125,28213240.92142582,34016446.734296866
19-07-2018,1222.4000244140625,1227.199951171875,1228.0,1211.699951171875,33,95.16999816894531,23016.19921875,28135002.486918926,33922115.36884365
20-07-2018,1229.5,1229.5,1229.5,1229.5,0,94.45999908447266,23017.0,28299401.5,34120329.756450444
23-07-2018,1224.0,1222.0,1224.0,1222.0,1,94.66999816894531,22555.69921875,27608175.84375,33286925.2999156
24-07-2018,1223.9000244140625,1223.9000244140625,1223.9000244140625,1223.9000244140625,0,94.61000061035156,23018.0,28171730.76196289,33966398.314399436
25-07-2018,1231.4000244140625,1231.4000244140625,1231.4000244140625,1231.4000244140625,0,94.36000061035156,23216.0,28588182.966796875,34468510.93175413
26-07-2018,1225.300048828125,1227.800048828125,1227.800048828125,1225.300048828125,1,94.75,23182.5,28405518.381958008,34248273.91121052
27-07-2018,1222.5999755859375,1222.5999755859375,1222.5999755859375,1222.5999755859375,254428,94.68000030517578,23145.0,28297076.434936523,34117526.446752496
30-07-2018,1221.300048828125,1222.5,1223.9000244140625,1218.0999755859375,62239,94.36000061035156,23197.5,28331107.88269043,34158557.85229133
31-07-2018,1223.699951171875,1220.4000244140625,1228.0999755859375,1213.0,2722,94.48999786376953,23222.5,28417372.116088867,34262565.8501192
01-08-2018,1217.9000244140625,1222.9000244140625,1223.699951171875,1214.4000244140625,1026,94.62000274658203,23248.0,28313739.767578125,34137617.27463
02-08-2018,1210.5999755859375,1214.699951171875,1219.300048828125,1205.800048828125,411,95.16999816894531,23256.5,28154318.332214355,33945404.3069862
03-08-2018,1214.199951171875,1206.5,1218.5999755859375,1205.0999755859375,784,95.13999938964844,23247.5,28227113.364868164,34033172.61257314
06-08-2018,1208.5999755859375,1214.4000244140625,1214.4000244140625,1206.5999755859375,297,95.36000061035156,23271.0,28125330.03186035,33910453.37817742
07-08-2018,1209.5999755859375,1207.800048828125,1214.800048828125,1207.800048828125,715,95.22000122070312,23272.5,28150415.43182373,33940698.615654364
08-08-2018,1212.5999755859375,1212.0,1215.199951171875,1205.9000244140625,209,95.0999984741211,23268.0,28214776.231933594,34018297.84414467
09-08-2018,1211.9000244140625,1214.5,1215.300048828125,1211.5999755859375,44,95.5,23249.0,28175463.66760254,33970899.04461362
10-08-2018,1211.0999755859375,1212.5,1216.4000244140625,1205.5999755859375,75,96.36000061035156,23242.5,28148991.182556152,33938981.41132885
13-08-2018,1191.300048828125,1207.0,1207.4000244140625,1191.300048828125,78,96.38999938964844,23242.0,27688195.73486328,33383404.551318157
14-08-2018,1193.0,1193.0999755859375,1197.5,1192.800048828125,92,96.7300033569336,23280.0,27773040.0,33485700.50639016
15-08-2018,1177.5,1187.800048828125,1188.0999755859375,1174.5999755859375,71,96.69999694824219,23280.0,27412200.0,33050639.016156256
16-08-2018,1176.199951171875,1173.199951171875,1180.199951171875,1161.4000244140625,123,96.6500015258789,23277.5,27378994.36340332,33010603.283582494
17-08-2018,1176.5,1174.699951171875,1181.199951171875,1174.699951171875,66,96.0999984741211,23278.0,27386567.0,33019733.54231975
20-08-2018,1186.800048828125,1184.800048828125,1190.0,1184.4000244140625,68,95.9000015258789,23259.0,27603782.33569336,33281628.08740458
21-08-2018,1192.5999755859375,1189.800048828125,1192.5999755859375,1189.800048828125,22,95.26000213623047,23238.0,27713638.232666016,33414080.33839645
22-08-2018,1196.300048828125,1194.699951171875,1196.300048828125,1194.699951171875,17,95.1500015258789,23234.0,27794835.334472656,33511978.9419733
23-08-2018,1187.0,1189.300048828125,1190.300048828125,1184.9000244140625,95,95.62000274658203,23240.0,27585880.0,33260043.40487099
24-08-2018,1206.300048828125,1185.300048828125,1208.0,1185.300048828125,12,95.1500015258789,23247.0,28042857.235107422,33811016.680862576
27-08-2018,1209.0,1210.300048828125,1211.4000244140625,1205.199951171875,154,94.77999877929688,22872.400390625,27652732.072265625,33340646.337431427
28-08-2018,1207.4000244140625,1209.699951171875,1217.0,1202.300048828125,136,94.72000122070312,23259.0,28082917.16784668,33859316.5756531
29-08-2018,1204.5,1205.199951171875,1205.199951171875,1202.4000244140625,817,94.5999984741211,23261.5,28018476.75,33781621.35278515
30-08-2018,1197.699951171875,1205.4000244140625,1205.5999755859375,1196.0,493,94.72000122070312,23266.0,27865687.063964844,33597404.22469839
31-08-2018,1200.300048828125,1207.0999755859375,1208.199951171875,1199.0999755859375,191,95.13999938964844,23268.0,27928581.536132812,33673235.51499013
04-09-2018,1192.699951171875,1193.800048828125,1193.800048828125,1189.9000244140625,26,95.41999816894531,23271.0,27755320.563720703,33464336.344008565
05-09-2018,1194.9000244140625,1192.5,1196.0,1192.5,21,95.12999725341797,23289.900390625,27829102.545358896,33553294.604966115
06-09-2018,1197.9000244140625,1202.0,1202.0,1197.9000244140625,7,95.0199966430664,23279.0,27885914.66833496,33621792.4624246
07-09-2018,1193.5999755859375,1198.300048828125,1198.300048828125,1193.0999755859375,29,95.37000274658203,23279.5,27786410.631652832,33501821.35477795
10-09-2018,1193.0,1193.0,1193.0,1193.0,11,95.1500015258789,23291.5,27786759.5,33502241.982155774
11-09-2018,1195.4000244140625,1190.4000244140625,1196.300048828125,1190.4000244140625,21,95.05999755859375,23267.5,27813970.0680542,33535049.515377622
12-09-2018,1204.699951171875,1205.0,1205.0,1204.699951171875,37,94.80000305175781,23249.19921875,28008309.16361332,33769362.38680169
13-09-2018,1202.0,1203.4000244140625,1203.4000244140625,1200.0,22,94.54000091552734,23245.400390625,27940971.26953125,33688173.70331716
14-09-2018,1195.0,1195.0,1195.0,1195.0,1,94.9800033569336,23242.0,27774190.0,33487087.050880153
17-09-2018,1199.699951171875,1199.699951171875,1199.699951171875,1199.699951171875,0,94.51000213623047,23213.5,27849234.81652832,33577567.90032351
18-09-2018,1196.800048828125,1198.699951171875,1198.699951171875,1196.800048828125,2,94.62000274658203,23256.5,27833380.33557129,33558452.29752988
19-09-2018,1202.199951171875,1202.199951171875,1202.199951171875,1202.199951171875,0,94.55000305175781,23246.5,27946941.164916992,33695371.55162405
20-09-2018,1206.199951171875,1206.199951171875,1206.199951171875,1206.199951171875,0,93.91000366210938,23272.5,28071288.36364746,33845295.83270733
21-09-2018,1196.199951171875,1196.199951171875,1196.199951171875,1196.199951171875,0,94.22000122070312,23287.5,27856506.36291504,33586335.13734632
24-09-2018,1199.300048828125,1199.300048828125,1199.300048828125,1199.300048828125,0,94.26000213623047,22978.900390625,27558596.360493183,33227147.770066533
25-09-2018,1200.0,1202.0999755859375,1202.800048828125,1200.0,21,94.12999725341797,23024.69921875,27629639.0625,33312803.306607183
26-09-2018,1194.0,1194.0,1194.0,1194.0,17857,94.19000244140625,23310.5,27832737.0,33557676.633711115
27-09-2018,1182.300048828125,1194.5999755859375,1197.300048828125,1180.5,4947,95.0,23313.5,27563552.188354492,33233122.966426924
28-09-2018,1191.5,1181.699951171875,1191.9000244140625,1180.0,404,95.19000244140625,23312.5,27776843.75,33490286.65300217
01-10-2018,1187.0999755859375,1191.5999755859375,1191.5999755859375,1185.800048828125,180,95.30000305175781,23292.5,27650526.18133545,33337986.71489685
02-10-2018,1202.4000244140625,1193.0,1206.0,1190.300048828125,451,95.51000213623047,23296.0,28011110.96875,33772740.4976489
03-10-2018,1198.300048828125,1202.5999755859375,1202.5999755859375,1196.5999755859375,76,95.76000213623047,23292.5,27911403.8873291,33652524.58081637
04-10-2018,1197.199951171875,1199.300048828125,1204.5999755859375,1197.199951171875,496,95.75,23307.5,27903737.861938477,33643281.724063754
05-10-2018,1201.199951171875,1197.0999755859375,1205.300048828125,1196.9000244140625,34,95.62000274658203,23311.5,28001772.661743164,33761481.38623483
08-10-2018,1184.4000244140625,1201.0,1201.0,1183.699951171875,250,95.7699966430664,22910.400390625,27135078.781992197,32716516.49625295
09-10-2018,1187.199951171875,1185.5999755859375,1189.0999755859375,1185.5999755859375,9,95.68000030517578,23317.5,27682534.861450195,33376579.287979495
10-10-2018,1189.300048828125,1189.300048828125,1192.0,1189.300048828125,1078,95.51000213623047,23321.5,27736261.088745117,33441356.509217646
11-10-2018,1223.5,1198.0999755859375,1224.5999755859375,1196.300048828125,126,95.0199966430664,23316.0,28527126.0,34394895.10489511
12-10-2018,1218.0999755859375,1221.5999755859375,1221.5999755859375,1216.0,122,95.22000122070312,23311.0,28395128.53088379,34235746.9627246
15-10-2018,1226.4000244140625,1222.4000244140625,1232.300048828125,1222.4000244140625,136,95.06999969482422,23310.5,28587997.769104004,34468287.64058838
16-10-2018,1227.300048828125,1227.0999755859375,1230.5,1227.0999755859375,426,95.05000305175781,23297.5,28593022.887573242,34474346.3800015
17-10-2018,1223.699951171875,1225.9000244140625,1225.9000244140625,1223.699951171875,1,95.58000183105469,23304.0,28517103.662109375,34382811.263695896
18-10-2018,1226.5,1226.5,1226.5,1226.5,165,95.9000015258789,23310.0,28589715.0,34470358.09018567
19-10-2018,1225.300048828125,1225.300048828125,1225.300048828125,1225.300048828125,55,95.70999908447266,23312.5,28564807.388305664,34440327.21039988
22-10-2018,1221.199951171875,1224.5,1224.5,1219.5999755859375,18,96.01000213623047,23311.80078125,28468369.975790977,34324053.50348563
23-10-2018,1233.4000244140625,1224.800048828125,1237.800048828125,1224.800048828125,33,95.95999908447266,23313.5,28754871.469177246,34669485.735685125
24-10-2018,1227.800048828125,1231.5999755859375,1231.5999755859375,1227.800048828125,36,96.43000030517578,23313.5,28624316.438354492,34512076.72818241
25-10-2018,1229.0999755859375,1238.5999755859375,1238.5999755859375,1229.0999755859375,7,96.68000030517578,23321.599609375,28664577.510507822,34560619.13492624
26-10-2018,1232.5,1234.300048828125,1234.800048828125,1232.5,20,96.36000061035156,23320.0,28741900.0,34653846.15384615
29-10-2018,1224.5,1224.5,1224.5,1224.5,214,96.58000183105469,22898.599609375,28039335.221679688,33806770.221460916
30-10-2018,1222.5999755859375,1227.699951171875,1227.699951171875,1219.800048828125,72,97.01000213623047,23310.5,28499416.730895996,34361486.29237521
31-10-2018,1212.300048828125,1216.0,1216.5999755859375,1212.0,121,97.12999725341797,23310.0,28258714.138183594,34071273.376155764
01-11-2018,1236.0,1215.4000244140625,1236.0,1215.4000244140625,14,96.27999877929688,23311.099609375,28812519.1171875,34738990.97804135
02-11-2018,1230.9000244140625,1233.300048828125,1233.300048828125,1230.9000244140625,18,96.54000091552734,23308.400390625,28690310.609873056,34591645.29765259
05-11-2018,1229.800048828125,1230.5999755859375,1231.5,1226.699951171875,15,96.3499984741211,23307.0,28662949.73803711,34558656.544534735
06-11-2018,1223.800048828125,1230.699951171875,1233.800048828125,1223.800048828125,4,96.31999969482422,23300.0,28514541.137695312,34379721.65142912
07-11-2018,1226.199951171875,1228.5999755859375,1228.5999755859375,1226.199951171875,1,96.0,23291.0,28559423.06274414,34433835.37827844
08-11-2018,1222.9000244140625,1222.9000244140625,1222.9000244140625,1222.9000244140625,2,96.63999938964844,23295.0,28487456.068725586,34347065.43130647
09-11-2018,1206.4000244140625,1207.9000244140625,1207.9000244140625,1206.4000244140625,14,96.91000366210938,23289.19921875,28096090.506083965,33875199.549172856
12-11-2018,1201.300048828125,1201.5999755859375,1201.5999755859375,1201.300048828125,1,97.54000091552734,23260.0,27942239.135742188,33689702.35802048
13-11-2018,1199.199951171875,1196.300048828125,1201.300048828125,1196.300048828125,5,97.30000305175781,23267.5,27902384.8638916,33641650.426683865
14-11-2018,1207.9000244140625,1207.9000244140625,1207.9000244140625,1207.9000244140625,0,96.80000305175781,23280.0,28119912.568359375,33903921.59194523
15-11-2018,1212.800048828125,1212.800048828125,1212.800048828125,1212.800048828125,0,96.93000030517578,23278.599609375,28232286.74290037,34039410.10718636
16-11-2018,1220.800048828125,1216.699951171875,1223.800048828125,1216.699951171875,5,96.47000122070312,23274.0,28412900.33642578,34257174.26624762
19-11-2018,1223.0999755859375,1223.0999755859375,1223.0999755859375,1223.0999755859375,0,96.19000244140625,22771.30078125,27851577.429606915,33580392.36750291
20-11-2018,1219.0,1225.300048828125,1228.800048828125,1219.0,12,96.80999755859375,23276.5,28374053.5,34210336.99059561
21-11-2018,1225.800048828125,1225.800048828125,1225.800048828125,1225.800048828125,0,96.70999908447266,23302.0,28563592.73779297,34438862.71737758
23-11-2018,1221.0,1224.800048828125,1224.800048828125,1221.0,1,96.91999816894531,23318.0,28471278.0,34327559.681697614
26-11-2018,1220.199951171875,1220.199951171875,1222.0,1220.199951171875,2,97.06999969482422,23021.400390625,28090711.63254881,33868714.290509775
27-11-2018,1211.199951171875,1221.9000244140625,1222.0,1211.199951171875,5,97.37000274658203,23306.0,28228226.06201172,34034514.18135003
28-11-2018,1221.4000244140625,1211.5,1221.4000244140625,1211.5,247168,96.79000091552734,23312.5,28473888.069152832,34330706.6182214
29-11-2018,1224.0999755859375,1221.0,1228.699951171875,1220.5,55478,96.77999877929688,23301.0,28522753.53112793,34389623.25913664
30-11-2018,1220.199951171875,1224.0999755859375,1225.0,1216.0999755859375,2060,97.2699966430664,23292.5,28421507.3626709,34267551.67913058
03-12-2018,1233.9000244140625,1222.5,1234.0999755859375,1221.300048828125,751,97.04000091552734,23074.900390625,28472120.155344248,34328575.0606996
04-12-2018,1241.0999755859375,1231.0,1241.4000244140625,1230.4000244140625,474,96.97000122070312,23267.5,28877293.6819458,34817089.078786835
06-12-2018,1238.0999755859375,1237.5,1244.4000244140625,1234.800048828125,434,96.80999755859375,23270.0,28810586.431884766,34736660.75703492
07-12-2018,1246.800048828125,1238.300048828125,1249.800048828125,1237.5999755859375,211,96.51000213623047,23297.5,29047324.137573242,35022093.24520526
10-12-2018,1243.699951171875,1249.5999755859375,1249.5999755859375,1241.699951171875,131,97.22000122070312,23277.5,28950225.61340332,34905022.44201027
11-12-2018,1241.9000244140625,1245.800048828125,1248.699951171875,1241.5,117,97.38999938964844,23271.0,28900255.46813965,34844773.894549854
12-12-2018,1244.4000244140625,1245.300048828125,1245.5999755859375,1244.0999755859375,84,97.04000091552734,23270.0,28957188.568115234,34913417.61287103
13-12-2018,1242.699951171875,1243.5,1243.5,1241.0,194,97.05999755859375,23268.099609375,28915266.248432636,34862872.255163535
14-12-2018,1237.0,1241.699951171875,1241.699951171875,1234.0999755859375,33,97.44000244140625,23255.0,28766435.0,34683427.779117435
17-12-2018,1247.4000244140625,1239.300048828125,1247.4000244140625,1239.300048828125,10,97.0999984741211,23253.0,29005792.767700195,34972019.25211019
18-12-2018,1249.199951171875,1248.199951171875,1249.199951171875,1245.5999755859375,31,97.13999938964844,23284.0,29086371.663085938,35069172.48985524
19-12-2018,1252.0999755859375,1255.800048828125,1255.800048828125,1252.0999755859375,268,97.04000091552734,23285.5,29155773.981506348,35152850.23089745
20-12-2018,1263.5999755859375,1243.199951171875,1263.5999755859375,1243.199951171875,49,96.27999877929688,23278.5,29414712.031677246,35465049.47151826
21-12-2018,1253.800048828125,1260.300048828125,1261.300048828125,1253.800048828125,96,96.95999908447266,23267.5,29172792.6361084,35173369.46721534
24-12-2018,1267.5,1260.300048828125,1268.5,1260.300048828125,27,96.55000305175781,23248.5,29467473.75,35528663.79310345
26-12-2018,1269.199951171875,1269.300048828125,1277.4000244140625,1269.199951171875,63,97.05000305175781,23243.5,29500649.065063477,35568662.967281744
27-12-2018,1277.300048828125,1276.699951171875,1277.300048828125,1276.699951171875,480,96.4800033569336,23243.0,29688285.03491211,35794893.94129746
28-12-2018,1279.9000244140625,1273.5,1280.0999755859375,1273.5,805,96.38999938964844,23187.5,29677681.816101074,35782109.737281255
31-12-2018,1278.300048828125,1278.0,1281.300048828125,1277.5999755859375,19,96.16999816894531,23194.0,29648891.33251953,35747397.314347155
02-01-2019,1281.0,1286.0,1286.0,1277.5999755859375,149,96.81999969482422,23194.0,29711514.0,35822900.892211236
03-01-2019,1291.800048828125,1286.800048828125,1292.0,1286.699951171875,10,96.30999755859375,23194.0,29962010.33251953,36124922.0310098
04-01-2019,1282.699951171875,1294.199951171875,1294.199951171875,1275.300048828125,34,96.19000244140625,23194.0,29750942.66748047,35870439.67624845
07-01-2019,1286.800048828125,1286.800048828125,1286.800048828125,1286.5999755859375,2,95.70999908447266,23194.0,29846040.33251953,35985098.06187549
08-01-2019,1283.199951171875,1280.5,1283.199951171875,1278.199951171875,54,95.9000015258789,23194.0,29762539.66748047,35884422.073161885
09-01-2019,1289.300048828125,1279.4000244140625,1289.300048828125,1279.199951171875,102,95.22000122070312,23194.0,29904025.33251953,36055010.04644264
10-01-2019,1284.699951171875,1284.699951171875,1284.699951171875,1284.699951171875,0,95.54000091552734,23194.0,29797330.66748047,35926369.26390218
11-01-2019,1287.0999755859375,1291.199951171875,1291.199951171875,1286.300048828125,11,95.66999816894531,23194.0,29852996.833740234,35993485.45182087
14-01-2019,1289.0999755859375,1292.4000244140625,1293.9000244140625,1289.0999755859375,7,95.58999633789062,23194.0,29899384.833740234,36049415.0394746
15-01-2019,1286.199951171875,1290.0999755859375,1292.699951171875,1286.199951171875,3,95.97000122070312,23194.0,29832121.66748047,35968316.454642475
16-01-2019,1291.5999755859375,1291.5999755859375,1291.5999755859375,1291.5999755859375,2,96.05999755859375,23194.0,29957369.833740234,36119327.02404176
17-01-2019,1291.0,1291.5999755859375,1292.699951171875,1288.5,10,96.06999969482422,23194.0,29943454.0,36102548.83047986
18-01-2019,1281.300048828125,1281.300048828125,1281.300048828125,1281.300048828125,3,96.33999633789062,23194.0,29718473.33251953,35831291.695827745
22-01-2019,1282.5,1282.5,1283.300048828125,1282.5,7,96.30000305175781,23194.0,29746305.0,35864848.08295153
23-01-2019,1283.0999755859375,1281.699951171875,1283.9000244140625,1278.699951171875,14,96.12000274658203,23194.0,29760220.833740234,35881626.27651342
24-01-2019,1279.0999755859375,1279.0999755859375,1279.0999755859375,1278.5,1,96.5999984741211,23194.0,29667444.833740234,35769767.101205975
25-01-2019,1297.4000244140625,1297.4000244140625,1297.4000244140625,1297.4000244140625,0,95.79000091552734,23194.0,30091896.166259766,36281524.19370601
28-01-2019,1302.4000244140625,1300.800048828125,1307.0999755859375,1298.4000244140625,54,95.75,22733.19921875,29607719.217509747,35697756.471557446
29-01-2019,1308.199951171875,1308.199951171875,1308.199951171875,1308.199951171875,213607,95.81999969482422,23194.0,30342389.66748047,36583541.91883346
30-01-2019,1309.9000244140625,1310.4000244140625,1323.4000244140625,1308.0999755859375,54958,95.33999633789062,23194.0,30381821.166259766,36631084.116541795
31-01-2019,1319.699951171875,1320.0,1325.4000244140625,1316.699951171875,1970,95.58000183105469,23194.0,30609120.66748047,36905137.047842376
01-02-2019,1316.9000244140625,1320.300048828125,1320.699951171875,1315.4000244140625,878,95.58000183105469,23203.0,30556031.266479492,36841127.6422468
04-02-2019,1314.300048828125,1318.0999755859375,1318.0999755859375,1308.300048828125,675,95.8499984741211,23203.0,30495704.032958984,36768391.648129955
05-02-2019,1314.199951171875,1311.0999755859375,1315.0999755859375,1311.0,362,96.0999984741211,23203.0,30493381.467041016,36765591.35162891
06-02-2019,1309.5,1312.5,1313.5,1305.0,358,96.41999816894531,23203.0,30384328.5,36634107.18591753
07-02-2019,1309.4000244140625,1302.9000244140625,1310.4000244140625,1302.199951171875,203,96.51000213623047,23203.0,30382008.766479492,36631310.304412216
08-02-2019,1313.699951171875,1309.5,1314.0,1307.800048828125,122,96.63999938964844,23203.0,30481779.967041016,36751603.5291066
11-02-2019,1307.0,1313.4000244140625,1313.4000244140625,1304.699951171875,119,97.05999755859375,22862.69921875,29881547.87890625,36027909.18604563
12-02-2019,1309.199951171875,1310.0,1312.0,1307.5999755859375,109,96.70999908447266,23203.0,30377366.467041016,36625713.12640585
13-02-2019,1310.800048828125,1311.5999755859375,1316.0,1308.0999755859375,143,97.12999725341797,23203.0,30414493.532958984,36670476.89047381
14-02-2019,1309.800048828125,1305.0,1311.800048828125,1301.5999755859375,858,96.9800033569336,23203.0,30391290.532958984,36642501.2454292
15-02-2019,1318.0999755859375,1313.5999755859375,1318.800048828125,1313.5999755859375,190,96.91999816894531,23203.0,30583873.733520508,36874697.050302036
19-02-2019,1340.0999755859375,1320.9000244140625,1340.0999755859375,1320.5,390,96.5199966430664,23203.0,31094339.733520508,37490161.24128347
20-02-2019,1343.300048828125,1342.199951171875,1344.0,1338.0,581,96.44999694824219,23203.0,31168591.032958984,37579685.35442366
21-02-2019,1323.5,1331.300048828125,1334.9000244140625,1320.9000244140625,414,96.61000061035156,23203.0,30709170.5,37025766.21654208
22-02-2019,1329.199951171875,1324.199951171875,1331.300048828125,1321.0,718,96.51000213623047,23203.0,30841426.467041016,37185226.02729806
25-02-2019,1325.9000244140625,1329.199951171875,1331.5999755859375,1325.5999755859375,185,96.41000366210938,22851.5,30298804.40789795,36530991.56968646
26-02-2019,1325.0999755859375,1323.300048828125,1325.5,1323.300048828125,939,96.0,23203.0,30746294.733520508,37070526.565614305
27-02-2019,1317.699951171875,1327.699951171875,1327.9000244140625,1316.5,604,96.1500015258789,23203.0,30574591.967041016,36863506.10928504
28-02-2019,1312.800048828125,1321.0999755859375,1323.699951171875,1311.5,141,96.16000366210938,23198.0,30454335.532714844,36718514.02545797
01-03-2019,1296.4000244140625,1312.199951171875,1312.199951171875,1288.9000244140625,110,96.52999877929688,23198.0,30073887.766357422,36259811.630524985
04-03-2019,1284.800048828125,1285.5,1287.0,1281.9000244140625,28,96.68000030517578,23198.0,29804791.532714844,35935364.7609294
05-03-2019,1282.0,1287.0,1287.0,1282.0,114,96.8499984741211,23198.0,29739836.0,35857048.468772605
06-03-2019,1284.9000244140625,1287.0999755859375,1287.0999755859375,1282.5999755859375,14,96.87000274658203,23198.0,29807110.766357422,35938161.039736465
07-03-2019,1283.800048828125,1281.0,1284.5999755859375,1281.0,11,97.66999816894531,23198.0,29781593.532714844,35907395.14433909
08-03-2019,1297.0,1292.0999755859375,1297.4000244140625,1291.5999755859375,10,97.37000274658203,23198.0,30087806.0,36276592.7176272
11-03-2019,1288.800048828125,1291.0,1291.0,1288.800048828125,9,97.22000122070312,22793.69921875,29376520.666098595,35419002.491076194
12-03-2019,1296.300048828125,1294.699951171875,1296.300048828125,1294.699951171875,1,96.94000244140625,23198.0,30071568.532714844,36257015.35171792
13-03-2019,1307.5,1307.5,1307.5,1307.5,0,96.55000305175781,23198.0,30331385.0,36570273.69182541
14-03-2019,1293.4000244140625,1293.4000244140625,1293.4000244140625,1293.4000244140625,1,96.79000091552734,23198.0,30004293.766357422,36175902.78075407
15-03-2019,1301.800048828125,1300.9000244140625,1304.699951171875,1300.5,26,96.5999984741211,23198.0,30199157.532714844,36410848.2429646
18-03-2019,1300.300048828125,1297.300048828125,1302.199951171875,1297.300048828125,8,96.5199966430664,23198.0,30164360.532714844,36368893.818079144
19-03-2019,1305.0,1306.9000244140625,1306.9000244140625,1304.800048828125,20,96.37999725341797,23198.0,30273390.0,36500349.65034965
20-03-2019,1300.5,1300.699951171875,1300.699951171875,1300.5,2,95.76000213623047,23198.0,30168999.0,36374486.37569327
21-03-2019,1306.0999755859375,1306.0999755859375,1306.0999755859375,1306.0999755859375,0,96.5,23198.0,30298907.233642578,36531115.54574702
22-03-2019,1311.5999755859375,1311.5999755859375,1311.5999755859375,1311.5999755859375,0,96.6500015258789,23198.0,30426496.233642578,36684948.4369937
25-03-2019,1321.9000244140625,1320.699951171875,1322.9000244140625,1320.699951171875,19,96.56999969482422,22803.80078125,30144344.809467793,36344761.04348661
26-03-2019,1314.300048828125,1315.5999755859375,1315.5999755859375,1314.300048828125,1,96.73999786376953,23198.0,30489132.532714844,36760468.45034343
27-03-2019,1309.9000244140625,1309.9000244140625,1309.9000244140625,1309.9000244140625,206263,96.7699966430664,23198.0,30387060.766357422,36637401.45449412
28-03-2019,1289.800048828125,1308.4000244140625,1311.0999755859375,1287.699951171875,87798,97.19999694824219,23198.0,29920781.532714844,36075212.84388093
29-03-2019,1293.0,1289.5999755859375,1298.5,1286.0999755859375,1265,97.27999877929688,23198.0,29995014.0,36164714.25126597
01-04-2019,1288.4000244140625,1291.800048828125,1295.9000244140625,1285.699951171875,675,97.25,23198.0,29888303.766357422,36036054.697802536
02-04-2019,1290.0,1286.300048828125,1290.9000244140625,1284.5,525,97.36000061035156,23198.0,29925420.0,36080805.401495054
03-04-2019,1289.9000244140625,1291.4000244140625,1293.0999755859375,1287.5,172,97.08999633789062,23198.0,29923100.766357422,36078009.122687995
04-04-2019,1289.0,1290.5999755859375,1292.5999755859375,1279.5,269,97.30999755859375,23198.0,29902222.0,36052835.78490475
05-04-2019,1290.4000244140625,1292.0,1292.0,1283.5999755859375,181,97.4000015258789,23198.0,29934699.766357422,36091993.93098315
08-04-2019,1297.0999755859375,1292.199951171875,1302.0999755859375,1291.800048828125,63,97.05000305175781,23198.0,30090125.233642578,36279388.996434264
09-04-2019,1303.5,1298.5,1304.9000244140625,1298.5,30,97.01000213623047,23198.0,30238593.0,36458395.22546419
10-04-2019,1309.0999755859375,1304.0,1309.0999755859375,1301.5,66,96.94999694824219,23198.0,30368501.233642578,36615024.39551794
11-04-2019,1288.5999755859375,1307.0,1307.0999755859375,1288.5999755859375,420,97.18000030517578,23198.0,29892942.233642578,36041647.25541666
12-04-2019,1290.5999755859375,1293.4000244140625,1293.4000244140625,1289.199951171875,607,96.97000122070312,23198.0,29939338.233642578,36097586.488597274
15-04-2019,1286.800048828125,1284.800048828125,1287.300048828125,1282.300048828125,523,96.94000244140625,22833.19921875,29381761.869589806,35425321.76222547
16-04-2019,1272.5999755859375,1285.199951171875,1285.199951171875,1272.199951171875,643,97.04000091552734,23164.5,29479142.13446045,35542732.25760845
17-04-2019,1272.199951171875,1273.5,1273.5,1271.5999755859375,308,97.01000213623047,23167.5,29473692.368774414,35536161.52492695
18-04-2019,1271.9000244140625,1270.800048828125,1273.5999755859375,1270.0999755859375,27,97.47000122070312,23163.5,29461656.215515137,35521649.64494229
22-04-2019,1273.5,1273.5,1273.5,1273.5,147,97.27999877929688,23177.5,29516546.25,35587830.05787316
23-04-2019,1269.300048828125,1266.4000244140625,1269.800048828125,1266.0,206,97.56999969482422,22868.400390625,29026861.732441425,34997421.910346545
24-04-2019,1275.5,1268.4000244140625,1275.5,1267.800048828125,518,98.0999984741211,23182.5,29569278.75,35651409.15119363
25-04-2019,1275.800048828125,1280.5999755859375,1280.800048828125,1275.800048828125,95,98.19999694824219,23182.80078125,29576618.368691444,35660258.46237213
26-04-2019,1284.9000244140625,1284.9000244140625,1284.9000244140625,1284.9000244140625,804,98.01000213623047,23185.0,29790407.06604004,35918021.5409212
29-04-2019,1278.5999755859375,1284.800048828125,1284.9000244140625,1277.0999755859375,568,97.86000061035156,22876.30078125,29249637.620402813,35266020.76248229
30-04-2019,1282.800048828125,1281.699951171875,1283.300048828125,1280.800048828125,114,97.4800033569336,23254.900390625,29831387.356586933,35967431.10270911
01-05-2019,1281.4000244140625,1278.699951171875,1283.300048828125,1278.699951171875,70,97.69000244140625,23255.0,29798957.567749023,35928330.80268751
02-05-2019,1269.699951171875,1269.199951171875,1270.800048828125,1266.5999755859375,63,97.83000183105469,23243.80078125,29512652.717001915,35583135.6607209
03-05-2019,1279.199951171875,1270.0999755859375,1279.199951171875,1270.0999755859375,15,97.5199966430664,23235.0,29722210.865478516,35835798.005158566
06-05-2019,1281.699951171875,1282.199951171875,1282.199951171875,1280.300048828125,12,97.5199966430664,23217.5,29757868.616333008,35878790.22948277
07-05-2019,1283.5,1280.5,1283.5,1280.5,8,97.62999725341797,23246.5,29836882.75,35974056.84832409
08-05-2019,1279.4000244140625,1279.4000244140625,1279.4000244140625,1279.4000244140625,5,97.62000274658203,23260.0,29758844.567871094,35879966.92533288
09-05-2019,1283.5,1278.9000244140625,1285.0,1278.800048828125,38,97.37000274658203,23332.5,29947263.75,36107142.211237036
10-05-2019,1285.699951171875,1285.4000244140625,1286.5,1283.300048828125,6,97.33000183105469,23365.0,30040379.35913086,36219410.85016983
13-05-2019,1300.0999755859375,1286.699951171875,1300.0999755859375,1281.800048828125,56,97.31999969482422,23312.5,30308580.680847168,36542778.732634634
14-05-2019,1294.699951171875,1297.800048828125,1297.800048828125,1294.699951171875,6,97.52999877929688,23294.0,30158740.662597656,36362117.99203961
15-05-2019,1296.300048828125,1296.9000244140625,1296.9000244140625,1296.0,55,97.56999969482422,23345.0,30262124.639892578,36486767.108623795
16-05-2019,1285.0,1285.199951171875,1285.4000244140625,1285.0,3,97.83999633789062,23290.0,29927650.0,36083494.092114784
17-05-2019,1274.5,1280.0,1280.0,1274.5,1,98.0,23272.69921875,29661055.154296875,35762063.12309727
20-05-2019,1276.0999755859375,1276.0999755859375,1276.0999755859375,1276.0999755859375,20,97.93000030517578,23357.5,29806505.179748535,35937430.88949666
21-05-2019,1272.0,1272.0,1272.0,1272.0,0,98.05999755859375,23372.5,29729820.0,35844972.269110195
22-05-2019,1273.5999755859375,1273.5999755859375,1273.5999755859375,1273.5999755859375,0,98.11000061035156,23372.5,29767215.429382324,35890059.596554525
23-05-2019,1284.800048828125,1284.800048828125,1284.800048828125,1284.800048828125,0,97.8499984741211,23048.599609375,29612841.903544903,35703932.84729311
24-05-2019,1283.0,1283.0,1283.0,1283.0,9,97.61000061035156,23354.0,29963182.0,36126334.699782975
28-05-2019,1276.5,1276.5,1276.5,1276.5,0,97.95999908447266,23355.0,29812657.5,35944848.68579696
29-05-2019,1280.5999755859375,1280.5999755859375,1280.5999755859375,1280.5999755859375,189694,98.13999938964844,23087.19921875,29565466.755878925,35646813.06472019
30-05-2019,1287.0999755859375,1279.4000244140625,1288.300048828125,1273.9000244140625,55573,98.13999938964844,23367.5,30076308.679504395,36262730.50338123
31-05-2019,1305.800048828125,1287.699951171875,1306.4000244140625,1287.5,2814,97.75,23382.69921875,30533129.78157711,36813515.53119979
03-06-2019,1322.699951171875,1307.0,1327.800048828125,1307.0,812,97.13999938964844,22945.900390625,30350541.326274395,36593370.29934217
04-06-2019,1323.4000244140625,1324.300048828125,1328.5999755859375,1320.800048828125,302,97.06999969482422,23359.5,30913962.870300293,37272682.50578767
05-06-2019,1328.300048828125,1328.9000244140625,1343.300048828125,1326.300048828125,622,97.37000274658203,23362.5,31032409.89074707,37415492.99583683
06-06-2019,1337.5999755859375,1330.800048828125,1338.699951171875,1326.199951171875,161,97.02999877929688,23375.0,31266399.42932129,37697612.044033386
07-06-2019,1341.199951171875,1333.0999755859375,1347.699951171875,1329.800048828125,240,96.61000061035156,23368.0,31341160.458984375,37787750.734246895
10-06-2019,1324.699951171875,1335.800048828125,1336.5,1324.0999755859375,268,96.76000213623047,23362.0,30947640.259277344,37313287.02589504
11-06-2019,1326.4000244140625,1328.4000244140625,1328.4000244140625,1319.0999755859375,201,96.69000244140625,23330.0,30944912.569580078,37309998.27535577
12-06-2019,1331.9000244140625,1326.9000244140625,1334.5,1326.9000244140625,139,97.0,23330.0,31073227.569580078,37464706.49816744
13-06-2019,1339.199951171875,1331.5999755859375,1341.0999755859375,1331.5999755859375,157,97.01000213623047,23285.5,31183940.463012695,37598192.02195888
14-06-2019,1340.0999755859375,1345.4000244140625,1355.4000244140625,1339.300048828125,914,97.56999969482422,23285.0,31204227.931518555,37622652.437326446
17-06-2019,1338.699951171875,1339.0,1340.300048828125,1335.0,76,97.55999755859375,23034.5,30836284.025268555,37179025.83225048
18-06-2019,1346.5999755859375,1349.300048828125,1349.300048828125,1341.5999755859375,29,97.63999938964844,23315.0,31395978.430786133,37853844.261859335
19-06-2019,1344.5999755859375,1344.0,1344.5999755859375,1344.0,129,97.12000274658203,23301.0,31330524.03112793,37774926.49038815
20-06-2019,1392.9000244140625,1381.5,1392.9000244140625,1379.5,76,96.62999725341797,23300.0,32454570.568847656,39130179.128101826
21-06-2019,1396.199951171875,1406.0,1406.0,1390.300048828125,35,96.22000122070312,23265.0,32482591.864013672,39163964.147593044
24-06-2019,1414.300048828125,1406.0,1420.5999755859375,1402.0999755859375,125,95.9800033569336,22876.5,32354235.0670166,39009205.53052399
25-06-2019,1414.9000244140625,1418.0999755859375,1433.300048828125,1414.9000244140625,105,96.16000366210938,23262.5,32914111.81793213,39684243.81231267
26-06-2019,1411.5999755859375,1407.199951171875,1413.300048828125,1405.800048828125,1333,96.20999908447266,23272.599609375,32851601.04041505,39608875.13915487
27-06-2019,1408.4000244140625,1407.0,1410.800048828125,1399.800048828125,437,96.19000244140625,23270.0,32773468.568115234,39514671.531366326
28-06-2019,1409.699951171875,1408.300048828125,1422.0,1408.300048828125,356,96.12999725341797,23280.0,32817814.86328125,39568139.45416114
01-07-2019,1385.5999755859375,1386.5999755859375,1395.800048828125,1382.800048828125,214,96.83999633789062,23275.0,32249839.431762695,38883336.667184345
02-07-2019,1404.5999755859375,1391.0999755859375,1418.4000244140625,1390.800048828125,38,96.7300033569336,22997.599609375,32302427.84986329,38946742.04227549
03-07-2019,1417.699951171875,1431.0,1434.0,1413.0999755859375,46,96.7699966430664,22901.30078125,32467172.999350548,39145373.76338383
05-07-2019,1396.699951171875,1418.300048828125,1418.300048828125,1390.199951171875,20,97.25,23215.0,32424389.366455078,39093789.92820723
08-07-2019,1397.0,1395.9000244140625,1397.0,1393.5999755859375,14,97.37999725341797,23202.5,32413892.5,39081133.95225464
09-07-2019,1397.5,1394.5,1397.5,1386.199951171875,53,97.48999786376953,23202.5,32425493.75,39095121.47335423
10-07-2019,1410.0999755859375,1409.9000244140625,1410.0999755859375,1409.9000244140625,50,97.0999984741211,23202.5,32717844.683532715,39447606.32207947
11-07-2019,1404.300048828125,1424.0,1424.0,1404.300048828125,6,97.05000305175781,23202.5,32583271.88293457,39285353.126277514
12-07-2019,1409.9000244140625,1405.5999755859375,1410.0999755859375,1405.5999755859375,8,96.80999755859375,23202.5,32713205.316467285,39442012.679608494
15-07-2019,1411.4000244140625,1414.4000244140625,1415.0,1411.4000244140625,25,96.93000030517578,23202.5,32748009.066467285,39483975.24290726
16-07-2019,1409.199951171875,1413.5999755859375,1413.699951171875,1405.0,13,97.4000015258789,23166.5,32646230.668823242,39361261.95903453
17-07-2019,1421.300048828125,1404.5999755859375,1421.300048828125,1404.5999755859375,6,97.22000122070312,23166.0,32925836.931152344,39698380.67416487
18-07-2019,1426.0999755859375,1422.300048828125,1444.199951171875,1419.5,66,96.79000091552734,23167.5,33039171.184387207,39835026.74751291
19-07-2019,1425.0999755859375,1440.5,1442.0,1425.0999755859375,22,97.1500015258789,23179.80078125,33033533.52744627,39828229.476062536
22-07-2019,1425.300048828125,1425.300048828125,1425.300048828125,1424.0,1,97.26000213623047,22901.099609375,32640938.391459942,39354881.10858445
23-07-2019,1420.0999755859375,1418.5999755859375,1421.300048828125,1416.300048828125,5,97.70999908447266,23192.5,32935668.683776855,39710234.728450514
24-07-2019,1422.800048828125,1422.800048828125,1422.800048828125,1422.800048828125,20,97.7300033569336,23175.0,32973391.131591797,39755716.33903038
25-07-2019,1413.9000244140625,1413.9000244140625,1413.9000244140625,1413.9000244140625,4,97.81999969482422,23175.0,32767133.0657959,39507032.87412093
26-07-2019,1418.5,1422.800048828125,1423.0,1418.5,5,98.01000213623047,23175.099609375,32873878.795898438,39635735.22534174
29-07-2019,1419.5999755859375,1419.5999755859375,1419.5999755859375,1419.5999755859375,224267,98.04000091552734,23176.5,32901358.83416748,39668867.65633889
30-07-2019,1429.699951171875,1426.300048828125,1433.9000244140625,1422.0999755859375,73874,98.05000305175781,23207.0,33179046.766845703,40003673.45894104
31-07-2019,1426.0999755859375,1431.300048828125,1435.800048828125,1411.199951171875,3294,98.5199966430664,23207.0,33095502.13342285,39902944.45794894
01-08-2019,1420.9000244140625,1411.300048828125,1445.199951171875,1400.9000244140625,2431,98.38999938964844,23207.0,32974826.86657715,39757447.391580835
02-08-2019,1445.5999755859375,1448.0,1448.0,1432.300048828125,1873,98.0999984741211,23207.0,33548038.63342285,40448563.58020599
05-08-2019,1464.5999755859375,1440.4000244140625,1469.699951171875,1440.4000244140625,1008,97.5,23207.0,33988971.63342285,40980192.46855902
06-08-2019,1472.4000244140625,1469.699951171875,1475.0,1457.699951171875,460,97.62999725341797,23207.0,34169987.36657715,41198441.48369562
07-08-2019,1507.300048828125,1473.5,1509.9000244140625,1473.199951171875,824,97.54000091552734,23207.0,34979912.2331543,42174960.493313596
08-08-2019,1497.699951171875,1498.4000244140625,1508.5,1492.0,367,97.62000274658203,23207.0,34757122.7668457,41906345.269888714
09-08-2019,1496.5999755859375,1506.199951171875,1507.5,1495.5999755859375,74,97.48999786376953,23207.0,34731595.63342285,41875567.43841675
12-08-2019,1505.300048828125,1496.0,1514.9000244140625,1488.0999755859375,257,97.37999725341797,23207.0,34933498.2331543,42118999.55769749
13-08-2019,1502.199951171875,1510.4000244140625,1531.4000244140625,1483.699951171875,672,97.80999755859375,23207.0,34861554.2668457,42032257.37502496
14-08-2019,1515.9000244140625,1500.0,1520.5,1497.0,328,97.98999786376953,23207.0,35179491.86657715,42415591.83334597
15-08-2019,1519.5999755859375,1519.800048828125,1522.699951171875,1510.5999755859375,87,98.13999938964844,23207.0,35265356.63342285,42519118.19800199
16-08-2019,1512.5,1524.5999755859375,1524.5999755859375,1504.699951171875,1815,98.13999938964844,23207.0,35100587.5,42320457.5596817
19-08-2019,1500.4000244140625,1507.199951171875,1507.5999755859375,1492.9000244140625,205,98.3499984741211,23207.0,34819783.36657715,41981894.58232113
20-08-2019,1504.5999755859375,1497.5,1506.0999755859375,1497.5,486,98.19000244140625,23207.0,34917251.63342285,42099411.18088118
21-08-2019,1504.5999755859375,1504.9000244140625,1505.0,1498.800048828125,350,98.30000305175781,23207.0,34917251.63342285,42099411.18088118
22-08-2019,1497.300048828125,1495.0999755859375,1497.300048828125,1493.800048828125,686,98.16999816894531,23207.0,34747842.2331543,41895155.81523305
23-08-2019,1526.5999755859375,1493.5,1527.5999755859375,1493.5,983,97.63999938964844,23207.0,35427805.63342285,42714981.472658366
26-08-2019,1526.300048828125,1543.199951171875,1543.300048828125,1524.300048828125,334,98.08000183105469,22459.900390625,34280547.06288576,41331742.299114734
27-08-2019,1541.0,1530.5,1542.0999755859375,1528.5,166,98.0,23207.0,35761987.0,43117900.892211236
28-08-2019,1537.800048828125,1538.0999755859375,1538.0999755859375,1537.800048828125,2756,98.20999908447266,23207.0,35687725.7331543,43028364.76145924
29-08-2019,1526.5,1537.5,1549.300048828125,1519.5999755859375,704,98.51000213623047,23207.0,35425485.5,42712184.108994454
30-08-2019,1519.0999755859375,1524.5999755859375,1530.4000244140625,1516.699951171875,276,98.91999816894531,23207.0,35253753.13342285,42505127.96409796
03-09-2019,1545.9000244140625,1522.9000244140625,1547.300048828125,1521.0,139,98.94999694824219,23207.0,35875701.86657715,43255005.86758759
04-09-2019,1550.300048828125,1549.0,1553.199951171875,1534.800048828125,46,98.44999694824219,23207.0,35977813.2331543,43378120.609059915
05-09-2019,1515.4000244140625,1551.0,1551.0999755859375,1511.0999755859375,125,98.41000366210938,23207.0,35167888.36657715,42401601.599441946
06-09-2019,1506.199951171875,1517.300048828125,1526.0,1504.5,54,98.38999938964844,23207.0,34954382.2668457,42144179.24625718
09-09-2019,1502.199951171875,1509.0,1513.0,1498.0,69,98.27999877929688,22626.5,33989527.19519043,40980862.30430483
10-09-2019,1490.300048828125,1498.5,1498.5,1486.9000244140625,23,98.33000183105469,23207.0,34585393.2331543,41699292.540576674
11-09-2019,1494.4000244140625,1491.699951171875,1496.5999755859375,1490.199951171875,8,98.6500015258789,23207.0,34680541.36657715,41814011.775472805
12-09-2019,1498.699951171875,1499.5,1515.4000244140625,1498.699951171875,27,98.30999755859375,23207.0,34780329.7668457,41934325.737696774
13-09-2019,1490.9000244140625,1490.9000244140625,1490.9000244140625,1486.9000244140625,1,98.26000213623047,23207.0,34599316.86657715,41716080.13814462
16-09-2019,1503.0999755859375,1506.5999755859375,1506.800048828125,1496.9000244140625,21,98.6500015258789,23207.0,34882441.13342285,42057440.4791691
17-09-2019,1505.0999755859375,1497.9000244140625,1505.0999755859375,1497.9000244140625,3,98.26000213623047,23207.0,34928855.13342285,42113401.41478521
18-09-2019,1507.5,1508.9000244140625,1509.4000244140625,1489.300048828125,8,98.5999984741211,23207.0,34984552.5,42180555.22064143
19-09-2019,1498.4000244140625,1496.0999755859375,1502.4000244140625,1496.0999755859375,10,98.2699966430664,23207.0,34773369.36657715,41925933.646705024
20-09-2019,1507.300048828125,1503.0,1507.300048828125,1503.0,2,98.51000213623047,23207.0,34979912.2331543,42174960.493313596
23-09-2019,1523.699951171875,1515.5,1523.699951171875,1515.5,5,98.5999984741211,23207.0,35360504.7668457,42633837.43289812
24-09-2019,1532.0999755859375,1515.0999755859375,1533.0,1515.0999755859375,25,98.33999633789062,23207.0,35555444.13342285,42868874.045602664
25-09-2019,1504.5999755859375,1527.5999755859375,1527.9000244140625,1504.5999755859375,25,99.04000091552734,23207.0,34917251.63342285,42099411.18088118
26-09-2019,1507.5,1507.5,1507.5,1507.5,8178,99.20999908447266,23207.0,34984552.5,42180555.22064143
27-09-2019,1499.0999755859375,1504.199951171875,1506.0999755859375,1485.5999755859375,7827,99.11000061035156,23207.0,34789613.13342285,41945518.60793688
30-09-2019,1465.699951171875,1495.9000244140625,1495.9000244140625,1463.5,1078,99.37999725341797,22835.099609375,33469404.38246584,40353754.982476294
01-10-2019,1482.0,1468.699951171875,1485.5,1458.300048828125,219,99.12999725341797,23207.0,34392774.0,41467053.29153605
02-10-2019,1501.0,1476.5999755859375,1503.699951171875,1474.0999755859375,205,99.04000091552734,22764.900390625,34170115.486328125,41198595.956508465
03-10-2019,1507.0999755859375,1497.4000244140625,1518.199951171875,1496.5999755859375,1213,98.86000061035156,22756.0,34295567.044433594,41349851.75359729
04-10-2019,1506.199951171875,1505.5999755859375,1508.699951171875,1497.0999755859375,233,98.80999755859375,23207.0,34954382.2668457,42144179.24625718
07-10-2019,1497.699951171875,1504.800048828125,1505.800048828125,1489.0999755859375,121,98.98999786376953,22855.19921875,34230230.75394535,41271076.385272905
08-10-2019,1497.199951171875,1489.4000244140625,1506.300048828125,1489.300048828125,46,99.13999938964844,23207.0,34745519.2668457,41892355.03598469
09-10-2019,1506.0999755859375,1507.699951171875,1507.699951171875,1498.4000244140625,120,99.12000274658203,23207.0,34952062.13342285,42141381.88259326
10-10-2019,1494.800048828125,1511.199951171875,1511.199951171875,1490.5999755859375,78,98.70999908447266,23207.0,34689824.7331543,41825204.64571292
11-10-2019,1482.699951171875,1491.9000244140625,1494.9000244140625,1476.9000244140625,57,98.30000305175781,23207.0,34409017.7668457,41486638.252767906
14-10-2019,1491.699951171875,1484.4000244140625,1493.5,1481.300048828125,400,98.44999694824219,22842.7734375,34074564.02134895,41083390.42844098
15-10-2019,1477.5999755859375,1488.9000244140625,1495.4000244140625,1476.5999755859375,367,98.29000091552734,23207.0,34290662.63342285,41343938.55006372
16-10-2019,1488.0,1482.0,1488.0,1480.0,383,98.01000213623047,23207.0,34532016.0,41634936.09838437
17-10-2019,1492.300048828125,1486.199951171875,1493.199951171875,1485.800048828125,271,97.61000061035156,23207.0,34631807.2331543,41755253.47619279
18-10-2019,1488.199951171875,1487.300048828125,1489.0999755859375,1486.5999755859375,82,97.27999877929688,23207.0,34536656.2668457,41640530.825712204
21-10-2019,1482.4000244140625,1489.9000244140625,1489.9000244140625,1481.5,72,97.33000183105469,23207.0,34402057.36657715,41478246.16177616
22-10-2019,1481.699951171875,1483.4000244140625,1483.5,1481.699951171875,99,97.52999877929688,23207.0,34385810.7668457,41458657.78495985
23-10-2019,1489.9000244140625,1486.4000244140625,1490.300048828125,1486.4000244140625,67,97.47000122070312,23207.0,34576109.86657715,41688099.67033657
24-10-2019,1498.9000244140625,1490.5,1501.199951171875,1485.9000244140625,115,97.62999725341797,23207.0,34784972.86657715,41939923.88060905
25-10-2019,1499.5,1501.4000244140625,1514.300048828125,1499.0,93,97.83000183105469,23207.0,34798896.5,41956711.478176996
28-10-2019,1490.0,1504.0999755859375,1504.0999755859375,1490.0,37,97.76000213623047,23207.0,34578430.0,41690897.03400048
29-10-2019,1487.0,1485.9000244140625,1487.0,1485.9000244140625,425,97.69000244140625,23207.0,34508809.0,41606955.63057632
30-10-2019,1493.199951171875,1487.199951171875,1495.4000244140625,1481.0,320,97.6500015258789,23207.0,34652691.2668457,41780433.164752476
31-10-2019,1511.4000244140625,1496.0999755859375,1513.0999755859375,1496.0999755859375,210,97.3499984741211,23207.0,35075060.36657715,42289679.72820973
01-11-2019,1508.0,1511.0,1511.5999755859375,1503.0,235,97.23999786376953,23207.0,34996156.0,42194545.45454545
04-11-2019,1508.0,1511.5999755859375,1511.5999755859375,1508.0,101,97.51000213623047,23207.0,34996156.0,42194545.45454545
05-11-2019,1480.800048828125,1507.0999755859375,1507.0999755859375,1480.800048828125,31,97.9800033569336,23207.0,34364926.7331543,41433478.096400164
06-11-2019,1490.199951171875,1483.199951171875,1491.0,1483.199951171875,567,97.94999694824219,23207.0,34583070.2668457,41696491.76132831
07-11-2019,1464.199951171875,1489.0999755859375,1489.0999755859375,1464.199951171875,581,98.13999938964844,23207.0,33979688.2668457,40968999.598318905
08-11-2019,1461.300048828125,1469.0999755859375,1469.0999755859375,1461.300048828125,21,98.3499984741211,23207.0,33912390.2331543,40887858.97414311
11-11-2019,1455.5,1461.0,1461.0,1449.300048828125,22,98.19999694824219,23207.0,33777788.5,40725570.89462262
12-11-2019,1452.0999755859375,1454.9000244140625,1454.9000244140625,1447.0999755859375,6,98.30999755859375,23207.0,33698884.13342285,40630436.62095834
13-11-2019,1461.699951171875,1456.800048828125,1463.300048828125,1456.800048828125,56,98.37000274658203,23207.0,33921670.7668457,40899048.42879877
14-11-2019,1471.800048828125,1463.800048828125,1471.800048828125,1463.699951171875,83,98.16000366210938,23207.0,34156063.7331543,41181653.88612768
15-11-2019,1467.300048828125,1469.0999755859375,1469.0999755859375,1467.300048828125,13,98.0,23207.0,34051632.2331543,41055741.780991435
18-11-2019,1470.9000244140625,1472.0,1472.0,1469.699951171875,141,97.79000091552734,22802.74609375,33540559.786004543,40439546.402223945
19-11-2019,1473.300048828125,1467.699951171875,1474.300048828125,1467.699951171875,18,97.86000061035156,23207.0,34190874.2331543,41223624.58783976
20-11-2019,1473.300048828125,1472.5999755859375,1474.5,1467.300048828125,31,97.93000030517578,23207.0,34190874.2331543,41223624.58783976
21-11-2019,1463.0999755859375,1463.0999755859375,1463.0999755859375,1463.0999755859375,16,97.98999786376953,23207.0,33954161.13342285,40938221.76684694
22-11-2019,1463.0999755859375,1468.5999755859375,1468.5999755859375,1463.0999755859375,19,98.2699966430664,23207.0,33954161.13342285,40938221.76684694
25-11-2019,1456.5999755859375,1457.0999755859375,1457.0999755859375,1455.5,14,98.31999969482422,23207.0,33803315.63342285,40756348.72609459
26-11-2019,1459.800048828125,1459.800048828125,1459.800048828125,1459.800048828125,346362,98.25,23207.0,33877579.7331543,40845888.27243103
27-11-2019,1453.4000244140625,1461.0999755859375,1461.9000244140625,1452.0,88364,98.41000366210938,23207.0,33729054.36657715,40666812.59534259
29-11-2019,1465.5999755859375,1453.5999755859375,1465.5999755859375,1452.0999755859375,7020,98.2699966430664,23207.0,34012178.63342285,41008172.93636707
02-12-2019,1462.300048828125,1462.800048828125,1464.4000244140625,1453.300048828125,2172,97.86000061035156,22771.517578125,33298791.266382694,40148048.30767144
03-12-2019,1478.199951171875,1461.5999755859375,1480.4000244140625,1459.5,1460,97.73999786376953,23207.0,34304586.2668457,41360726.14763167
04-12-2019,1474.0,1477.5,1483.4000244140625,1471.199951171875,613,97.6500015258789,23207.0,34207118.0,41243209.54907162
05-12-2019,1476.9000244140625,1474.699951171875,1478.0,1472.300048828125,907,97.41000366210938,23171.0,34221250.46569824,41260248.93380545
06-12-2019,1459.0999755859375,1475.0,1476.0,1458.199951171875,899,97.69999694824219,23171.0,33808805.53430176,40762967.84941133
09-12-2019,1459.300048828125,1458.800048828125,1464.199951171875,1458.5999755859375,1461,97.63999938964844,23171.0,33813441.431396484,40768557.30817034
10-12-2019,1462.5999755859375,1460.699951171875,1467.199951171875,1460.699951171875,367,97.41000366210938,23171.0,33889904.03430176,40860747.56969105
11-12-2019,1469.4000244140625,1463.0999755859375,1475.4000244140625,1463.0999755859375,393,97.16000366210938,23171.0,34047467.96569824,41050720.96177748
12-12-2019,1466.699951171875,1475.0999755859375,1483.9000244140625,1463.699951171875,955,97.4000015258789,23171.0,33984904.568603516,40975288.8456758
13-12-2019,1475.5999755859375,1463.0999755859375,1475.9000244140625,1463.0999755859375,468,97.16999816894531,23171.0,34191127.03430176,41223929.38787287
16-12-2019,1475.0,1473.800048828125,1475.300048828125,1473.800048828125,99,97.06999969482422,23171.0,34177225.0,41207167.832167834
17-12-2019,1474.5999755859375,1474.0999755859375,1476.9000244140625,1474.0,410,97.20999908447266,23171.0,34167956.03430176,41195992.32493581
18-12-2019,1472.5999755859375,1472.5999755859375,1472.5999755859375,1472.5999755859375,250,97.41000366210938,23171.0,34121614.03430176,41140118.19906168
19-12-2019,1478.199951171875,1475.9000244140625,1478.9000244140625,1473.300048828125,319,97.41999816894531,23171.0,34251371.068603516,41296565.06945203
20-12-2019,1474.699951171875,1476.699951171875,1478.0999755859375,1474.699951171875,118,97.70999908447266,23171.0,34170272.568603516,41198785.34917231
23-12-2019,1482.5,1482.300048828125,1482.5,1479.9000244140625,391,97.66000366210938,23171.0,34351007.5,41416695.80419581
24-12-2019,1499.0999755859375,1488.699951171875,1499.0999755859375,1488.699951171875,52,97.6500015258789,23171.0,34735645.53430176,41880450.36689385
26-12-2019,1509.300048828125,1505.199951171875,1512.300048828125,1505.0,126,97.58999633789062,23171.0,34971991.431396484,42165410.45502349
27-12-2019,1513.800048828125,1513.800048828125,1513.800048828125,1513.800048828125,839,96.91999816894531,23171.0,35076260.931396484,42291127.23824027
30-12-2019,1514.5,1512.5999755859375,1515.0999755859375,1510.0,446,96.73999786376953,23171.0,35092479.5,42310681.81818182
31-12-2019,1519.5,1513.800048828125,1523.4000244140625,1513.800048828125,301,96.38999938964844,23171.0,35208334.5,42450367.132867135
02-01-2020,1524.5,1518.0999755859375,1528.699951171875,1518.0,214,96.8499984741211,23171.0,35324189.5,42590052.44755244
03-01-2020,1549.199951171875,1530.0999755859375,1552.699951171875,1530.0999755859375,107,96.83999633789062,23171.0,35896512.068603516,43280096.5379835
06-01-2020,1566.199951171875,1580.0,1580.0,1560.4000244140625,416,96.66999816894531,23171.0,36290419.068603516,43755026.60791357
07-01-2020,1571.800048828125,1558.300048828125,1576.300048828125,1558.300048828125,47,96.9800033569336,23171.0,36420178.931396484,43911476.888589926
08-01-2020,1557.4000244140625,1579.699951171875,1604.199951171875,1552.300048828125,236,97.30000305175781,23171.0,36086515.96569824,43509182.500239015
09-01-2020,1551.699951171875,1555.699951171875,1555.699951171875,1543.300048828125,54,97.44999694824219,23171.0,35954439.568603516,43349939.19532616
10-01-2020,1557.5,1551.199951171875,1558.800048828125,1545.4000244140625,16,97.36000061035156,23171.0,36088832.5,43511975.52447552
13-01-2020,1548.4000244140625,1557.4000244140625,1558.0,1548.4000244140625,48,97.3499984741211,22761.69140625,35244203.52914286,42493614.09349271
14-01-2020,1542.4000244140625,1546.699951171875,1546.699951171875,1534.9000244140625,32,97.37000274658203,23171.0,35738950.96569824,43090126.55618307
15-01-2020,1552.0999755859375,1548.0,1553.9000244140625,1545.5999755859375,11,97.2300033569336,23171.0,35963708.53430176,43361114.70255818
16-01-2020,1549.0,1555.699951171875,1556.0999755859375,1548.5,98,97.31999969482422,23171.0,35891879.0,43274510.48951049
17-01-2020,1558.800048828125,1554.0999755859375,1558.800048828125,1553.5999755859375,108,97.61000061035156,23171.0,36118955.931396484,43548295.070408106
21-01-2020,1556.4000244140625,1559.300048828125,1566.199951171875,1551.0,45,97.52999877929688,23171.0,36063344.96569824,43481245.437301956
22-01-2020,1555.300048828125,1549.800048828125,1557.0999755859375,1549.800048828125,42,97.52999877929688,23171.0,36037857.431396484,43450515.35012838
23-01-2020,1564.5999755859375,1553.0999755859375,1564.5999755859375,1552.199951171875,15,97.69000244140625,23171.0,36253346.03430176,43710327.98927147
24-01-2020,1571.0999755859375,1556.300048828125,1571.0999755859375,1556.300048828125,43,97.8499984741211,23171.0,36403957.53430176,43891918.898362376
27-01-2020,1576.800048828125,1584.300048828125,1584.5,1576.800048828125,22,97.95999908447266,23171.0,36536033.931396484,44051162.20327524
28-01-2020,1569.199951171875,1576.4000244140625,1576.4000244140625,1569.199951171875,3,98.0199966430664,23171.0,36359932.068603516,43838837.79672476
29-01-2020,1569.800048828125,1569.800048828125,1569.800048828125,1569.800048828125,251274,97.98999786376953,23171.0,36373836.931396484,43855602.7627158
30-01-2020,1583.5,1576.800048828125,1585.0,1571.4000244140625,62336,97.87000274658203,23171.0,36691278.5,44238339.16083916
31-01-2020,1582.9000244140625,1573.4000244140625,1589.0,1570.0,1095,97.38999938964844,23182.0,36694788.3659668,44242570.97415818
03-02-2020,1577.199951171875,1592.9000244140625,1593.300048828125,1568.199951171875,1062,97.80000305175781,23182.0,36562649.268066406,44083252.07145696
04-02-2020,1550.4000244140625,1577.699951171875,1577.699951171875,1547.800048828125,978,97.95999908447266,23182.0,35941373.3659668,43334185.39422087
05-02-2020,1557.800048828125,1553.199951171875,1560.699951171875,1547.699951171875,1305,98.2699966430664,23237.0,36198599.73461914,43644320.876078054
06-02-2020,1565.0999755859375,1553.5999755859375,1565.5999755859375,1551.5999755859375,110,98.5,23237.0,36368228.13269043,43848840.28537548
07-02-2020,1568.5999755859375,1564.9000244140625,1571.9000244140625,1560.5,431,98.68000030517578,23237.0,36449557.63269043,43946898.52024407
10-02-2020,1574.699951171875,1569.300048828125,1574.699951171875,1568.5999755859375,128,98.83000183105469,23237.0,36591302.76538086,44117799.33130077
11-02-2020,1565.5999755859375,1570.9000244140625,1571.0999755859375,1561.9000244140625,440,98.72000122070312,23237.0,36379846.63269043,43862848.60464243
12-02-2020,1567.4000244140625,1565.199951171875,1568.699951171875,1561.0,36,99.05000305175781,23237.0,36421674.36730957,43913279.922003336
13-02-2020,1575.0999755859375,1570.199951171875,1575.0999755859375,1570.199951171875,74,99.06999969482422,23237.0,36600598.13269043,44129006.67071429
14-02-2020,1582.699951171875,1575.800048828125,1582.699951171875,1574.800048828125,68,99.12000274658203,23237.0,36777198.76538086,44341932.439571805
18-02-2020,1600.0,1579.800048828125,1604.300048828125,1579.800048828125,310,99.45999908447266,23237.0,37179200.0,44826621.65420786
19-02-2020,1607.5,1600.5999755859375,1610.5,1599.699951171875,542,99.5999984741211,23235.0,37350262.5,45032870.14709429
20-02-2020,1616.5999755859375,1606.5,1621.0,1603.0,117,99.87000274658203,23235.0,37561700.43273926,45287798.93023783
21-02-2020,1644.5999755859375,1619.300048828125,1645.0,1619.300048828125,186,99.26000213623047,23235.0,38212280.43273926,46072197.29049826
24-02-2020,1672.4000244140625,1657.0,1686.5999755859375,1650.0,435,99.29000091552734,23235.0,38858214.56726074,46850994.17321044
25-02-2020,1646.9000244140625,1645.0999755859375,1653.699951171875,1632.300048828125,409,98.97000122070312,23235.0,38265722.06726074,46136631.38083041
26-02-2020,1640.0,1644.0,1648.0999755859375,1636.4000244140625,1990,99.0,23235.0,38105400.0,45943332.52953942
27-02-2020,1640.0,1641.0999755859375,1658.0,1638.5,707,98.44000244140625,23240.0,38113600.0,45953219.1945985
28-02-2020,1564.0999755859375,1640.300048828125,1642.5,1564.0999755859375,289,98.12999725341797,23240.0,36349683.43261719,43826481.10997973
02-03-2020,1592.300048828125,1583.9000244140625,1608.300048828125,1574.300048828125,537,97.36000061035156,23234.0,36995499.334472656,44605135.44064704
03-03-2020,1642.0999755859375,1594.5,1645.300048828125,1594.0,610,97.1500015258789,23234.0,38152550.83276367,46000181.85768468
04-03-2020,1641.0999755859375,1645.4000244140625,1645.9000244140625,1631.300048828125,83,97.33999633789062,23234.0,38129316.83276367,45972168.83622338
05-03-2020,1666.4000244140625,1637.300048828125,1672.9000244140625,1637.199951171875,154,96.81999969482422,23204.0,38667146.166503906,46620624.74861816
06-03-2020,1670.800048828125,1670.800048828125,1686.199951171875,1647.199951171875,175,95.94999694824219,23204.0,38769244.33300781,46743723.57488282
09-03-2020,1674.5,1696.0999755859375,1701.5999755859375,1657.699951171875,161,94.9000015258789,23204.0,38855098.0,46847236.5565469
10-03-2020,1659.0999755859375,1671.5999755859375,1674.5999755859375,1643.0,48,96.41000366210938,23204.0,38497755.833496094,46416392.372192055
11-03-2020,1641.4000244140625,1656.5999755859375,1666.5,1635.0,47,96.51000213623047,23204.0,38087046.166503906,45921203.480231375
12-03-2020,1589.300048828125,1637.0,1647.5,1566.4000244140625,256,97.47000122070312,23204.0,36878118.33300781,44463610.2399419
13-03-2020,1515.699951171875,1574.9000244140625,1589.800048828125,1513.800048828125,89,98.75,23204.0,35170301.66699219,42404511.29369687
16-03-2020,1485.9000244140625,1569.0999755859375,1569.0999755859375,1452.0999755859375,193,98.08999633789062,23204.0,34478824.166503906,41570803.19086557
17-03-2020,1524.9000244140625,1469.300048828125,1537.699951171875,1469.300048828125,122,99.58000183105469,23204.0,35383780.166503906,42661900.369548954
18-03-2020,1477.300048828125,1537.5,1542.0,1477.300048828125,333,101.16000366210938,23244.0,34338362.33496094,41401449.6442741
19-03-2020,1478.5999755859375,1481.5,1491.5999755859375,1471.0,262,102.76000213623047,23244.0,34368577.83251953,41437880.19353693
20-03-2020,1484.0,1483.5,1484.0,1483.5,14,102.81999969482422,23244.0,34494096.0,41589216.30094044
23-03-2020,1567.0,1505.300048828125,1567.0,1490.199951171875,51,102.48999786376953,23244.0,36423348.0,43915297.805642635
24-03-2020,1660.199951171875,1592.699951171875,1685.5,1592.699951171875,442,101.73999786376953,23244.0,38589687.66503906,46527233.741305836
25-03-2020,1632.300048828125,1676.5,1676.5,1631.0999755859375,476,101.05000305175781,23244.0,37941182.33496094,45745336.79160952
26-03-2020,1650.0999755859375,1660.5,1660.5,1650.0999755859375,3,99.41999816894531,23244.0,38354923.83251953,46244181.133975804
27-03-2020,1623.9000244140625,1623.9000244140625,1623.9000244140625,1623.9000244140625,100638,98.37000274658203,23244.0,37745932.16748047,45509925.44909629
30-03-2020,1622.0,1641.199951171875,1652.800048828125,1607.199951171875,16389,99.18000030517578,23010.337890625,37322768.05859375,44999720.35036623
31-03-2020,1583.4000244140625,1618.699951171875,1621.0,1576.0,2874,99.05000305175781,23631.0,37417325.97692871,45113727.968324944
01-04-2020,1578.199951171875,1570.0,1600.0,1570.0,2158,99.66999816894531,23631.0,37294443.04614258,44965569.14172001
02-04-2020,1625.699951171875,1590.9000244140625,1631.199951171875,1586.0,1294,100.18000030517578,23631.0,38416915.54614258,46318923.976540364
03-04-2020,1633.699951171875,1624.5,1636.0,1619.800048828125,643,100.58000183105469,23631.0,38605963.54614258,46546857.42240484
06-04-2020,1677.0,1629.0999755859375,1696.699951171875,1625.9000244140625,1063,100.69000244140625,23631.0,39629187.0,47780548.58934169
07-04-2020,1664.800048828125,1695.699951171875,1724.4000244140625,1658.0,1144,99.9800033569336,23631.0,39340889.95385742,47432951.47559371
08-04-2020,1665.4000244140625,1669.699951171875,1677.0,1662.5,747,100.12000274658203,23631.0,39355067.97692871,47450045.78843587
09-04-2020,1736.199951171875,1662.699951171875,1736.199951171875,1662.699951171875,825,99.5199966430664,23631.0,41028141.04614258,49467254.697543494
13-04-2020,1744.800048828125,1722.0,1756.800048828125,1710.699951171875,696,99.3499984741211,23631.0,41231369.95385742,49712285.93423851
14-04-2020,1756.699951171875,1756.800048828125,1775.0,1739.5,675,98.88999938964844,23631.0,41512576.54614258,50051334.15257123
15-04-2020,1727.199951171875,1739.4000244140625,1744.9000244140625,1722.699951171875,642,99.45999908447266,23449.0,40501111.6550293,48831820.17727188
16-04-2020,1720.4000244140625,1731.0,1750.5999755859375,1715.0,162,100.02999877929688,23441.0,40327896.97229004,48622976.81732582
17-04-2020,1689.199951171875,1715.699951171875,1725.0,1684.9000244140625,223,99.77999877929688,23441.0,39596536.05541992,47741181.64386294
20-04-2020,1701.5999755859375,1686.0,1701.5999755859375,1680.0,106,99.95999908447266,22972.873046875,39090640.21570134,47131227.65336549
21-04-2020,1678.199951171875,1697.0,1707.0999755859375,1659.9000244140625,666,100.26000213623047,23441.0,39338685.05541992,47430293.04969848
22-04-2020,1728.699951171875,1696.0,1728.699951171875,1684.800048828125,453,100.38999938964844,23441.0,40522455.55541992,48857554.32290803
23-04-2020,1733.300048828125,1734.0,1745.0999755859375,1733.300048828125,482,100.43000030517578,23441.0,40630286.44458008,48987565.04048719
24-04-2020,1723.5,1744.0,1744.0,1714.5,221,100.37999725341797,23441.0,40400563.5,48710590.18567639
27-04-2020,1711.9000244140625,1731.9000244140625,1731.9000244140625,1711.9000244140625,169,100.04000091552734,23441.0,40128648.47229004,48382744.72183511
28-04-2020,1710.5,1716.5999755859375,1716.5999755859375,1707.0999755859375,1255,99.87000274658203,23441.0,40095830.5,48343176.39257294
29-04-2020,1703.4000244140625,1710.0,1713.5,1702.0,373,99.56999969482422,23444.0,39934510.17236328,48148673.94786988
30-04-2020,1684.199951171875,1719.300048828125,1719.300048828125,1680.800048828125,327,99.0199966430664,23444.0,39484383.65527344,47605960.51998244
01-05-2020,1694.5,1686.5999755859375,1701.5,1670.5,337,98.80000305175781,23444.0,39725858.0,47897103.93055221
04-05-2020,1706.9000244140625,1702.5999755859375,1709.0,1699.5999755859375,320,99.4800033569336,23444.0,40016564.17236328,48247605.705767155
05-05-2020,1704.4000244140625,1701.5,1704.4000244140625,1697.199951171875,82,99.70999908447266,23444.0,39957954.17236328,48176940.16441196
06-05-2020,1684.199951171875,1704.0,1704.0,1684.199951171875,469,100.08999633789062,23444.0,39484383.65527344,47605960.51998244
07-05-2020,1721.800048828125,1686.199951171875,1721.800048828125,1685.5999755859375,853,99.88999938964844,23444.0,40365880.34472656,48668773.0223373
08-05-2020,1709.9000244140625,1726.199951171875,1728.9000244140625,1703.800048828125,330,99.7300033569336,23444.0,40086896.17236328,48332404.355393395
11-05-2020,1695.300048828125,1702.300048828125,1704.5,1690.199951171875,749,100.23999786376953,23399.0,39668325.8425293,47827737.93408403
12-05-2020,1704.4000244140625,1699.300048828125,1713.0999755859375,1699.300048828125,324,99.93000030517578,23399.0,39881256.17126465,48084466.08544086
13-05-2020,1713.9000244140625,1702.0,1721.300048828125,1701.9000244140625,431,100.23999786376953,23334.0,39992143.169677734,48218161.52601608
14-05-2020,1738.0999755859375,1724.300048828125,1743.0999755859375,1720.5,672,100.47000122070312,23334.0,40556824.830322266,48898993.04355229
15-05-2020,1753.4000244140625,1739.699951171875,1753.4000244140625,1739.699951171875,719,100.4000015258789,23334.0,40913836.169677734,49329438.35263773
18-05-2020,1731.800048828125,1755.699951171875,1770.5,1731.800048828125,229,99.66999816894531,23334.0,40409822.33935547,48721753.48366948
19-05-2020,1744.199951171875,1744.199951171875,1749.5,1744.199951171875,167,99.37000274658203,23334.0,40699161.66064453,49070607.25903609
20-05-2020,1750.5999755859375,1751.5999755859375,1752.0999755859375,1745.5999755859375,16,99.12000274658203,23334.0,40848499.830322266,49250662.92539458
21-05-2020,1720.5,1746.800048828125,1746.800048828125,1720.5,528,99.37000274658203,23334.0,40146147.0,48403842.53677357
22-05-2020,1734.5999755859375,1726.5999755859375,1734.5999755859375,1726.5999755859375,6,99.86000061035156,23334.0,40475155.830322266,48800525.47663644
26-05-2020,1704.800048828125,1726.4000244140625,1726.4000244140625,1704.800048828125,39,98.91000366210938,23334.0,39779804.33935547,47962146.53889012
27-05-2020,1710.300048828125,1685.5999755859375,1710.300048828125,1685.5999755859375,137416,99.05999755859375,23312.0,39870514.73828125,48071515.237860195
28-05-2020,1713.300048828125,1709.300048828125,1727.800048828125,1705.0,23355,98.37999725341797,23312.0,39940450.73828125,48155836.433905534
29-05-2020,1736.9000244140625,1718.800048828125,1738.300048828125,1715.0999755859375,1526,98.33999633789062,23309.0,40485402.66906738,48812879.99646417
01-06-2020,1737.800048828125,1740.4000244140625,1747.0,1727.0999755859375,871,97.83000183105469,23280.0,40455985.13671875,48777411.54656227
02-06-2020,1725.199951171875,1743.0,1745.5,1721.800048828125,741,97.66999816894531,23264.0,40135051.6640625,48390464.99163552
03-06-2020,1697.800048828125,1726.300048828125,1726.300048828125,1684.5,2755,97.27999877929688,23264.0,39497620.3359375,47621919.86488727
04-06-2020,1718.9000244140625,1694.5,1718.9000244140625,1694.5,807,96.68000030517578,23264.0,39988490.16796875,48213757.13524084
05-06-2020,1676.199951171875,1711.800048828125,1711.800048828125,1668.5999755859375,1502,96.94000244140625,23264.0,38995115.6640625,47016054.57446648
08-06-2020,1698.300048828125,1679.0999755859375,1699.4000244140625,1675.9000244140625,587,96.62000274658203,23264.0,39509252.3359375,47635944.460980825
09-06-2020,1714.699951171875,1694.5999755859375,1720.9000244140625,1692.0,690,96.31999969482422,23264.0,39890779.6640625,48095948.47367072
10-06-2020,1713.300048828125,1716.0999755859375,1740.800048828125,1711.9000244140625,718,95.95999908447266,23264.0,39858212.3359375,48056682.34378768
11-06-2020,1732.0,1737.199951171875,1744.0999755859375,1720.0,347,96.7300033569336,23264.0,40293248.0,48581200.86809742
12-06-2020,1729.300048828125,1724.9000244140625,1743.0,1724.9000244140625,318,97.31999969482422,23264.0,40230436.3359375,48505469.418781646
15-06-2020,1720.300048828125,1730.0,1730.0,1703.300048828125,188,96.68000030517578,23264.0,40021060.3359375,48253026.68909754
16-06-2020,1729.5999755859375,1726.300048828125,1729.5999755859375,1722.4000244140625,22,96.95999908447266,23264.0,40237413.83203125,48513882.12205359
17-06-2020,1729.199951171875,1714.699951171875,1729.199951171875,1714.699951171875,51,97.16000366210938,23264.0,40228107.6640625,48502661.76038401
18-06-2020,1724.800048828125,1730.5,1734.0999755859375,1717.300048828125,110,97.41999816894531,23264.0,40125748.3359375,48379248.053939596
19-06-2020,1745.9000244140625,1723.699951171875,1750.699951171875,1723.5,1329,97.62000274658203,23264.0,40616618.16796875,48971085.32429316
22-06-2020,1756.699951171875,1755.199951171875,1767.5999755859375,1750.5,1356,97.04000091552734,23264.0,40867867.6640625,49274014.5455299
23-06-2020,1772.0999755859375,1755.4000244140625,1776.300048828125,1754.199951171875,666,96.69000244140625,23264.0,41226133.83203125,49705972.790006325
24-06-2020,1765.800048828125,1778.300048828125,1783.0999755859375,1764.5,961,97.1500015258789,23264.0,41079572.3359375,49529264.93361165
25-06-2020,1762.0999755859375,1761.699951171875,1764.800048828125,1759.800048828125,207,97.43000030517578,23264.0,40993493.83203125,49425480.868135095
26-06-2020,1772.5,1766.0,1772.5,1764.699951171875,640,97.5,23264.0,41235440.0,49717193.15167591
29-06-2020,1774.800048828125,1779.800048828125,1780.199951171875,1774.300048828125,584,97.54000091552734,23210.0,41193109.13330078,49666155.21256424
30-06-2020,1793.0,1777.300048828125,1793.199951171875,1774.4000244140625,986,97.38999938964844,23264.0,41712352.0,50292201.591511935
01-07-2020,1773.199951171875,1793.5999755859375,1798.0,1765.800048828125,331,97.19999694824219,23264.0,41251723.6640625,49736826.216617435
02-07-2020,1784.0,1773.4000244140625,1784.0,1768.699951171875,215,97.31999969482422,23264.0,41502976.0,50039758.86182783
06-07-2020,1788.5,1788.199951171875,1790.0999755859375,1788.199951171875,172,96.79000091552734,23199.0,41491411.5,50025815.64986737
07-07-2020,1804.199951171875,1789.300048828125,1804.199951171875,1783.300048828125,751,96.87999725341797,23201.0,41859243.06713867,50469306.80870348
08-07-2020,1815.5,1801.5,1817.9000244140625,1801.5,209,96.43000030517578,23180.0,42083290.0,50739438.14805884
09-07-2020,1799.199951171875,1816.0999755859375,1819.800048828125,1799.199951171875,396,96.69999694824219,23188.0,41719848.46777344,50301240.01419512
10-07-2020,1798.199951171875,1805.5,1805.5,1797.699951171875,236,96.6500015258789,23184.0,41689467.66796875,50264610.1615249
13-07-2020,1811.0,1805.0,1811.0,1805.0,164,96.45999908447266,22824.259765625,41334734.435546875,49836911.545149356
14-07-2020,1810.5999755859375,1791.0,1811.5,1791.0,339,96.26000213623047,23179.0,41967896.834106445,50600309.6625349
15-07-2020,1811.4000244140625,1806.0999755859375,1813.5,1806.0999755859375,167,96.08000183105469,23181.0,41990063.96594238,50627036.37080104
16-07-2020,1798.699951171875,1810.9000244140625,1810.9000244140625,1794.300048828125,146,96.3499984741211,23183.0,41699260.96801758,50276417.85389146
17-07-2020,1808.300048828125,1798.5,1810.0999755859375,1798.5,24,95.94000244140625,23184.0,41923628.33203125,50546935.53415873
20-07-2020,1815.9000244140625,1807.0,1817.300048828125,1807.0,89,95.83000183105469,23191.0,42112537.46618652,50774701.550743334
21-07-2020,1842.4000244140625,1822.0,1842.4000244140625,1822.0,117,95.12000274658203,23188.0,42721571.76611328,51509008.64011729
22-07-2020,1864.0999755859375,1858.0999755859375,1867.0,1854.699951171875,213,94.97000122070312,23180.0,43209837.43408203,52097706.09366051
23-07-2020,1889.0999755859375,1868.699951171875,1890.300048828125,1868.5,133,94.69000244140625,23184.0,43796893.833984375,52805514.62983406
24-07-2020,1897.300048828125,1884.300048828125,1897.300048828125,1884.300048828125,474,94.44000244140625,23180.0,43979415.13183594,53025578.890566595
27-07-2020,1931.0,1901.699951171875,1938.0,1901.5,364,93.66999816894531,23175.0,44750925.0,53955781.28767784
28-07-2020,1944.699951171875,1931.5,1944.699951171875,1928.5999755859375,825,93.76000213623047,23181.0,45080089.568115234,54352651.999174386
29-07-2020,1953.5,1953.199951171875,1953.5,1952.5999755859375,209835,93.26000213623047,23170.0,45262595.0,54572697.13045575
30-07-2020,1942.300048828125,1963.4000244140625,1965.0999755859375,1930.0,28853,93.0199966430664,23175.0,45012803.6315918,54271525.960443445
31-07-2020,1962.800048828125,1948.5999755859375,1981.0999755859375,1948.0,2914,93.48999786376953,23175.0,45487891.1315918,54844334.617303826
03-08-2020,1966.0,1984.300048828125,1984.300048828125,1955.5,683,93.5,23170.0,45552220.0,54921895.346033275
04-08-2020,2001.199951171875,1971.0,2016.199951171875,1968.800048828125,2010,93.37999725341797,23170.0,46367802.868652344,55905236.15704406
05-08-2020,2031.0999755859375,2024.0,2050.199951171875,2011.0,1422,92.83000183105469,23175.0,47070741.9342041,56752763.36412358
06-08-2020,2051.5,2045.5,2063.0,2040.0,294,92.79000091552734,23174.0,47541461.0,57320305.0397878
07-08-2020,2010.0999755859375,2040.0999755859375,2055.0,2009.5999755859375,808,93.44000244140625,23173.0,46580046.73425293,56161136.64607298
10-08-2020,2024.4000244140625,2026.4000244140625,2043.800048828125,2017.5,233,93.58000183105469,22903.845703125,46366545.80058217,55903720.52156037
11-08-2020,1932.5999755859375,2012.4000244140625,2016.0,1904.0,971,93.62999725341797,23170.0,44778341.43432617,53988837.03198236
12-08-2020,1934.9000244140625,1923.0,1946.5999755859375,1871.5999755859375,404,93.44000244140625,23174.0,44839373.165771484,54062422.43280864
13-08-2020,1956.699951171875,1921.5,1957.4000244140625,1916.9000244140625,71,93.33999633789062,23175.0,45346521.3684082,54673886.38583096
14-08-2020,1937.0,1938.699951171875,1947.4000244140625,1937.0,201,93.0999984741211,23174.0,44888038.0,54121097.178683385
17-08-2020,1985.0,1949.5999755859375,1985.0,1949.5999755859375,97,92.8499984741211,23174.0,46000390.0,55462249.81914637
18-08-2020,1999.4000244140625,2001.0999755859375,2002.800048828125,1972.0999755859375,92,92.2699966430664,23174.0,46334096.165771484,55864596.293430775
19-08-2020,1958.699951171875,1980.0,1980.0,1938.699951171875,347,92.88999938964844,23174.0,45390912.66845703,54727408.57060168
20-08-2020,1933.800048828125,1941.199951171875,1948.300048828125,1922.300048828125,106,92.79000091552734,23174.0,44813882.33154297,54031688.36694353
21-08-2020,1934.5999755859375,1941.0,1945.0,1908.9000244140625,184,93.25,23174.0,44832419.834228516,54054038.86451472
24-08-2020,1927.699951171875,1930.199951171875,1940.0,1922.199951171875,85,93.30000305175781,23175.0,44674446.3684082,53863571.700516276
25-08-2020,1911.800048828125,1927.5,1928.5,1911.800048828125,176,93.0199966430664,23177.0,44309789.73168945,53423908.52627134
26-08-2020,1940.699951171875,1909.699951171875,1950.800048828125,1909.699951171875,287,93.01000213623047,23170.0,44966017.868652344,54215116.79364883
27-08-2020,1921.5999755859375,1948.9000244140625,1972.5,1921.5999755859375,2303,93.01000213623047,23174.0,44531157.834228516,53690810.024389334
28-08-2020,1964.5999755859375,1927.0999755859375,1971.300048828125,1922.5,778,92.37000274658203,23174.0,45527639.834228516,54892259.264804095
31-08-2020,1967.5999755859375,1970.0,1971.300048828125,1953.300048828125,158,92.13999938964844,23174.0,45597161.834228516,54976081.30483303
01-09-2020,1968.199951171875,1961.699951171875,1986.300048828125,1961.699951171875,186,92.33999633789062,23174.0,45611065.66845703,54992845.03069331
02-09-2020,1934.4000244140625,1967.300048828125,1967.300048828125,1934.4000244140625,71,92.8499984741211,23174.0,44827786.165771484,54048452.09280381
03-09-2020,1927.5999755859375,1937.0999755859375,1938.800048828125,1923.0,179,92.73999786376953,23174.0,44670201.834228516,53858454.10444721
04-09-2020,1923.9000244140625,1927.9000244140625,1939.699951171875,1917.699951171875,607,92.72000122070312,23174.0,44584459.165771484,53755074.95270254
08-09-2020,1933.0,1930.9000244140625,1937.9000244140625,1903.0999755859375,271,93.4800033569336,23174.0,44795342.0,54009334.4586448
09-09-2020,1944.699951171875,1926.9000244140625,1946.199951171875,1924.5999755859375,219,93.26000213623047,23176.0,45070366.068359375,54340928.46438314
10-09-2020,1954.199951171875,1944.0999755859375,1962.699951171875,1944.0999755859375,722,93.33999633789062,23175.0,45288583.8684082,54604031.671579696
11-09-2020,1937.800048828125,1944.0,1949.5,1937.800048828125,73,93.33000183105469,23173.0,44904640.53149414,54141114.69917306
14-09-2020,1953.0999755859375,1946.300048828125,1953.0999755859375,1943.0,55,93.06999969482422,23174.0,45261138.834228516,54570941.44469317
15-09-2020,1956.300048828125,1955.800048828125,1968.5,1955.800048828125,74,93.05000305175781,23175.0,45337253.6315918,54662712.36025054
16-09-2020,1960.199951171875,1961.300048828125,1961.4000244140625,1956.699951171875,124,93.20999908447266,23175.0,45427633.8684082,54771682.985782735
17-09-2020,1940.0,1939.0,1946.0,1933.699951171875,67,92.97000122070312,23178.0,44965320.0,54214275.379792616
18-09-2020,1952.0999755859375,1950.5,1952.0999755859375,1949.0,38,92.93000030517578,23170.0,45230156.43432617,54533586.248283304
21-09-2020,1901.199951171875,1946.199951171875,1946.199951171875,1883.4000244140625,52,93.54000091552734,23170.0,44050802.868652344,53111650.43242385
22-09-2020,1898.5999755859375,1913.0999755859375,1913.0999755859375,1898.5999755859375,331,93.98999786376953,23178.0,44005750.23413086,53057330.88272349
23-09-2020,1859.9000244140625,1875.5,1875.5,1859.9000244140625,5,94.38999938964844,23177.0,43106902.86584473,51973598.82546989
24-09-2020,1868.300048828125,1851.5,1868.300048828125,1851.5,365,94.3499984741211,23185.0,43316536.63208008,52226352.3415482
25-09-2020,1857.699951171875,1856.300048828125,1857.699951171875,1856.300048828125,4,94.58000183105469,23184.0,43068915.66796875,51927798.008161016
28-09-2020,1872.800048828125,1872.800048828125,1872.800048828125,1872.800048828125,10455,94.26000213623047,23191.0,43432105.93237305,52365693.190707795
29-09-2020,1894.300048828125,1876.5,1895.4000244140625,1872.4000244140625,3283,93.88999938964844,23188.0,43925029.53222656,52960006.670155
30-09-2020,1887.5,1893.0,1899.699951171875,1879.800048828125,600,93.88999938964844,23190.0,43771125.0,52774445.382204
01-10-2020,1908.4000244140625,1884.0999755859375,1909.5999755859375,1882.5,730,93.70999908447266,23181.0,44238620.96594238,53338100.995831184
02-10-2020,1900.199951171875,1893.9000244140625,1913.0,1893.9000244140625,530,93.83999633789062,23188.0,44061836.46777344,53124953.542046584
05-10-2020,1912.5,1898.9000244140625,1915.5999755859375,1884.699951171875,1360,93.51000213623047,23191.0,44352787.5,53475750.54256088
06-10-2020,1901.0999755859375,1906.5999755859375,1918.0,1874.4000244140625,968,93.83000183105469,23203.0,44111222.73352051,53184498.11130999
07-10-2020,1883.5999755859375,1874.0999755859375,1889.800048828125,1873.0999755859375,50,93.62999725341797,23205.0,43708937.43347168,52699466.40158148
08-10-2020,1888.5999755859375,1893.0,1893.0,1882.699951171875,348,93.61000061035156,23205.0,43824962.43347168,52839356.68371314
09-10-2020,1919.5,1909.300048828125,1929.0999755859375,1905.0999755859375,580,93.05999755859375,23191.0,44515124.5,53671478.77984085
12-10-2020,1922.5,1924.0,1926.5,1921.5999755859375,96,93.06999969482422,23180.0,44563550.0,53729864.96262358
13-10-2020,1888.5,1921.9000244140625,1922.199951171875,1887.0,191,93.52999877929688,23178.0,43771653.0,52775081.98697854
14-10-2020,1901.300048828125,1889.699951171875,1910.800048828125,1882.5,33,93.37999725341797,23177.0,44066431.23168945,53130493.406907946
15-10-2020,1903.199951171875,1897.300048828125,1906.300048828125,1889.5999755859375,254,93.86000061035156,23175.0,44106658.8684082,53178995.500853874
16-10-2020,1900.800048828125,1898.5,1900.800048828125,1898.5,53,93.68000030517578,23170.0,44041537.131347656,53100478.81763643
19-10-2020,1906.4000244140625,1907.300048828125,1907.800048828125,1899.5,43,93.43000030517578,23175.0,44180820.5657959,53268411.58162032
20-10-2020,1910.4000244140625,1901.300048828125,1910.4000244140625,1896.0999755859375,329,93.06999969482422,23175.0,44273520.5657959,53380179.12442235
21-10-2020,1924.5999755859375,1913.5999755859375,1927.300048828125,1913.5999755859375,1202,92.61000061035156,23179.0,44610302.834106445,53786234.427425176
22-10-2020,1901.0999755859375,1924.300048828125,1924.300048828125,1898.199951171875,899,92.94999694824219,23177.0,44061794.13415527,53124902.50079005
23-10-2020,1902.0,1899.9000244140625,1913.300048828125,1896.199951171875,287,92.7699966430664,23176.0,44080752.0,53147759.82638051
26-10-2020,1902.699951171875,1895.5,1907.0,1893.5,242,93.05000305175781,23176.0,44096974.068359375,53167318.62594571
27-10-2020,1908.800048828125,1904.5999755859375,1908.800048828125,1904.4000244140625,176,92.94000244140625,23175.0,44236441.1315918,53335472.789476484
28-10-2020,1876.199951171875,1870.9000244140625,1876.199951171875,1870.9000244140625,277,93.41000366210938,23175.0,43480933.8684082,52424564.5869402
29-10-2020,1865.5999755859375,1876.0999755859375,1879.800048828125,1858.800048828125,240,93.95999908447266,23176.0,43237145.03417969,52130630.61753037
30-10-2020,1877.4000244140625,1862.800048828125,1886.5999755859375,1862.800048828125,725,94.04000091552734,23170.0,43499358.56567383,52446779.07604754
02-11-2020,1890.4000244140625,1872.9000244140625,1894.699951171875,1872.9000244140625,190,94.05000305175781,23180.0,43819472.56591797,52832737.60057628
03-11-2020,1908.5,1891.5,1908.5,1891.5,712,93.55000305175781,23177.0,44233304.5,53331690.981432356
04-11-2020,1894.5999755859375,1893.800048828125,1907.0,1885.300048828125,782,93.41000366210938,23176.0,43909249.03417969,52940980.267880015
05-11-2020,1945.300048828125,1901.699951171875,1948.0,1901.699951171875,135,92.52999877929688,23176.0,45084273.931640625,54357697.04803547
06-11-2020,1950.300048828125,1940.800048828125,1958.800048828125,1940.800048828125,304,92.2300033569336,23175.0,45198203.6315918,54495061.0460475
09-11-2020,1853.199951171875,1955.5999755859375,1963.199951171875,1847.0999755859375,745,92.7300033569336,23176.0,42949762.068359375,51784135.602073036
10-11-2020,1875.4000244140625,1879.300048828125,1885.300048828125,1871.199951171875,276,92.75,23170.0,43453018.56567383,52390907.36155513
11-11-2020,1860.699951171875,1878.800048828125,1878.800048828125,1855.5,222,93.04000091552734,23173.0,43117999.96850586,51986978.50073048
12-11-2020,1872.5999755859375,1869.0,1878.5,1866.5999755859375,220,92.95999908447266,23175.0,43397504.4342041,52323974.48059332
13-11-2020,1885.699951171875,1877.0,1890.0999755859375,1876.800048828125,240,92.76000213623047,23175.0,43701096.3684082,52690012.50109501
16-11-2020,1887.300048828125,1874.5999755859375,1887.300048828125,1871.0,6,92.56999969482422,23175.0,43738178.6315918,52734722.246915594
17-11-2020,1884.5,1888.4000244140625,1888.4000244140625,1884.5,59,92.41999816894531,23175.0,43673287.5,52656483.60260429
18-11-2020,1873.5,1873.5,1873.5,1873.5,152,92.31999969482422,23163.0,43395880.5,52322016.517964795
19-11-2020,1861.0999755859375,1865.800048828125,1865.800048828125,1856.0,59,92.29000091552734,23160.0,43103075.43457031,51968984.126561746
20-11-2020,1872.5999755859375,1871.199951171875,1872.5999755859375,1871.199951171875,1900,92.38999938964844,23176.0,43399377.03417969,52326232.257269934
23-11-2020,1837.800048828125,1834.800048828125,1837.800048828125,1829.199951171875,843,92.51000213623047,23176.0,42592853.931640625,51353814.7234635
24-11-2020,1804.800048828125,1829.300048828125,1829.300048828125,1799.300048828125,1041,92.2300033569336,23177.0,41829850.73168945,50433868.73847293
25-11-2020,1805.699951171875,1801.4000244140625,1805.699951171875,1801.4000244140625,205754,91.98999786376953,23151.0,41803759.56958008,50402410.86276836
27-11-2020,1781.9000244140625,1806.0999755859375,1817.0,1770.699951171875,71804,91.79000091552734,23164.0,41275932.165527344,49766014.18558879
30-11-2020,1775.699951171875,1785.0,1787.199951171875,1762.300048828125,3145,91.87000274658203,23160.0,41125210.869140625,49584290.89599786
01-12-2020,1814.0999755859375,1775.0,1815.9000244140625,1774.9000244140625,1859,91.30999755859375,23140.0,41978273.435058594,50612820.63546973
02-12-2020,1825.699951171875,1811.300048828125,1830.0,1807.800048828125,771,91.12000274658203,23129.0,42226614.1706543,50912242.79075753
03-12-2020,1836.800048828125,1829.199951171875,1842.0,1825.300048828125,1765,90.70999908447266,23129.0,42483348.3293457,51221784.81956318
04-12-2020,1835.9000244140625,1840.699951171875,1847.5999755859375,1828.199951171875,1213,90.69999694824219,23125.0,42455188.064575195,51187832.24568989
07-12-2020,1861.800048828125,1836.5,1866.9000244140625,1820.800048828125,1427,90.79000091552734,23130.0,43063435.12939453,51921190.17288947
08-12-2020,1870.800048828125,1863.0,1875.800048828125,1861.800048828125,121,90.97000122070312,23127.0,43265992.72924805,52165412.019831255
09-12-2020,1834.5999755859375,1867.0999755859375,1867.0999755859375,1827.0,215,91.08999633789062,23128.0,42430628.23535156,51158220.68405059
10-12-2020,1833.5999755859375,1833.199951171875,1849.0999755859375,1828.0,177,90.79000091552734,23128.0,42407500.23535156,51130335.46582054
11-12-2020,1839.800048828125,1838.5,1846.0,1829.0999755859375,109,90.9800033569336,23128.0,42550895.529296875,51303225.86122121
14-12-2020,1828.699951171875,1835.5,1835.699951171875,1822.699951171875,258,90.70999908447266,23128.0,42294172.470703125,50993697.21570186
15-12-2020,1852.300048828125,1833.5,1853.5999755859375,1833.199951171875,961,90.47000122070312,23126.0,42836290.92919922,51647324.48661589
16-12-2020,1856.0999755859375,1856.5,1864.699951171875,1850.5,1090,90.44999694824219,23126.0,42924168.03540039,51753277.11044175
17-12-2020,1887.199951171875,1874.199951171875,1896.199951171875,1874.199951171875,414,89.81999969482422,23126.0,43643386.07080078,52620431.72269204
18-12-2020,1885.699951171875,1882.4000244140625,1889.5,1882.300048828125,276,90.0199966430664,23120.0,43597382.87109375,52564966.085234806
21-12-2020,1879.199951171875,1884.800048828125,1908.0,1869.0999755859375,136,90.04000091552734,23124.0,43454619.67089844,52392837.799491726
22-12-2020,1866.5999755859375,1882.199951171875,1882.199951171875,1861.0,233,90.6500015258789,23120.0,43155791.435546875,52032543.32716045
23-12-2020,1874.699951171875,1867.0,1878.800048828125,1864.5,82,90.41000366210938,23127.0,43356185.77075195,52274156.94568598
24-12-2020,1879.9000244140625,1877.300048828125,1879.9000244140625,1875.699951171875,46,90.33000183105469,23130.0,43482087.564697266,52425955.58801214
28-12-2020,1877.199951171875,1895.5,1895.800048828125,1873.699951171875,75,90.33999633789062,23130.0,43419634.87060547,52350656.94550937
29-12-2020,1879.699951171875,1881.300048828125,1881.300048828125,1879.699951171875,343,90.01000213623047,23125.0,43468061.37084961,52409044.33427732
30-12-2020,1891.0,1879.9000244140625,1895.800048828125,1877.300048828125,444,89.62999725341797,23120.0,43719920.0,52712707.981673494
31-12-2020,1893.0999755859375,1897.0,1901.300048828125,1892.699951171875,127,89.94000244140625,23088.0,43707892.236328125,52698206.21693769
04-01-2021,1944.699951171875,1912.199951171875,1945.0999755859375,1912.199951171875,154,89.87999725341797,23070.0,44864227.873535156,54092389.526808724
05-01-2021,1952.699951171875,1941.699951171875,1952.699951171875,1941.300048828125,113,89.44000244140625,23070.0,45048787.873535156,54314911.83208965
06-01-2021,1906.9000244140625,1952.0,1959.9000244140625,1901.5,331,89.52999877929688,23080.0,44011252.56347656,53063964.99092906
07-01-2021,1912.300048828125,1922.5999755859375,1926.699951171875,1912.0,122,89.83000183105469,23090.0,44155008.127441406,53237289.76059972
08-01-2021,1834.0999755859375,1908.0,1908.0,1834.0999755859375,60,90.0999984741211,23078.0,42327359.236572266,51033710.19601189
11-01-2021,1849.5999755859375,1826.5,1849.5999755859375,1826.5,20,90.54000091552734,22788.548828125,42149699.356138945,50819507.30183138
12-01-2021,1842.9000244140625,1849.0,1859.699951171875,1839.4000244140625,176,90.05000305175781,23050.0,42478845.56274414,51216355.875023074
13-01-2021,1853.5999755859375,1858.0,1858.5999755859375,1853.5999755859375,189,90.31999969482422,23065.0,42753283.43688965,51547243.11175506
14-01-2021,1850.300048828125,1836.699951171875,1850.699951171875,1836.699951171875,149,90.23999786376953,23064.0,42675320.326171875,51453243.70167817
15-01-2021,1829.300048828125,1829.4000244140625,1829.4000244140625,1825.0,31,90.77999877929688,23064.0,42190976.326171875,50869274.56736421
19-01-2021,1839.5,1802.0,1842.9000244140625,1802.0,13,90.5,23069.0,42435425.5,51164004.702194355
20-01-2021,1865.9000244140625,1847.800048828125,1866.5999755859375,1844.4000244140625,16,90.47000122070312,23069.0,43044447.66320801,51898297.15843743
21-01-2021,1865.300048828125,1865.300048828125,1868.0,1865.300048828125,6,90.12999725341797,23072.0,43036202.7265625,51888356.313675545
22-01-2021,1855.699951171875,1854.9000244140625,1855.699951171875,1852.699951171875,8,90.23999786376953,23060.0,42792440.87402344,51594454.875842094
25-01-2021,1854.9000244140625,1864.699951171875,1864.699951171875,1851.800048828125,26,90.38999938964844,23070.0,42792543.56323242,51594578.68728288
26-01-2021,1850.699951171875,1855.800048828125,1855.800048828125,1850.699951171875,59,90.16999816894531,23060.0,42677140.87402344,51455438.71958456
27-01-2021,1844.9000244140625,1844.9000244140625,1844.9000244140625,1844.9000244140625,195540,90.6500015258789,23069.0,42559998.66320801,51314201.42658308
28-01-2021,1837.9000244140625,1843.4000244140625,1862.9000244140625,1831.5,27283,90.45999908447266,23069.0,42398515.66320801,51119502.8492983
29-01-2021,1847.300048828125,1842.0,1876.0,1838.699951171875,1634,90.58000183105469,23059.0,42596891.825927734,51358683.175702594
01-02-2021,1860.800048828125,1866.5999755859375,1871.9000244140625,1850.0,1494,91.0199966430664,22699.072265625,42238434.78022814,50926494.79169054
02-02-2021,1830.5,1859.5999755859375,1861.300048828125,1827.5999755859375,1293,91.19999694824219,23045.0,42183872.5,50860709.54907162
03-02-2021,1832.199951171875,1834.800048828125,1842.4000244140625,1829.800048828125,1195,91.12000274658203,23027.0,42190068.275634766,50868179.739130415
04-02-2021,1788.9000244140625,1832.199951171875,1832.199951171875,1782.800048828125,2375,91.52999877929688,23020.0,41180478.56201172,49650926.64819353
05-02-2021,1810.9000244140625,1794.300048828125,1813.5,1790.9000244140625,1278,91.04000091552734,23015.0,41677864.06188965,50250619.79972227
08-02-2021,1831.9000244140625,1816.300048828125,1836.699951171875,1809.0,254,90.93000030517578,23000.0,42133700.56152344,50800217.70137863
09-02-2021,1835.300048828125,1841.9000244140625,1843.300048828125,1830.699951171875,184,90.44000244140625,22970.0,42156842.12158203,50828119.2688474
10-02-2021,1840.5999755859375,1842.5999755859375,1851.0999755859375,1837.0,543,90.37000274658203,23010.0,42352205.43823242,51063667.03428071
11-02-2021,1824.9000244140625,1840.5,1845.0,1820.9000244140625,602,90.41999816894531,23010.0,41990949.56176758,50628104.12559389
12-02-2021,1821.5999755859375,1825.0,1827.5,1809.199951171875,259,90.4800033569336,23010.0,41915015.43823242,50536551.046819896
16-02-2021,1797.199951171875,1820.9000244140625,1823.4000244140625,1787.300048828125,1141,90.51000213623047,23010.0,41353570.876464844,49859622.469815336
17-02-2021,1771.0999755859375,1785.800048828125,1789.699951171875,1768.800048828125,614,90.94999694824219,23010.0,40753010.43823242,49135532.23804247
18-02-2021,1773.4000244140625,1776.0999755859375,1784.5999755859375,1766.0,587,90.58999633789062,23010.0,40805934.56176758,49199342.370108
19-02-2021,1775.800048828125,1764.300048828125,1787.5999755859375,1764.300048828125,118,90.36000061035156,23015.0,40870038.1237793,49276631.44897431
22-02-2021,1806.699951171875,1784.0,1807.800048828125,1784.0,165,90.01000213623047,22727.703125,41062140.12618637,49508247.07763006
23-02-2021,1804.4000244140625,1809.5999755859375,1811.300048828125,1796.4000244140625,569,90.16999816894531,23020.0,41537288.56201172,50081129.20425816
24-02-2021,1796.4000244140625,1805.800048828125,1805.800048828125,1796.4000244140625,1500,90.18000030517578,23025.0,41362110.56213379,49869918.690781035
25-02-2021,1774.4000244140625,1801.5,1802.0,1766.699951171875,1049,90.12999725341797,23020.0,40846688.56201172,49248479.09574598
26-02-2021,1728.0999755859375,1768.0999755859375,1768.199951171875,1718.800048828125,1593,90.93000030517578,23025.0,39789501.93786621,47973838.844786845
01-03-2021,1722.5,1737.0999755859375,1747.0,1720.300048828125,407,91.04000091552734,23015.0,39643337.5,47797609.717868336
02-03-2021,1733.0999755859375,1709.4000244140625,1733.0999755859375,1708.699951171875,867,90.79000091552734,23020.0,39895961.43798828,48102196.0911361
03-03-2021,1715.300048828125,1730.0,1732.4000244140625,1703.5,501,90.94999694824219,23022.0,39489637.724121094,47612295.30277441
04-03-2021,1700.199951171875,1706.5,1717.4000244140625,1700.199951171875,521,91.62999725341797,23020.0,39138602.87597656,47189055.79452202
05-03-2021,1698.0,1690.5999755859375,1701.0,1685.0,302,91.9800033569336,23019.0,39086262.0,47125948.8787075
08-03-2021,1677.699951171875,1704.699951171875,1705.4000244140625,1673.699951171875,1290,92.30999755859375,23033.0,38642462.9753418,46590864.45061707
09-03-2021,1716.5999755859375,1686.199951171875,1717.5,1685.199951171875,335,91.95999908447266,22707.5,38979693.945617676,46997460.74947875
10-03-2021,1721.5,1713.5999755859375,1722.9000244140625,1711.0,412,91.79000091552734,22726.470703125,39123619.31542969,47170990.252507456
11-03-2021,1722.300048828125,1725.5999755859375,1737.5,1720.199951171875,18,91.41999816894531,23052.0,39702460.72558594,47868894.05062206
12-03-2021,1719.5,1715.9000244140625,1722.5,1699.0,80,91.68000030517578,23051.0,39636194.5,47788997.46804919
15-03-2021,1728.9000244140625,1729.5,1731.9000244140625,1722.800048828125,147,91.83000183105469,22651.580078125,39162317.350087404,47217648.11922764
16-03-2021,1730.5999755859375,1732.300048828125,1733.9000244140625,1726.0,729,91.87000274658203,23081.0,39943978.03649902,48160089.265130244
17-03-2021,1726.800048828125,1735.300048828125,1750.0999755859375,1725.5999755859375,488,91.4000015258789,23082.0,39857998.72705078,48056424.79750516
18-03-2021,1732.199951171875,1745.800048828125,1750.300048828125,1721.800048828125,138,91.8499984741211,23045.0,39918547.87475586,48129428.35152623
19-03-2021,1741.4000244140625,1742.199951171875,1742.199951171875,1733.5999755859375,13,91.91999816894531,23065.0,40165391.56311035,48427045.530637026
22-03-2021,1737.800048828125,1737.800048828125,1737.800048828125,1737.800048828125,51,91.80000305175781,22761.62890625,39555159.82468891,47691294.70061359
23-03-2021,1724.699951171875,1724.699951171875,1724.699951171875,1724.699951171875,6,92.33999633789062,23076.0,39799176.07324219,47985502.86139642
24-03-2021,1732.9000244140625,1727.5,1732.9000244140625,1727.5,26,92.52999877929688,23070.0,39978003.56323242,48201113.53174876
25-03-2021,1724.9000244140625,1732.699951171875,1733.199951171875,1724.5,15,92.87999725341797,23080.0,39810692.56347656,47999388.18842122
26-03-2021,1732.199951171875,1721.300048828125,1732.199951171875,1721.300048828125,33,92.7699966430664,23084.0,39986103.67285156,48210879.759888545
29-03-2021,1712.0999755859375,1712.0999755859375,1712.0999755859375,1712.0999755859375,135457,92.94000244140625,23084.0,39522115.83642578,47651453.86595826
30-03-2021,1683.9000244140625,1711.0,1712.5999755859375,1676.5,25316,93.30000305175781,23070.0,38847573.56323242,46838164.41190309
31-03-2021,1713.800048828125,1683.699951171875,1713.800048828125,1676.5,762,93.2300033569336,23070.0,39537367.126464844,47669842.20697473
01-04-2021,1726.5,1706.800048828125,1728.800048828125,1706.4000244140625,720,92.93000030517578,23074.0,39837261.0,48031421.50952496
05-04-2021,1727.0,1727.9000244140625,1729.699951171875,1721.9000244140625,275,92.5999984741211,23073.0,39847071.0,48043249.33687002
06-04-2021,1741.5,1726.9000244140625,1744.800048828125,1726.9000244140625,890,92.33999633789062,23079.0,40192078.5,48459221.72654931
07-04-2021,1740.0999755859375,1742.699951171875,1742.699951171875,1733.699951171875,557,92.45999908447266,23090.0,40178908.4362793,48443342.70108427
08-04-2021,1756.800048828125,1736.0,1758.0,1734.5999755859375,1298,92.05999755859375,23090.0,40564513.127441406,48908262.75312443
09-04-2021,1743.300048828125,1750.800048828125,1750.800048828125,1733.300048828125,484,92.16000366210938,23085.0,40244081.627197266,48521921.421747364
12-04-2021,1731.199951171875,1740.800048828125,1740.800048828125,1726.699951171875,40,92.13999938964844,22697.6328125,39294140.81671715,47376586.46819043
13-04-2021,1746.199951171875,1733.800048828125,1746.9000244140625,1722.0999755859375,367,91.8499984741211,23067.0,40279594.27368164,48564738.695058644
14-04-2021,1734.9000244140625,1741.300048828125,1745.9000244140625,1732.699951171875,1037,91.69000244140625,23069.0,40022408.66320801,48254652.354965046
15-04-2021,1765.4000244140625,1740.0999755859375,1767.9000244140625,1740.0999755859375,368,91.66999816894531,23078.0,40741901.763427734,49122138.61035415
16-04-2021,1779.0,1770.4000244140625,1779.5,1770.0999755859375,625,91.55999755859375,23073.0,41046867.0,49489832.40897034
19-04-2021,1769.4000244140625,1782.0999755859375,1788.5,1769.4000244140625,144,91.06999969482422,22747.548828125,40249513.451844454,48528470.52308229
20-04-2021,1777.300048828125,1769.300048828125,1777.300048828125,1765.5,1464,91.23999786376953,23073.0,41007644.02661133,49442541.628419735
21-04-2021,1792.300048828125,1783.0,1794.0999755859375,1777.699951171875,250,91.16000366210938,23074.0,41355531.326660156,49861986.16669901
22-04-2021,1781.199951171875,1794.199951171875,1794.199951171875,1779.5,159,91.33000183105469,23074.0,41099407.673339844,49553180.21863979
23-04-2021,1777.0,1786.0999755859375,1794.5,1772.0,332,90.86000061035156,23070.0,40995390.0,49427767.06052568
26-04-2021,1779.199951171875,1778.0,1779.699951171875,1770.800048828125,549,90.80999755859375,22664.841796875,40325285.41831827,48619828.090569414
27-04-2021,1778.0,1780.0,1782.0,1777.699951171875,117,90.91000366210938,23040.0,40965120.0,49391270.79816735
28-04-2021,1773.199951171875,1768.199951171875,1774.0,1764.5999755859375,756,90.61000061035156,23042.0,40858073.274902344,49262205.54003176
29-04-2021,1768.0999755859375,1781.0,1789.0,1758.5999755859375,196,90.61000061035156,23047.0,40749400.1373291,49131179.33123837
30-04-2021,1767.300048828125,1771.800048828125,1771.800048828125,1763.9000244140625,18,91.27999877929688,23054.0,40743335.325683594,49123867.04326452
03-05-2021,1791.4000244140625,1788.5,1793.0,1788.5,18,90.94999694824219,22837.033203125,40910261.83762288,49325128.8131455
04-05-2021,1775.800048828125,1788.199951171875,1788.5,1774.800048828125,182,91.29000091552734,23054.0,40939294.325683594,49360133.01866843
05-05-2021,1784.0999755859375,1781.5,1784.0999755859375,1779.199951171875,57,91.30999755859375,23050.0,41123504.43725586,49582233.46666971
06-05-2021,1815.5,1788.9000244140625,1815.5,1787.5999755859375,13,90.94999694824219,23060.0,41865430.0,50476766.33711116
07-05-2021,1831.0999755859375,1842.9000244140625,1842.9000244140625,1831.0999755859375,2,90.2300033569336,23067.0,42237983.13684082,50925950.24938609
10-05-2021,1837.5,1835.5999755859375,1845.5999755859375,1835.4000244140625,13,90.20999908447266,22562.2265625,41458091.30859375,49985641.79960664
11-05-2021,1835.9000244140625,1837.199951171875,1838.0999755859375,1831.5999755859375,420,90.13999938964844,23060.0,42335854.56298828,51043952.93343174
12-05-2021,1822.5999755859375,1825.199951171875,1825.199951171875,1821.699951171875,3,90.70999908447266,23055.0,42020042.43713379,50663181.13953917
13-05-2021,1823.800048828125,1814.699951171875,1826.800048828125,1814.0999755859375,100,90.75,23053.0,42044062.525634766,50692141.94072192
14-05-2021,1837.9000244140625,1824.5,1842.9000244140625,1824.5,41,90.31999969482422,23040.0,42345216.5625,51055240.61068242
17-05-2021,1867.5,1849.9000244140625,1867.5,1847.199951171875,13,90.22000122070312,23048.0,43042140.0,51895514.829997584
18-05-2021,1867.800048828125,1870.5,1870.5,1867.800048828125,3,89.75,23046.0,43045319.92529297,51899348.83686155
19-05-2021,1881.300048828125,1866.4000244140625,1884.9000244140625,1863.5999755859375,348,90.19000244140625,23040.0,43345153.125,52260854.98553171
20-05-2021,1881.800048828125,1865.5,1885.0,1864.800048828125,85,89.80999755859375,23045.0,43366082.12524414,52286088.889853075
21-05-2021,1876.699951171875,1872.0999755859375,1876.699951171875,1872.0999755859375,5,90.0199966430664,23045.0,43248550.37475586,52144381.93242809
24-05-2021,1884.5999755859375,1882.0999755859375,1884.5999755859375,1882.0999755859375,39,89.83000183105469,23054.0,43447567.8371582,52384335.467998795
25-05-2021,1898.0999755859375,1882.5,1898.0999755859375,1882.5,56,89.63999938964844,23056.0,43762593.037109375,52764158.47252155
26-05-2021,1901.300048828125,1901.300048828125,1901.300048828125,1901.300048828125,170526,90.04000091552734,23060.0,43843979.12597656,52862284.93607012
27-05-2021,1895.699951171875,1896.800048828125,1903.9000244140625,1888.199951171875,35794,89.97000122070312,23055.0,43705362.37426758,52695155.98537205
28-05-2021,1902.5,1897.5,1905.4000244140625,1881.9000244140625,2415,90.02999877929688,23045.0,43843112.5,52861240.0530504
01-06-2021,1902.9000244140625,1905.0999755859375,1916.199951171875,1892.800048828125,640,89.83000183105469,23040.0,43842816.5625,52860883.24391126
02-06-2021,1907.5,1899.199951171875,1908.800048828125,1896.0,1267,89.9000015258789,23044.0,43956430.0,52997865.92717627
03-06-2021,1871.199951171875,1908.800048828125,1908.800048828125,1865.0,1021,90.5,23040.0,43112446.875,51980283.18664094
04-06-2021,1889.800048828125,1869.300048828125,1895.5,1854.0,367,90.13999938964844,23041.0,43542882.92504883,52499255.9983709
07-06-2021,1896.800048828125,1890.5,1899.699951171875,1883.199951171875,87,89.94999694824219,23044.0,43709860.32519531,52700579.12369823
08-06-2021,1892.199951171875,1896.5,1902.9000244140625,1890.0,930,90.08000183105469,23000.0,43520598.876953125,52472388.325238876
09-06-2021,1893.199951171875,1894.9000244140625,1897.699951171875,1889.199951171875,148,90.12000274658203,22952.0,43452725.279296875,52390553.74885082
10-06-2021,1894.199951171875,1887.699951171875,1899.800048828125,1871.5,186,90.08000183105469,22955.0,43481359.87915039,52425078.224198684
11-06-2021,1877.4000244140625,1900.9000244140625,1902.300048828125,1875.199951171875,349,90.55999755859375,22947.0,43080698.36022949,51942004.29253616
14-06-2021,1864.0,1866.199951171875,1866.5999755859375,1846.5,41,90.5199966430664,22945.0,42769480.0,51566771.1598746
15-06-2021,1854.5,1866.4000244140625,1867.199951171875,1854.4000244140625,78,90.54000091552734,22944.0,42549648.0,51301721.72654931
16-06-2021,1859.5,1859.4000244140625,1860.0999755859375,1809.199951171875,117,91.12999725341797,22947.0,42669946.5,51446764.52857487
17-06-2021,1773.800048828125,1811.800048828125,1823.300048828125,1769.5999755859375,1135,91.88999938964844,22946.0,40701615.920410156,49073566.337605685
18-06-2021,1767.9000244140625,1775.699951171875,1792.4000244140625,1767.9000244140625,354,92.2300033569336,22960.0,40590984.560546875,48940179.11809365
21-06-2021,1781.800048828125,1768.800048828125,1785.199951171875,1766.800048828125,38,91.86000061035156,22995.0,40972492.122802734,49400159.299255766
22-06-2021,1776.300048828125,1783.4000244140625,1786.9000244140625,1775.9000244140625,101,91.7300033569336,23014.0,40879769.32373047,49288364.26782067
23-06-2021,1782.300048828125,1780.699951171875,1793.199951171875,1780.5999755859375,136,91.80000305175781,23025.0,41037458.62426758,49478488.81633419
24-06-2021,1775.5999755859375,1778.9000244140625,1786.4000244140625,1775.5999755859375,78,91.81999969482422,23020.0,40874311.43798828,49281783.744861685
25-06-2021,1776.5999755859375,1777.699951171875,1788.0,1775.199951171875,35,91.80999755859375,23003.0,40867129.23840332,49273124.2324612
28-06-2021,1779.5999755859375,1779.5999755859375,1779.5999755859375,1779.5999755859375,888,91.87999725341797,22700.0546875,40397016.767674446,48706313.92292554
29-06-2021,1762.800048828125,1776.800048828125,1777.0999755859375,1752.0999755859375,419,92.05000305175781,23020.0,40579657.12402344,48926521.73140033
30-06-2021,1770.800048828125,1761.0999755859375,1770.800048828125,1759.199951171875,51,92.44000244140625,23020.0,40763817.12402344,49148561.76033691
01-07-2021,1775.9000244140625,1775.699951171875,1781.199951171875,1768.800048828125,44,92.5999984741211,23014.0,40870563.161865234,49277264.48259614
02-07-2021,1782.5999755859375,1778.699951171875,1787.9000244140625,1778.300048828125,23,92.2300033569336,23010.0,41017625.43823242,49454576.1251898
06-07-2021,1793.5,1786.699951171875,1809.800048828125,1786.699951171875,332,92.55000305175781,22996.0,41243326.0,49726701.22980468
07-07-2021,1801.5,1798.699951171875,1808.4000244140625,1797.199951171875,244,92.63999938964844,23007.0,41447110.5,49972402.33904027
08-07-2021,1799.5999755859375,1797.0,1818.5,1797.0,148,92.36000061035156,23015.0,41417793.43811035,49937055.025452554
09-07-2021,1810.0,1803.5999755859375,1810.0999755859375,1798.800048828125,218,92.12999725341797,23007.0,41642670.0,50208186.64094526
12-07-2021,1805.5,1802.5999755859375,1805.5,1799.5,147,92.2300033569336,22626.92578125,40852914.498046875,49255985.64992389
13-07-2021,1809.4000244140625,1808.0999755859375,1812.0,1800.5999755859375,78,92.75,23020.0,41652388.56201172,50219904.22234352
14-07-2021,1824.300048828125,1813.0999755859375,1829.0,1813.0999755859375,707,92.41000366210938,23010.0,41977144.123535156,50611459.03488685
15-07-2021,1828.4000244140625,1831.5999755859375,1833.0,1823.4000244140625,99,92.62000274658203,23011.0,42073312.96179199,50727408.924272954
16-07-2021,1814.5,1830.0999755859375,1831.4000244140625,1814.5,78,92.69000244140625,23009.0,41749830.5,50337389.076440796
19-07-2021,1808.699951171875,1803.300048828125,1813.4000244140625,1803.300048828125,33,92.88999938964844,22667.59375,40998875.7088089,49431969.7477802
20-07-2021,1810.9000244140625,1812.9000244140625,1824.0,1810.9000244140625,128,92.97000122070312,23020.0,41686918.56201172,50261536.72776913
21-07-2021,1802.9000244140625,1807.0,1807.0,1800.0,135,92.75,23026.0,41513575.9621582,50052539.13932747
22-07-2021,1805.0,1793.5999755859375,1805.0,1793.5999755859375,2,92.81999969482422,23022.0,41554710.0,50102134.072823726
23-07-2021,1801.4000244140625,1800.0,1801.4000244140625,1800.0,1,92.91000366210938,23010.0,41450214.56176758,49976144.87794499
26-07-2021,1798.699951171875,1802.5,1802.5,1797.199951171875,17,92.6500015258789,22652.552734375,40745145.497238636,49126049.55056503
27-07-2021,1799.5,1803.699951171875,1803.699951171875,1799.5,1,92.43000030517578,23008.0,41402896.0,49919093.32047263
28-07-2021,1799.5,1799.5,1799.5,1799.5,209783,92.31999969482422,23005.0,41397497.5,49912584.39836026
29-07-2021,1831.199951171875,1806.5999755859375,1832.5999755859375,1806.0999755859375,30496,91.86000061035156,22999.0,42115767.67700195,50778596.18640216
30-07-2021,1812.5999755859375,1828.0,1830.5,1808.9000244140625,3100,92.16999816894531,22965.0,41626358.439331055,50188519.94132029
02-08-2021,1818.0999755859375,1812.4000244140625,1818.699951171875,1804.800048828125,1334,92.05000305175781,22950.0,41725394.439697266,50307926.74185829
03-08-2021,1810.0999755859375,1812.300048828125,1813.5,1806.0,3341,92.08000183105469,22950.0,41541794.439697266,50086561.89980379
04-08-2021,1810.5,1809.300048828125,1831.300048828125,1806.300048828125,2860,92.2699966430664,22950.0,41550975.0,50097630.8174584
05-08-2021,1805.0999755859375,1810.800048828125,1813.699951171875,1796.0,588,92.23999786376953,22945.0,41418018.939819336,49937326.910802186
06-08-2021,1760.0,1799.800048828125,1800.0999755859375,1758.4000244140625,859,92.80000305175781,22936.0,40367360.0,48670557.02917772
09-08-2021,1723.4000244140625,1753.5,1753.800048828125,1692.5999755859375,1621,92.94999694824219,22672.322265625,39073480.74610162,47110538.63769185
10-08-2021,1728.800048828125,1728.5999755859375,1735.199951171875,1720.0999755859375,1363,93.05999755859375,22925.0,39632741.119384766,47784833.75860232
11-08-2021,1750.4000244140625,1727.300048828125,1752.199951171875,1727.300048828125,542,92.91000366210938,22887.0,40061405.35876465,48301670.31440155
12-08-2021,1749.0,1749.699951171875,1752.4000244140625,1745.5,739,93.04000091552734,22809.0,39892941.0,48098554.37665782
13-08-2021,1775.199951171875,1758.300048828125,1777.300048828125,1757.4000244140625,436,92.5199966430664,22805.0,40483434.88647461,48810507.458975896
16-08-2021,1786.9000244140625,1776.9000244140625,1787.800048828125,1771.9000244140625,219,92.62999725341797,22830.0,40794927.55737305,49186071.325504035
17-08-2021,1785.0,1787.699951171875,1794.199951171875,1780.0,200,93.12999725341797,22830.0,40751550.0,49133771.40101278
18-08-2021,1781.5999755859375,1787.800048828125,1791.5,1779.0,263,93.13999938964844,22830.0,40673927.44262695,49040182.59299126
19-08-2021,1780.199951171875,1780.0,1789.300048828125,1775.5,245,93.56999969482422,22807.0,40601020.28637695,48952279.10100911
20-08-2021,1781.0,1784.0999755859375,1787.5,1778.199951171875,235,93.5,22812.0,40628172.0,48985015.67398119
23-08-2021,1803.199951171875,1776.800048828125,1804.800048828125,1776.800048828125,32,92.95999908447266,22451.056640625,40483744.238132,48810880.441442005
24-08-2021,1805.5999755859375,1801.0,1805.5999755859375,1801.0,22,92.88999938964844,22825.0,41212819.44274902,49689919.75253077
25-08-2021,1788.199951171875,1792.0,1792.9000244140625,1784.0,812,92.83000183105469,22820.0,40806722.88574219,49200292.84511959
26-08-2021,1792.199951171875,1787.4000244140625,1792.199951171875,1781.0,61,93.05999755859375,22790.0,40844236.88720703,49245523.13384016
27-08-2021,1816.5999755859375,1803.4000244140625,1816.5999755859375,1803.0999755859375,1219,92.69000244140625,22785.0,41391230.443725586,49905028.26588568
30-08-2021,1809.0,1818.199951171875,1820.300048828125,1807.800048828125,684,92.6500015258789,22789.0,41225301.0,49704968.65203761
31-08-2021,1815.0,1815.9000244140625,1815.9000244140625,1801.0999755859375,82,92.62999725341797,22775.0,41336625.0,49839190.981432356
01-09-2021,1813.0999755859375,1813.5,1815.9000244140625,1809.5,114,92.44999694824219,22775.0,41293351.94396973,49787017.05325504
02-09-2021,1808.699951171875,1813.199951171875,1813.9000244140625,1806.800048828125,26,92.2300033569336,22760.0,41166010.888671875,49633483.10666973
03-09-2021,1830.9000244140625,1820.9000244140625,1833.9000244140625,1818.9000244140625,53,92.04000091552734,22760.0,41671284.55566406,50242686.94919708
07-09-2021,1795.9000244140625,1825.699951171875,1825.699951171875,1792.699951171875,48,92.5199966430664,22760.0,40874684.55566406,49282233.6094334
08-09-2021,1790.699951171875,1781.699951171875,1790.699951171875,1781.699951171875,69,92.6500015258789,22758.0,40752749.48876953,49135217.61365991
09-09-2021,1797.4000244140625,1798.699951171875,1798.699951171875,1787.9000244140625,49,92.4800033569336,22757.0,40903432.35559082,49316894.56907502
10-09-2021,1789.5999755859375,1789.5999755859375,1789.5999755859375,1789.5999755859375,0,92.58000183105469,22765.0,40740243.44421387,49120139.1900336
13-09-2021,1792.0,1789.800048828125,1796.0,1784.0,533,92.62000274658203,22757.0,40780544.0,49168729.20183265
14-09-2021,1804.699951171875,1791.4000244140625,1806.199951171875,1783.0,764,92.6500015258789,22759.0,41073166.1887207,49521541.10045901
15-09-2021,1792.4000244140625,1803.699951171875,1803.699951171875,1792.4000244140625,59,92.48999786376953,22759.0,40793232.15563965,49184027.19512858
16-09-2021,1754.5999755859375,1792.9000244140625,1792.9000244140625,1743.9000244140625,1645,92.86000061035156,22758.0,39931186.244384766,48144666.31828402
17-09-2021,1749.4000244140625,1758.800048828125,1763.0,1749.4000244140625,581,93.19999694824219,22753.0,39804098.755493164,47991438.09439735
20-09-2021,1761.800048828125,1751.800048828125,1761.800048828125,1750.9000244140625,185,93.23999786376953,22770.0,40116187.111816406,48367720.17339812
21-09-2021,1776.0,1762.199951171875,1776.0,1759.0,106,93.19999694824219,22769.0,40437744.0,48755418.37472872
22-09-2021,1776.699951171875,1776.699951171875,1784.300048828125,1767.0,17,93.45999908447266,22755.0,40428807.388916016,48744643.58441767
23-09-2021,1747.699951171875,1766.800048828125,1766.800048828125,1738.199951171875,31,93.0999984741211,22760.0,39777650.888671875,47959550.14308159
24-09-2021,1749.699951171875,1749.699951171875,1749.699951171875,1745.0,76,93.33000183105469,22762.0,39826670.28857422,48018652.38554885
27-09-2021,1750.0,1751.699951171875,1754.4000244140625,1747.5,808,93.37999725341797,22760.0,39830000.0,48022666.98818423
28-09-2021,1735.800048828125,1739.5999755859375,1741.699951171875,1726.800048828125,15748,93.7699966430664,22766.0,39517223.911621094,47645555.71692922
29-09-2021,1721.5,1732.4000244140625,1744.0999755859375,1721.4000244140625,6634,94.33999633789062,22761.0,39183061.5,47242659.15119363
30-09-2021,1755.300048828125,1725.5,1760.300048828125,1724.5,997,94.25,22753.0,39938342.01098633,48153293.96067799
01-10-2021,1757.0,1754.300048828125,1762.5999755859375,1748.5,2220,94.04000091552734,22750.0,39971750.0,48193573.6677116
04-10-2021,1766.199951171875,1764.5,1768.9000244140625,1749.5,417,93.80999755859375,22757.0,40193412.28881836,48460829.86353793
05-10-2021,1759.5999755859375,1764.300048828125,1764.300048828125,1749.0,98,93.9800033569336,22757.0,40043216.64440918,48279740.34773231
06-10-2021,1760.5,1759.300048828125,1762.9000244140625,1744.699951171875,56,94.2699966430664,22754.0,40058417.0,48298067.277550034
07-10-2021,1757.9000244140625,1762.4000244140625,1762.4000244140625,1752.800048828125,336,94.22000122070312,22750.0,39992225.55541992,48218260.857752495
08-10-2021,1756.300048828125,1757.0,1780.0,1754.199951171875,254,94.06999969482422,22750.0,39955826.110839844,48174374.380081795
11-10-2021,1754.5999755859375,1756.5999755859375,1757.800048828125,1752.199951171875,128,94.31999969482422,22399.798828125,39302686.47695804,47386889.892642915
12-10-2021,1758.300048828125,1751.9000244140625,1768.0,1749.800048828125,139,94.5199966430664,22750.0,40001326.110839844,48229233.31425107
13-10-2021,1793.699951171875,1760.800048828125,1794.5,1760.800048828125,150,94.08000183105469,22757.0,40819229.78881836,49215372.30385623
14-10-2021,1796.699951171875,1792.199951171875,1799.9000244140625,1792.0,337,93.95999908447266,22757.0,40887500.78881836,49297686.02461823
15-10-2021,1767.199951171875,1794.5,1795.4000244140625,1766.5999755859375,874,93.94000244140625,22757.0,40216169.28881836,48488267.770458594
18-10-2021,1764.800048828125,1761.5999755859375,1770.0999755859375,1759.5,266,93.94999694824219,22758.0,40163319.51123047,48424547.27662222
19-10-2021,1769.699951171875,1777.5999755859375,1785.0,1767.5,51,93.79000091552734,22758.0,40274831.48876953,48558996.24881785
20-10-2021,1784.0999755859375,1774.5999755859375,1785.5999755859375,1774.0,127,93.55999755859375,22755.0,40597194.94445801,48947666.921217754
21-10-2021,1781.199951171875,1782.0,1785.699951171875,1781.0,146,93.7699966430664,22755.0,40531204.888916016,48868103.314342916
22-10-2021,1795.5,1787.0999755859375,1806.9000244140625,1784.0,532,93.61000061035156,22750.0,40847625.0,49249608.15047022
25-10-2021,1806.0,1794.300048828125,1809.0,1794.0,140,93.80999755859375,22394.345703125,40444188.33984375,48763188.25638262
26-10-2021,1792.699951171875,1808.800048828125,1808.800048828125,1788.5999755859375,359,93.94999694824219,22745.0,40774960.3894043,49161997.09356679
27-10-2021,1797.9000244140625,1791.5,1798.0999755859375,1791.5,543,93.86000061035156,22757.0,40914810.85559082,49330613.52253535
28-10-2021,1801.5999755859375,1795.5,1807.300048828125,1795.5,452,93.3499984741211,22755.0,40995407.44445801,49427788.093149275
29-10-2021,1783.0,1793.0999755859375,1797.0,1774.5999755859375,583,94.12000274658203,22750.0,40563250.0,48906739.81191222
01-11-2021,1795.0999755859375,1787.5,1795.0999755859375,1786.699951171875,142,93.87999725341797,22750.0,40838524.44458008,49238635.69397164
02-11-2021,1788.699951171875,1790.5,1795.5,1787.699951171875,213,94.08999633789062,22750.0,40692923.889160156,49063086.43496522
03-11-2021,1763.5999755859375,1768.0,1768.0,1761.800048828125,108,93.86000061035156,22748.0,40118372.244628906,48370354.76805993
04-11-2021,1793.0,1776.5999755859375,1798.199951171875,1776.199951171875,103,94.3499984741211,22747.0,40785371.0,49174549.071618035
05-11-2021,1816.4000244140625,1794.9000244140625,1817.0999755859375,1794.9000244140625,239,94.31999969482422,22680.0,41195952.55371094,49669583.49856636
08-11-2021,1827.4000244140625,1817.0,1827.4000244140625,1816.9000244140625,261,94.05000305175781,22680.0,41445432.55371094,49970379.25453453
09-11-2021,1830.199951171875,1826.0999755859375,1832.699951171875,1820.699951171875,170,93.95999908447266,22660.0,41472330.89355469,50002810.33705653
10-11-2021,1847.5999755859375,1825.800048828125,1865.0,1824.9000244140625,795,94.8499984741211,22662.0,41870310.646728516,50482650.88826684
11-11-2021,1863.199951171875,1853.9000244140625,1866.5,1853.9000244140625,292,95.18000030517578,22660.0,42220110.89355469,50904401.84899287
12-11-2021,1867.9000244140625,1860.800048828125,1867.9000244140625,1847.5999755859375,210,95.12999725341797,22645.0,42298596.052856445,50999030.688276395
15-11-2021,1866.0999755859375,1864.5,1866.9000244140625,1864.5,87,95.41000366210938,22640.0,42248503.447265625,50938634.49151871
16-11-2021,1853.5999755859375,1853.5999755859375,1853.5999755859375,1853.5999755859375,1,95.91999816894531,22645.0,41974771.447143555,50608598.32064571
17-11-2021,1869.699951171875,1862.5999755859375,1869.699951171875,1862.5999755859375,2,95.83000183105469,22650.0,42348703.89404297,51059445.25445258
18-11-2021,1861.0,1861.0,1861.0,1861.0,9,95.54000091552734,22648.0,42147928.0,50817371.593923315
19-11-2021,1851.199951171875,1851.199951171875,1851.199951171875,1851.199951171875,21,96.06999969482422,22650.0,41929678.89404297,50554230.64147934
22-11-2021,1806.0,1841.5999755859375,1841.5999755859375,1805.699951171875,14,96.5,22657.0,40918542.0,49335112.12925006
23-11-2021,1783.5,1795.5,1795.5,1783.5,264,96.48999786376953,22670.0,40431945.0,48748426.573426574
24-11-2021,1784.0999755859375,1793.0,1793.0,1781.4000244140625,188,96.83999633789062,22675.0,40454466.94641113,48775581.07838333
26-11-2021,1785.300048828125,1791.0999755859375,1791.4000244140625,1785.300048828125,186800,96.08999633789062,22670.0,40472752.106933594,48797627.32931468
29-11-2021,1782.300048828125,1791.699951171875,1798.9000244140625,1779.0999755859375,26926,96.33999633789062,22678.0,40419000.50732422,48732819.51690887
30-11-2021,1773.5999755859375,1783.9000244140625,1808.0999755859375,1768.699951171875,4903,95.98999786376953,22690.0,40242983.44604492,48520597.35476841
01-12-2021,1781.5999755859375,1774.800048828125,1790.5,1772.300048828125,1128,96.05000305175781,22688.0,40420940.24609375,48735158.24221576
02-12-2021,1760.699951171875,1780.9000244140625,1780.9000244140625,1760.5999755859375,1557,96.12999725341797,22710.0,39985495.89111328,48210146.9630013
03-12-2021,1782.0,1767.5,1785.0999755859375,1766.5,694,96.12000274658203,22730.0,40504860.0,48836339.52254642
06-12-2021,1777.5,1780.199951171875,1783.0,1777.199951171875,381,96.29000091552734,22830.0,40580325.0,48927326.98336147
07-12-2021,1782.5999755859375,1779.5,1786.0999755859375,1772.300048828125,308,96.37000274658203,23020.0,41035451.43798828,49476068.770181194
08-12-2021,1783.4000244140625,1789.9000244140625,1789.9000244140625,1779.0,1383,95.88999938964844,23070.0,41143038.56323242,49605785.5838346
09-12-2021,1774.5999755859375,1783.5,1783.5,1771.800048828125,455,96.2699966430664,22920.0,40673831.44042969,49040066.8440194
10-12-2021,1782.9000244140625,1773.800048828125,1785.4000244140625,1769.0999755859375,545,96.05000305175781,22980.0,40971042.561035156,49398411.57588034
13-12-2021,1786.300048828125,1784.4000244140625,1787.0999755859375,1783.800048828125,206,96.31999969482422,23025.0,41129558.62426758,49589532.9446197
14-12-2021,1770.4000244140625,1787.0,1787.0,1769.0,322,96.56999969482422,22975.0,40674940.560913086,49041404.10044982
15-12-2021,1762.5999755859375,1767.4000244140625,1778.699951171875,1753.9000244140625,283,96.51000213623047,23000.0,40539799.43847656,48878465.6842013
16-12-2021,1796.5999755859375,1781.0,1798.0999755859375,1781.0,21,96.04000091552734,23030.0,41375697.43774414,49886300.26253212
17-12-2021,1803.800048828125,1804.0,1812.9000244140625,1803.800048828125,654,96.56999969482422,22990.0,41469363.122558594,49999232.1226894
20-12-2021,1793.699951171875,1796.800048828125,1799.800048828125,1792.0,226,96.55000305175781,22980.0,41219224.87792969,49697642.727187954
21-12-2021,1787.9000244140625,1791.4000244140625,1796.5,1787.9000244140625,575,96.48999786376953,22928.0,40992971.759765625,49424851.41037572
22-12-2021,1801.5999755859375,1786.0,1805.199951171875,1785.5,567,96.08000183105469,22933.0,41316092.240112305,49814434.82048746
23-12-2021,1811.199951171875,1806.0,1811.199951171875,1800.800048828125,193,96.0199966430664,22955.0,41576094.87915039,50127917.626176015
27-12-2021,1808.0999755859375,1810.0,1812.0999755859375,1807.0,150,96.08999633789062,22840.0,41297003.44238281,49791419.63152015
28-12-2021,1810.199951171875,1812.0,1818.0,1805.5,146,96.19999694824219,22810.0,41290660.88623047,49783772.46953276
29-12-2021,1805.0999755859375,1803.199951171875,1805.0999755859375,1791.4000244140625,623,95.93000030517578,22835.0,41219457.94250488,49697923.731016256
30-12-2021,1812.699951171875,1801.699951171875,1816.0,1796.0,306,95.97000122070312,22820.0,41365812.88574219,49874382.54851963
31-12-2021,1827.5,1825.0999755859375,1827.800048828125,1821.4000244140625,80,95.66999816894531,22765.0,41603037.5,50160402.0979021
03-01-2022,1799.4000244140625,1830.0999755859375,1830.0999755859375,1798.800048828125,116,96.23999786376953,22825.0,41071305.55725098,49519297.754100524
04-01-2022,1814.0,1800.5,1815.300048828125,1800.0,38,96.29000091552734,22825.0,41404550.0,49921087.5331565
05-01-2022,1824.5999755859375,1813.0999755859375,1824.5999755859375,1813.0999755859375,8,96.19000244140625,22752.0,41513298.64453125,50052204.77999909
06-01-2022,1788.699951171875,1787.0999755859375,1791.300048828125,1787.0999755859375,30,96.25,22755.0,40701867.388916016,49073869.530884996
07-01-2022,1797.0,1791.800048828125,1797.0,1784.4000244140625,17,95.73999786376953,22745.0,40872765.0,49279919.21871232
10-01-2022,1798.4000244140625,1794.9000244140625,1798.699951171875,1790.4000244140625,534,95.98999786376953,22685.0,40796704.55383301,49188213.833895594
11-01-2022,1818.5999755859375,1803.9000244140625,1822.5,1803.0,743,95.62000274658203,22695.0,41273126.44592285,49762631.35510351
12-01-2022,1827.199951171875,1819.0,1827.199951171875,1816.9000244140625,1547,95.0,22698.0,41473784.49169922,50004562.92705476
13-01-2022,1821.199951171875,1819.800048828125,1823.0,1815.4000244140625,40,94.79000091552734,22698.0,41337596.49169922,49840362.30009551
14-01-2022,1816.5,1821.5,1822.0,1816.5,816,95.16999816894531,22710.0,41252715.0,49738021.46129732
18-01-2022,1812.300048828125,1816.800048828125,1820.0999755859375,1812.300048828125,900,95.7300033569336,22720.0,41175457.109375,49644872.32864118
19-01-2022,1843.0999755859375,1817.4000244140625,1843.0999755859375,1817.4000244140625,4,95.51000213623047,22750.0,41930524.44458008,50555250.11403433
20-01-2022,1842.5,1840.5999755859375,1843.0,1838.199951171875,20,95.73999786376953,22700.0,41824750.0,50427718.83289125
21-01-2022,1831.800048828125,1838.0,1842.4000244140625,1828.9000244140625,19,95.63999938964844,22645.0,41481112.10571289,50013397.76430298
24-01-2022,1841.699951171875,1837.9000244140625,1842.0999755859375,1837.9000244140625,8,95.91999816894531,22625.0,41668461.39526367,50239283.09050358
25-01-2022,1852.699951171875,1843.0,1852.699951171875,1842.0,11,95.94999694824219,22675.0,42009971.392822266,50651038.57345342
26-01-2022,1829.9000244140625,1829.9000244140625,1829.9000244140625,1829.9000244140625,55,96.48999786376953,22630.0,41410637.552490234,49928427.239558995
27-01-2022,1793.300048828125,1793.300048828125,1793.300048828125,1793.300048828125,196036,97.26000213623047,22630.0,40582380.10498047,48929804.80465453
28-01-2022,1784.9000244140625,1797.5,1798.4000244140625,1778.800048828125,28521,97.2699966430664,22630.0,40392287.552490234,48700611.95139888
31-01-2022,1795.0,1788.5,1798.5,1785.0999755859375,1735,96.54000091552734,22645.0,40647775.0,49008650.831926696
01-02-2022,1800.300048828125,1797.199951171875,1806.0999755859375,1797.0999755859375,223,96.38999938964844,22645.0,40767794.60571289,49153357.37365914
02-02-2022,1809.199951171875,1797.800048828125,1810.0999755859375,1795.0999755859375,1690,95.94000244140625,22645.0,40969332.89428711,49396350.2463071
03-02-2022,1803.0,1805.800048828125,1808.0999755859375,1787.9000244140625,466,95.37999725341797,22645.0,40828935.0,49227073.78828068
04-02-2022,1806.5999755859375,1806.0,1813.699951171875,1792.5,571,95.4800033569336,22645.0,40910456.447143555,49325363.45206602
07-02-2022,1820.5999755859375,1812.199951171875,1821.300048828125,1809.0999755859375,601,95.4000015258789,22645.0,41227486.447143555,49707603.6256855
08-02-2022,1826.5999755859375,1818.9000244140625,1827.5999755859375,1815.0,108,95.63999938964844,22665.0,41399888.44665527,49915467.140891336
09-02-2022,1835.199951171875,1825.4000244140625,1835.199951171875,1825.300048828125,683,95.48999786376953,22715.0,41686566.89086914,50261112.721086495
10-02-2022,1836.199951171875,1833.300048828125,1842.0999755859375,1820.800048828125,365,95.55000305175781,22680.0,41645014.892578125,50211013.85649641
11-02-2022,1840.800048828125,1822.0,1864.800048828125,1822.0,181,96.08000183105469,22680.0,41749345.107421875,50336803.84304542
14-02-2022,1868.0,1861.800048828125,1870.5999755859375,1854.5999755859375,79,96.37000274658203,22685.0,42375580.0,51091849.52978056
15-02-2022,1854.800048828125,1872.5999755859375,1879.699951171875,1847.4000244140625,86,95.98999786376953,22725.0,42150331.10961914,50820269.001228765
16-02-2022,1870.199951171875,1858.699951171875,1870.199951171875,1856.300048828125,34,95.69999694824219,22750.0,42547048.889160156,51298588.00236334
17-02-2022,1900.699951171875,1876.300048828125,1900.699951171875,1876.199951171875,393,95.80000305175781,22750.0,43240923.889160156,52135186.74844485
18-02-2022,1898.5999755859375,1899.4000244140625,1899.4000244140625,1890.699951171875,51,96.04000091552734,22785.0,43259600.443725586,52157704.899596795
22-02-2022,1906.0999755859375,1908.0999755859375,1912.0,1890.800048828125,173,96.02999877929688,22800.0,43459079.443359375,52398214.90638941
23-02-2022,1909.199951171875,1896.5999755859375,1910.5999755859375,1895.699951171875,73,96.19000244140625,22815.0,43558396.88598633,52517961.039289035
24-02-2022,1925.0999755859375,1911.9000244140625,1972.5,1911.699951171875,2706,97.13999938964844,22825.0,43940406.94274902,52978547.07348568
25-02-2022,1886.5,1906.9000244140625,1920.0,1883.5999755859375,586,96.62000274658203,22840.0,43087660.0,51950397.877984084
28-02-2022,1899.4000244140625,1928.300048828125,1928.4000244140625,1894.199951171875,390,96.70999908447266,22820.0,43344308.557128906,52259836.69776815
01-03-2022,1942.4000244140625,1908.300048828125,1942.4000244140625,1903.800048828125,547,97.41000366210938,22805.0,44296432.556762695,53407803.9025352
02-03-2022,1920.9000244140625,1945.5999755859375,1948.199951171875,1919.800048828125,109,97.38999938964844,22815.0,43825334.057006836,52839804.74681316
03-03-2022,1934.4000244140625,1930.5,1940.300048828125,1924.800048828125,122,97.79000091552734,22840.0,44181696.55761719,53269467.75695344
04-03-2022,1965.0999755859375,1937.0,1970.9000244140625,1935.5999755859375,47,98.6500015258789,22835.0,44873057.94250488,54103035.86026631
07-03-2022,1993.9000244140625,1989.0,2001.0999755859375,1963.0,2516,99.29000091552734,22830.0,45520737.55737305,54883937.25268031
08-03-2022,2040.0999755859375,1999.4000244140625,2072.0,1998.0,1813,99.05999755859375,22845.0,46606083.94226074,56192529.4698104
09-03-2022,1985.9000244140625,2053.60009765625,2063.0,1980.800048828125,1022,97.97000122070312,22845.0,45367886.05773926,54699645.5965026
10-03-2022,1998.0999755859375,1978.0999755859375,2010.5,1978.0999755859375,670,98.51000213623047,22835.0,45626612.94250488,55011590.23692414
11-03-2022,1982.699951171875,1985.0,1996.0,1959.9000244140625,865,99.12000274658203,22835.0,45274953.385009766,54587597.52231705
14-03-2022,1959.5999755859375,1976.5,1977.699951171875,1959.5999755859375,145,99.05999755859375,22873.0,44821930.24157715,54041391.658520795
15-03-2022,1928.5,1939.800048828125,1939.9000244140625,1910.699951171875,71,99.06999969482422,22890.0,44143365.0,53223251.74825174
16-03-2022,1908.0,1922.4000244140625,1922.4000244140625,1907.199951171875,104,98.37999725341797,22880.0,43655040.0,52634482.75862069
17-03-2022,1942.0999755859375,1933.9000244140625,1947.199951171875,1933.9000244140625,39,98.01000213623047,22879.0,44433305.341430664,53572830.168110274
18-03-2022,1928.199951171875,1934.5,1939.300048828125,1928.199951171875,28,98.2300033569336,22865.0,44088291.88354492,53156850.5950626
21-03-2022,1928.5999755859375,1925.4000244140625,1928.5999755859375,1925.0,5,98.5,22860.0,44087795.44189453,53156252.03990177
22-03-2022,1920.699951171875,1920.699951171875,1920.699951171875,1920.699951171875,26,98.48999786376953,22860.0,43907200.88378906,52938510.83167237
23-03-2022,1936.5999755859375,1936.5999755859375,1936.5999755859375,1936.5999755859375,204,98.62000274658203,22870.0,44290041.44165039,53400098.193453565
24-03-2022,1961.5999755859375,1963.5999755859375,1964.0,1961.5999755859375,8,98.79000091552734,22872.0,44865714.64160156,54094182.109478615
25-03-2022,1953.800048828125,1953.800048828125,1953.800048828125,1953.800048828125,83,98.80999755859375,22869.0,44681453.31665039,53872019.91397443
28-03-2022,1939.5999755859375,1932.5999755859375,1939.5999755859375,1932.5999755859375,7,99.08999633789062,22861.0,44341195.04187012,53461773.62173875
29-03-2022,1912.0,1893.5,1912.0,1893.5,128051,98.4000015258789,22860.0,43708320.0,52698721.96768748
30-03-2022,1933.5,1918.4000244140625,1937.0,1914.5,17765,97.79000091552734,22865.0,44209477.5,53302962.98529057
31-03-2022,1949.199951171875,1933.5,1949.9000244140625,1919.0999755859375,3617,98.30999755859375,22854.0,44547015.68408203,53709929.68903066
01-04-2022,1919.0999755859375,1935.0,1938.0,1917.0,1016,98.62999725341797,22838.0,43828405.24243164,52843507.64701186
04-04-2022,1929.199951171875,1921.199951171875,1936.0999755859375,1915.5999755859375,371,98.98999786376953,22837.0,44057139.28491211,53119290.19159888
05-04-2022,1922.9000244140625,1927.0999755859375,1943.5,1918.4000244140625,412,99.47000122070312,22846.0,43930573.95776367,52966691.533353835
06-04-2022,1918.4000244140625,1916.699951171875,1931.800048828125,1916.699951171875,138,99.5999984741211,22873.0,43879563.75842285,52905189.002197795
07-04-2022,1933.800048828125,1919.5,1934.800048828125,1919.5,311,99.75,22866.0,44218271.916503906,53313566.33289596
08-04-2022,1941.5999755859375,1928.800048828125,1947.699951171875,1928.800048828125,153,99.80000305175781,22859.0,44383033.841918945,53512218.28058711
11-04-2022,1944.300048828125,1946.5999755859375,1968.4000244140625,1941.800048828125,163,99.93000030517578,22860.0,44446699.11621094,53588978.91995531
12-04-2022,1972.0999755859375,1952.5,1977.0999755859375,1950.5999755859375,246,100.29000091552734,22860.0,45082205.44189453,54355203.08885282
13-04-2022,1981.0,1969.5,1981.0,1969.5,204,99.87999725341797,22888.0,45341128.0,54667383.65083192
14-04-2022,1970.9000244140625,1977.199951171875,1978.699951171875,1963.0,101,100.31999969482422,22887.0,45107988.85876465,54386289.91893495
18-04-2022,1982.9000244140625,1973.4000244140625,1997.0999755859375,1972.800048828125,196,100.77999877929688,22899.0,45406427.65905762,54746114.85297518
19-04-2022,1955.699951171875,1973.800048828125,1978.300048828125,1945.699951171875,130,100.95999908447266,22890.0,44765971.88232422,53973923.17618063
20-04-2022,1952.300048828125,1945.5,1953.5999755859375,1945.5,621,100.38999938964844,22955.0,44815047.62084961,54033093.34561081
21-04-2022,1944.9000244140625,1942.5,1944.9000244140625,1942.5,4,100.58000183105469,22962.0,44658794.3605957,53844700.217742585
22-04-2022,1931.0,1949.5999755859375,1950.4000244140625,1930.199951171875,178,101.22000122070312,22962.0,44339622.0,53459877.01953219
25-04-2022,1893.199951171875,1925.0,1925.0,1889.300048828125,748,101.75,22965.0,43477336.87866211,52420227.72927672
26-04-2022,1901.4000244140625,1900.5,1909.0999755859375,1894.0,302,102.30000305175781,22983.0,43699876.7611084,52688542.0317198
27-04-2022,1885.9000244140625,1897.800048828125,1900.5999755859375,1882.199951171875,1786,102.94999694824219,22970.0,43319123.560791016,52229471.37785268
28-04-2022,1888.699951171875,1883.800048828125,1893.0,1872.9000244140625,513,103.62000274658203,22965.0,43373994.37866211,52295628.62148795
29-04-2022,1909.300048828125,1902.699951171875,1918.199951171875,1902.4000244140625,132,102.95999908447266,22956.0,43829891.92089844,52845300.12165232
02-05-2022,1861.800048828125,1896.699951171875,1896.800048828125,1853.0,385,103.73999786376953,22962.0,42750652.721191406,51544071.28188016
03-05-2022,1868.800048828125,1868.800048828125,1868.800048828125,1868.800048828125,466,103.47000122070312,22962.0,42911386.721191406,51737866.796710156
04-05-2022,1867.0,1867.0,1867.0,1867.0,1,102.58999633789062,22962.0,42870054.0,51688032.31251507
05-05-2022,1874.0,1897.0,1904.300048828125,1874.0,80,103.75,22966.0,43038284.0,51890865.6860381
06-05-2022,1881.199951171875,1874.699951171875,1890.300048828125,1871.5,214,103.66000366210938,22955.0,43182944.87915039,52065281.98595417
09-05-2022,1857.0999755859375,1866.5999755859375,1867.5,1854.0,304,103.6500015258789,22955.0,42629729.939575195,51398275.78921533
10-05-2022,1839.9000244140625,1839.9000244140625,1839.9000244140625,1839.9000244140625,1540,103.91999816894531,22950.0,42225705.560302734,50911147.28756057
11-05-2022,1852.5999755859375,1841.5,1852.5999755859375,1841.0,892,103.8499984741211,22941.0,42500496.03991699,51242459.65748371
12-05-2022,1823.800048828125,1849.800048828125,1851.9000244140625,1822.199951171875,153,104.8499984741211,23050.0,42038591.12548828,50685545.12356918
13-05-2022,1807.4000244140625,1825.0,1825.0,1807.4000244140625,335,104.55999755859375,23096.0,41743710.96386719,50330010.80765274
16-05-2022,1813.5,1790.5,1813.5,1787.0,34,104.19000244140625,23086.0,41866461.0,50478009.40438871
17-05-2022,1818.199951171875,1824.9000244140625,1828.5999755859375,1816.699951171875,121,103.36000061035156,23095.0,41991327.87231445,50628560.25116283
18-05-2022,1815.9000244140625,1815.0,1819.699951171875,1805.0,311,103.80999755859375,23120.0,41983608.564453125,50619253.15222224
19-05-2022,1841.199951171875,1810.9000244140625,1841.199951171875,1810.699951171875,138,102.72000122070312,23139.0,42603525.670166016,51366681.541073084
20-05-2022,1841.800048828125,1839.0999755859375,1841.800048828125,1836.300048828125,110,103.1500015258789,23140.0,42619253.12988281,51385643.99551822
23-05-2022,1847.800048828125,1846.300048828125,1863.0,1845.800048828125,216,102.08000183105469,23160.0,42795049.130859375,51597599.62727197
24-05-2022,1865.0999755859375,1852.5,1867.0,1852.5,33,101.86000061035156,23170.0,43214366.43432617,52103166.66786372
25-05-2022,1846.199951171875,1846.199951171875,1846.199951171875,1846.199951171875,0,102.05999755859375,23210.0,42850300.86669922,51664216.1402209
26-05-2022,1847.4000244140625,1840.4000244140625,1847.4000244140625,1840.4000244140625,123355,101.83000183105469,23190.0,42841206.56616211,51653251.22517737
27-05-2022,1851.300048828125,1848.300048828125,1860.699951171875,1845.9000244140625,30091,101.66999816894531,23205.0,42959417.63305664,51795777.228185
31-05-2022,1842.699951171875,1850.300048828125,1862.0999755859375,1832.800048828125,4073,101.75,23176.0,42706414.068359375,51490733.14246368
01-06-2022,1843.300048828125,1831.0,1847.9000244140625,1825.300048828125,1623,102.55000305175781,23185.0,42736911.63208008,51527503.77632032
02-06-2022,1866.5,1845.4000244140625,1868.699951171875,1842.0999755859375,551,101.7699966430664,23196.0,43295334.0,52200788.521823004
03-06-2022,1845.4000244140625,1867.5999755859375,1871.800048828125,1845.4000244140625,53,102.13999938964844,23193.0,42800362.76623535,51604006.228882745
06-06-2022,1839.199951171875,1849.0,1854.0999755859375,1839.199951171875,142,102.44000244140625,23187.0,42645529.267822266,51417324.8948906
07-06-2022,1847.5,1836.9000244140625,1851.5999755859375,1835.0,1168,102.31999969482422,23180.0,42825050.0,51633771.40101278
08-06-2022,1851.9000244140625,1844.800048828125,1855.0,1844.4000244140625,218,102.54000091552734,23185.0,42936302.06604004,51767907.00028941
09-06-2022,1848.800048828125,1846.0999755859375,1850.0999755859375,1837.9000244140625,159,103.22000122070312,23187.0,42868126.732177734,51685708.62331533
10-06-2022,1871.5,1842.699951171875,1875.5999755859375,1823.9000244140625,1490,104.1500015258789,23155.0,43334582.5,52248110.0795756
13-06-2022,1828.0,1873.800048828125,1873.800048828125,1818.699951171875,127,105.08000183105469,23177.0,42367556.0,51082175.066313
14-06-2022,1809.5,1825.0,1825.5,1805.300048828125,536,105.5199966430664,23195.0,41971352.5,50604476.12732095
15-06-2022,1815.300048828125,1814.0999755859375,1839.0,1810.800048828125,108,105.16000366210938,23210.0,42133114.13330078,50799510.65023002
16-06-2022,1845.699951171875,1819.199951171875,1850.5999755859375,1814.9000244140625,136,103.62999725341797,23230.0,42875609.865722656,51694730.96904106
17-06-2022,1835.5999755859375,1853.699951171875,1853.699951171875,1833.5999755859375,170,104.69999694824219,23232.0,42644658.6328125,51416275.17821618
21-06-2022,1834.5999755859375,1835.300048828125,1838.5999755859375,1830.0999755859375,216,104.44000244140625,23230.0,42617757.43286133,51383840.64728879
22-06-2022,1834.300048828125,1829.5,1842.699951171875,1821.5999755859375,115,104.19999694824219,23226.0,42603452.93408203,51366593.84384137
23-06-2022,1825.699951171875,1835.5,1841.199951171875,1825.699951171875,9,104.43000030517578,23235.0,42420138.365478516,51145573.143813014
24-06-2022,1826.5,1820.5,1826.5,1815.800048828125,61,104.19000244140625,23244.0,42455166.0,51187805.64263323
27-06-2022,1820.9000244140625,1830.5,1830.699951171875,1819.9000244140625,77,103.94000244140625,23247.0,42330462.86755371,51037452.215521716
28-06-2022,1817.5,1824.199951171875,1826.0,1817.5,391,104.51000213623047,23245.0,42247787.5,50937771.28044369
29-06-2022,1813.699951171875,1818.300048828125,1830.300048828125,1812.800048828125,173,105.11000061035156,23255.0,42177592.36450195,50853137.64709664
30-06-2022,1804.0999755859375,1809.5999755859375,1817.300048828125,1801.0,328,104.69000244140625,23265.0,41972385.932006836,50605722.12684692
01-07-2022,1798.9000244140625,1795.5,1806.0999755859375,1791.5999755859375,77,105.13999938964844,23255.0,41833420.06774902,50438172.25433931
05-07-2022,1761.800048828125,1805.4000244140625,1805.4000244140625,1761.800048828125,64,106.5,23335.0,41111604.1394043,49567885.38630853
06-07-2022,1734.9000244140625,1762.5,1768.0,1734.0,1729,107.0999984741211,23360.0,40527264.5703125,48863352.508213766
07-07-2022,1737.9000244140625,1745.199951171875,1745.199951171875,1737.0,1869,107.12999725341797,23373.0,40619937.27062988,48975087.13603796
08-07-2022,1740.5999755859375,1738.0999755859375,1749.300048828125,1732.0999755859375,370,107.01000213623047,23350.0,40643009.42993164,49002905.02764847
11-07-2022,1730.0,1732.5,1736.699951171875,1730.0,75,108.0199966430664,23355.0,40404150.0,48714914.39594888
12-07-2022,1723.300048828125,1734.199951171875,1735.5,1723.300048828125,451,108.06999969482422,23347.0,40233886.239990234,48509628.936568886
13-07-2022,1734.199951171875,1710.0,1734.199951171875,1710.0,368,107.95999908447266,23389.0,40561202.657958984,48904271.35032431
14-07-2022,1704.5,1710.300048828125,1710.5,1704.5,1289,108.54000091552734,23388.0,39864846.0,48064680.49192187
15-07-2022,1702.4000244140625,1705.4000244140625,1709.699951171875,1701.0999755859375,721,108.05999755859375,23415.0,39861696.57165527,48060883.25494969
18-07-2022,1709.199951171875,1712.199951171875,1712.4000244140625,1709.199951171875,264,107.37000274658203,23450.0,40080738.85498047,48324980.5340975
19-07-2022,1710.0,1712.300048828125,1714.4000244140625,1706.0999755859375,1684,106.68000030517578,23440.0,40082400.0,48326983.36146612
20-07-2022,1699.5,1707.0999755859375,1708.5,1699.5,130,107.08000183105469,23412.0,39788694.0,47972864.721485406
21-07-2022,1712.699951171875,1687.0,1715.5,1679.800048828125,183,106.91000366210938,23410.0,40094305.856933594,48341338.1443617
22-07-2022,1727.0999755859375,1713.300048828125,1735.0,1713.0,61,106.7300033569336,23410.0,40431410.4284668,48747782.045414515
25-07-2022,1719.0,1727.0,1732.0,1719.0,67,106.4800033569336,23400.0,40224600.0,48498432.60188088
26-07-2022,1717.699951171875,1718.0,1718.0,1717.699951171875,1,107.19000244140625,23385.0,40168413.3581543,48430688.88130491
27-07-2022,1719.0999755859375,1719.0999755859375,1719.0999755859375,1719.0999755859375,144865,106.44999694824219,23370.0,40175366.42944336,48439072.135813065
28-07-2022,1750.300048828125,1732.300048828125,1755.0,1732.0,37236,106.3499984741211,23375.0,40913263.64135742,49328748.06047434
29-07-2022,1762.9000244140625,1754.0,1765.699951171875,1750.0,3485,105.9000015258789,23358.0,41177818.77026367,49647719.761591114
01-08-2022,1769.0,1763.9000244140625,1772.5,1756.0999755859375,705,105.44999694824219,23335.0,41279615.0,49770454.54545455
02-08-2022,1771.0999755859375,1772.0999755859375,1786.5999755859375,1759.4000244140625,1078,106.23999786376953,23355.0,41364039.92980957,49872244.911754966
03-08-2022,1758.0,1756.699951171875,1770.5,1753.0,399,106.51000213623047,23353.0,41054574.0,49499124.668435015
04-08-2022,1788.5,1769.4000244140625,1792.0999755859375,1767.699951171875,285,105.69000244140625,23394.0,41840169.0,50446309.3802749
05-08-2022,1772.9000244140625,1791.199951171875,1791.4000244140625,1764.199951171875,645,106.62000274658203,23393.0,41473450.271118164,50004159.96035467
08-08-2022,1786.800048828125,1771.800048828125,1786.800048828125,1771.800048828125,127,106.44000244140625,23385.0,41784319.1418457,50378971.71671775
09-08-2022,1794.0,1790.0,1796.0999755859375,1789.0,249,106.37000274658203,23388.0,41958072.0,50588463.94984326
10-08-2022,1795.5999755859375,1804.4000244140625,1804.9000244140625,1787.800048828125,601,105.19999694824219,23385.0,41990105.42907715,50627086.36252369
11-08-2022,1789.699951171875,1794.300048828125,1794.300048828125,1785.699951171875,1235,105.08999633789062,23385.0,41852133.3581543,50460734.69755763
12-08-2022,1798.5999755859375,1786.300048828125,1800.4000244140625,1784.300048828125,187,105.62999725341797,23390.0,42069253.42895508,50722514.382632114
15-08-2022,1781.4000244140625,1799.0,1799.0,1774.699951171875,64,106.55000305175781,23392.0,41670509.37109375,50241752.316245176
16-08-2022,1773.199951171875,1777.4000244140625,1777.4000244140625,1771.4000244140625,308,106.5,23400.0,41492878.857421875,50027584.829300545
17-08-2022,1760.300048828125,1769.699951171875,1769.699951171875,1760.0,23,106.56999969482422,23403.0,41196302.04272461,49670004.87427612
18-08-2022,1755.300048828125,1762.9000244140625,1762.9000244140625,1753.4000244140625,321,107.4800033569336,23401.0,41075776.44262695,49524688.2597383
19-08-2022,1747.5999755859375,1753.699951171875,1754.300048828125,1747.5,49,108.16999816894531,23401.0,40895587.02868652,49307435.53012602
22-08-2022,1734.0,1740.5,1740.5,1726.5,347,109.05000305175781,23400.0,40575600.0,48921630.09404389
23-08-2022,1746.800048828125,1738.0,1748.9000244140625,1731.9000244140625,509,108.62000274658203,23410.0,40892589.143066406,49303821.00683193
24-08-2022,1747.800048828125,1745.0,1751.800048828125,1743.5999755859375,187,108.68000030517578,23430.0,40950955.14404297,49374192.360794514
25-08-2022,1757.699951171875,1761.5999755859375,1761.800048828125,1755.0,172,108.47000122070312,23425.0,41174121.35620117,49643261.823247135
26-08-2022,1736.0999755859375,1754.0,1755.0,1736.0999755859375,202,108.80000305175781,23423.0,40664669.728149414,49029020.65125321
29-08-2022,1736.5999755859375,1732.4000244140625,1741.199951171875,1732.0999755859375,950,108.83999633789062,23412.0,40657278.62841797,49020109.269855276
30-08-2022,1723.199951171875,1736.4000244140625,1739.0,1720.699951171875,385,108.7699966430664,23430.0,40374574.85595703,48679255.91506755
31-08-2022,1712.800048828125,1718.300048828125,1720.9000244140625,1708.5,2133,108.69999694824219,23415.0,40105213.14331055,48354488.95986321
01-09-2022,1696.5999755859375,1707.9000244140625,1707.9000244140625,1693.9000244140625,683,109.69000244140625,23450.0,39785269.427490234,47968735.74570802
02-09-2022,1709.800048828125,1703.4000244140625,1715.699951171875,1703.0999755859375,182,109.52999877929688,23450.0,40094811.14501953,48341947.365589015
06-09-2022,1700.4000244140625,1709.699951171875,1717.4000244140625,1699.699951171875,697,110.20999908447266,23505.0,39967902.57385254,48188934.86116776
07-09-2022,1715.300048828125,1694.800048828125,1715.300048828125,1694.699951171875,651,109.83999633789062,23520.0,40343857.1484375,48642219.85584459
08-09-2022,1708.0,1718.199951171875,1718.199951171875,1705.300048828125,1193,109.70999908447266,23580.0,40274640.0,48558765.372558475
09-09-2022,1716.199951171875,1719.199951171875,1720.0,1712.800048828125,635,109.0,23542.0,40402779.25048828,48713261.69579007
12-09-2022,1728.0999755859375,1727.4000244140625,1728.0999755859375,1727.4000244140625,68,108.33000183105469,23515.0,40636270.92590332,48994780.47492563
13-09-2022,1705.0,1720.5,1720.5,1697.300048828125,432,109.81999969482422,23520.0,40101600.0,48350132.62599469
14-09-2022,1696.5,1698.699951171875,1701.800048828125,1696.5,532,109.66000366210938,23553.0,39957664.5,48176590.90909091
15-09-2022,1665.4000244140625,1685.5,1686.0,1662.300048828125,1125,109.73999786376953,23590.0,39286786.575927734,47367719.52728205
16-09-2022,1671.699951171875,1660.4000244140625,1674.9000244140625,1651.699951171875,464,109.76000213623047,23620.0,39485552.84667969,47607370.203375556
19-09-2022,1666.199951171875,1661.800048828125,1669.4000244140625,1658.5,580,109.73999786376953,23650.0,39405628.845214844,47511006.56524577
20-09-2022,1659.699951171875,1659.699951171875,1659.699951171875,1659.699951171875,2830,110.22000122070312,23670.0,39285097.84423828,47365683.43891763
21-09-2022,1664.5999755859375,1665.5,1680.0999755859375,1664.5999755859375,2337,110.63999938964844,23670.0,39401081.42211914,47505523.77877881
22-09-2022,1670.800048828125,1668.300048828125,1670.800048828125,1668.300048828125,973,111.3499984741211,23690.0,39581253.15673828,47722755.19259498
23-09-2022,1645.300048828125,1667.0,1667.0,1645.300048828125,1224,113.19000244140625,23700.0,38993611.15722656,47014240.60432428
26-09-2022,1623.300048828125,1623.300048828125,1623.300048828125,1623.300048828125,1205,114.0999984741211,23700.0,38472211.15722656,46385593.389470175
27-09-2022,1626.699951171875,1632.199951171875,1636.5999755859375,1626.699951171875,888,114.11000061035156,23715.0,38577189.342041016,46512164.627490975
28-09-2022,1660.4000244140625,1620.4000244140625,1660.4000244140625,1620.4000244140625,18311,112.5999984741211,23730.0,39401292.5793457,47505778.36911707
29-09-2022,1658.5,1657.0,1662.5999755859375,1640.0,6028,112.25,23730.0,39356205.0,47451416.68676151
30-09-2022,1662.4000244140625,1661.699951171875,1672.699951171875,1658.0,548,112.12000274658203,23820.0,39598368.58154297,47743391.10386179
03-10-2022,1692.9000244140625,1667.199951171875,1700.0,1661.9000244140625,410,111.75,23855.0,40384130.08239746,48690776.56426026
04-10-2022,1721.0999755859375,1701.199951171875,1728.0,1696.0,291,110.06999969482422,23880.0,41099867.41699219,49553734.52735976
05-10-2022,1711.4000244140625,1724.0999755859375,1726.5999755859375,1703.0,418,111.06999969482422,23875.0,40859675.58288574,49264137.42812363
06-10-2022,1711.699951171875,1721.0,1723.300048828125,1709.0999755859375,133,112.26000213623047,23865.0,40849719.3347168,49252133.27069785
07-10-2022,1700.5,1710.0999755859375,1710.0999755859375,1693.699951171875,179,112.80000305175781,23870.0,40590935.0,48940119.36339522
10-10-2022,1667.300048828125,1693.4000244140625,1693.4000244140625,1667.0,195,113.13999938964844,23875.0,39806788.665771484,47994681.294636466
11-10-2022,1678.699951171875,1661.800048828125,1678.699951171875,1661.0,167,113.22000122070312,23870.0,40070567.834472656,48312717.42762558
12-10-2022,1670.300048828125,1668.0,1672.699951171875,1668.0,149,113.31999969482422,23925.0,39961928.66821289,48181732.177734375
13-10-2022,1670.0,1675.199951171875,1675.300048828125,1641.5,729,112.36000061035156,23945.0,39988150.0,48213346.99782976
14-10-2022,1641.699951171875,1665.300048828125,1667.0,1640.0,82,113.30999755859375,24120.0,39597802.822265625,47742708.97307165
17-10-2022,1657.0,1650.199951171875,1657.0,1646.800048828125,238,112.04000091552734,24110.0,39950270.0,48167675.428020254
18-10-2022,1649.0,1651.4000244140625,1655.199951171875,1649.0,597,112.12999725341797,24310.0,40087190.0,48332758.62068965
19-10-2022,1627.5,1637.5,1637.5,1627.5,84,112.9800033569336,24430.0,39759825.0,47938057.63202315
20-10-2022,1630.800048828125,1622.800048828125,1641.4000244140625,1622.800048828125,477,112.87999725341797,24450.0,39873061.193847656,48074585.47606421
21-10-2022,1651.0,1634.0999755859375,1653.9000244140625,1634.0999755859375,224,112.01000213623047,24530.0,40499030.0,48829310.344827585
24-10-2022,1648.699951171875,1662.699951171875,1662.699951171875,1648.699951171875,29,111.98999786376953,24820.0,40920732.78808594,49337753.54242336
25-10-2022,1652.800048828125,1648.199951171875,1652.800048828125,1637.300048828125,880,110.94999694824219,24830.0,41039025.212402344,49480377.63733102
26-10-2022,1664.0,1649.800048828125,1667.0,1649.800048828125,89,109.69999694824219,24840.0,41333760.0,49835736.677115984
27-10-2022,1660.699951171875,1660.699951171875,1660.699951171875,1660.699951171875,2298,110.58999633789062,24830.0,41235179.787597656,49716879.41596052
28-10-2022,1639.5999755859375,1661.0,1661.0,1638.699951171875,626,110.66999816894531,24830.0,40711267.39379883,49085203.03086427
31-10-2022,1635.9000244140625,1641.800048828125,1641.800048828125,1633.4000244140625,522,111.52999877929688,24820.0,40603038.60595703,48954712.57048111
01-11-2022,1645.0,1630.800048828125,1653.699951171875,1630.800048828125,985,111.4800033569336,24840.0,40861800.0,49266698.81842296
02-11-2022,1645.699951171875,1650.800048828125,1664.699951171875,1634.0,612,111.3499984741211,24850.0,40895643.786621094,49307503.96264902
03-11-2022,1627.300048828125,1629.199951171875,1629.199951171875,1615.0999755859375,1427,112.93000030517578,24835.0,40413996.712646484,48726786.48739629
04-11-2022,1672.5,1630.199951171875,1674.5,1629.0,159,110.87999725341797,24860.0,41578350.0,50130636.604774535
07-11-2022,1676.5,1676.9000244140625,1677.9000244140625,1672.9000244140625,42,110.12000274658203,24870.0,41694555.0,50270743.91126115
08-11-2022,1712.0999755859375,1703.199951171875,1712.0999755859375,1703.199951171875,23,109.62000274658203,24870.0,42579926.392822266,51338228.10805675
09-11-2022,1710.0999755859375,1707.4000244140625,1720.199951171875,1706.0,497,110.55000305175781,24871.0,42531896.49279785,51280318.896549135
10-11-2022,1750.300048828125,1708.199951171875,1750.300048828125,1708.199951171875,325,108.20999908447266,24862.0,43515959.813964844,52466795.049390934
11-11-2022,1766.0,1763.800048828125,1766.0,1757.5999755859375,257,106.29000091552734,24865.0,43911590.0,52943802.74897516
14-11-2022,1773.5999755859375,1762.0,1773.5999755859375,1761.5999755859375,358,106.66000366210938,24805.0,43994147.39440918,53043341.444910996
15-11-2022,1773.800048828125,1770.800048828125,1773.800048828125,1769.9000244140625,57,106.4000015258789,24735.0,43874944.20776367,52899619.25218672
16-11-2022,1773.0,1776.5999755859375,1778.9000244140625,1773.0,303,106.27999877929688,24765.0,43908345.0,52939890.28213166
17-11-2022,1760.800048828125,1763.0,1763.0,1756.0,18,106.69000244140625,24775.0,43623821.2097168,52596842.54848902
18-11-2022,1751.9000244140625,1763.300048828125,1763.300048828125,1747.5999755859375,414,106.93000030517578,24805.0,43455880.10559082,52394357.49408104
21-11-2022,1737.4000244140625,1739.0,1744.9000244140625,1736.0999755859375,544,107.83999633789062,24800.0,43087520.60546875,51950229.8112717
22-11-2022,1738.300048828125,1741.699951171875,1741.699951171875,1738.300048828125,15,107.22000122070312,24835.0,43170681.712646484,52050496.398175165
23-11-2022,1744.9000244140625,1736.5,1750.9000244140625,1736.5,39,106.08000183105469,24850.0,43360765.60668945,52279678.81202008
25-11-2022,1753.300048828125,1753.0,1757.9000244140625,1749.199951171875,216,105.95999908447266,24833.0,43539700.11254883,52495418.51042781
28-11-2022,1740.0999755859375,1741.300048828125,1741.300048828125,1740.0999755859375,132767,106.68000030517578,24760.0,43084875.39550781,51947040.50579673
29-11-2022,1748.4000244140625,1739.5,1758.199951171875,1737.9000244140625,19416,106.81999969482422,24770.0,43307868.60473633,52215901.38019813
30-11-2022,1746.0,1748.0999755859375,1769.4000244140625,1745.0999755859375,3339,105.94999694824219,24750.0,43213500.0,52102122.01591512
01-12-2022,1801.0999755859375,1768.699951171875,1803.699951171875,1768.699951171875,1053,104.7300033569336,24630.0,44361092.39868164,53485763.683001734
02-12-2022,1795.9000244140625,1802.0,1802.300048828125,1779.4000244140625,1725,104.55000305175781,24500.0,43999550.59814453,53049856.03827409
05-12-2022,1767.4000244140625,1795.699951171875,1808.0,1764.300048828125,1713,105.29000091552734,24350.0,43036190.59448242,51888341.686137475
06-12-2022,1769.300048828125,1768.5999755859375,1779.4000244140625,1767.9000244140625,105,105.58000183105469,23980.0,42427815.17089844,51154828.99794844
07-12-2022,1785.5,1769.300048828125,1790.300048828125,1769.300048828125,422,105.0999984741211,23980.0,42816290.0,51623209.54907162
08-12-2022,1788.699951171875,1782.0,1790.9000244140625,1782.0,713,104.7699966430664,23900.0,42749928.83300781,51543198.49651291
09-12-2022,1798.0999755859375,1794.9000244140625,1804.300048828125,1791.0999755859375,125,104.80999755859375,23780.0,42758817.419433594,51553915.38393247
12-12-2022,1780.5,1787.300048828125,1793.9000244140625,1777.699951171875,85,105.12999725341797,23550.0,41930775.0,50555552.206414275
13-12-2022,1813.9000244140625,1780.699951171875,1819.800048828125,1780.5,205,103.9800033569336,23680.0,42953152.578125,51788223.508711115
14-12-2022,1807.5,1810.800048828125,1812.800048828125,1797.9000244140625,1074,103.7699966430664,23600.0,42657000.0,51431155.05184471
15-12-2022,1777.199951171875,1801.0,1801.0,1774.800048828125,421,104.55999755859375,23520.0,41799742.8515625,50397567.9425639
16-12-2022,1790.0,1777.9000244140625,1791.4000244140625,1777.9000244140625,206,104.69999694824219,23500.0,42065000.0,50717386.062213644
19-12-2022,1787.699951171875,1791.5999755859375,1796.300048828125,1785.5999755859375,79,104.72000122070312,23580.0,42153964.84863281,50824650.167148314
20-12-2022,1815.9000244140625,1786.5,1821.4000244140625,1786.5,51,103.97000122070312,23700.0,43036830.57861328,51889113.30915515
21-12-2022,1815.9000244140625,1817.4000244140625,1821.4000244140625,1814.4000244140625,35,104.16000366210938,23730.0,43091307.5793457,51954795.731065474
22-12-2022,1787.0,1818.0999755859375,1818.0999755859375,1785.0,411,104.43000030517578,23700.0,42351900.0,51063298.77019532
23-12-2022,1795.9000244140625,1794.300048828125,1802.800048828125,1794.0999755859375,49,104.30999755859375,23630.0,42437117.5769043,51166044.823853746
27-12-2022,1814.800048828125,1803.4000244140625,1826.300048828125,1803.4000244140625,69,104.18000030517578,23590.0,42811133.15185547,51616991.9843929
28-12-2022,1807.9000244140625,1803.199951171875,1807.9000244140625,1803.0999755859375,434,104.45999908447266,23580.0,42630282.575683594,51398942.097520605
29-12-2022,1819.5,1805.800048828125,1819.5,1805.800048828125,277,103.83999633789062,23620.0,42976590.0,51816481.794068
30-12-2022,1819.699951171875,1817.0,1822.300048828125,1816.800048828125,95,103.5199966430664,23600.0,42944918.84765625,51778296.17513413
03-01-2023,1839.699951171875,1836.199951171875,1839.699951171875,1836.199951171875,29,104.5199966430664,23610.0,43435315.84716797,52369563.35564018
04-01-2023,1852.800048828125,1845.5999755859375,1859.0999755859375,1845.5999755859375,25,104.25,23515.0,43568593.14819336,52530254.579447016
05-01-2023,1834.800048828125,1855.199951171875,1855.199951171875,1834.800048828125,24,105.04000091552734,23510.0,43136149.14794922,52008860.80051751
06-01-2023,1864.199951171875,1838.4000244140625,1868.199951171875,1835.300048828125,26,103.87999725341797,23475.0,43762093.853759766,52763556.611719035
09-01-2023,1872.699951171875,1867.0,1880.0,1867.0,62,103.0,23460.0,43933540.85449219,52970268.69362453
10-01-2023,1871.5999755859375,1877.800048828125,1878.0999755859375,1871.5999755859375,101,103.23999786376953,23447.0,43883404.62756348,52909819.903018415
11-01-2023,1874.5999755859375,1873.0999755859375,1877.800048828125,1873.0999755859375,1236,103.19000244140625,23445.0,43949996.427612305,52990109.02774572
12-01-2023,1895.5,1877.199951171875,1897.4000244140625,1877.199951171875,59,102.25,23440.0,44430520.0,53569471.90740294
13-01-2023,1918.4000244140625,1899.0,1920.9000244140625,1898.300048828125,512,102.19999694824219,23438.0,44963459.7722168,54212032.52015529
17-01-2023,1907.199951171875,1920.0999755859375,1920.0999755859375,1905.199951171875,706,102.38999938964844,23434.0,44693323.65576172,53886331.873356305
18-01-2023,1904.4000244140625,1911.0999755859375,1911.0999755859375,1903.0999755859375,1027,102.36000061035156,23427.0,44614379.37194824,53791149.471845
19-01-2023,1922.0999755859375,1922.0999755859375,1931.800048828125,1922.0999755859375,371,102.05999755859375,23437.0,45048257.12780762,54314271.91681651
20-01-2023,1926.4000244140625,1922.0999755859375,1928.5,1921.4000244140625,1346,102.01000213623047,23440.0,45154816.572265625,54442749.6651382
23-01-2023,1927.0999755859375,1926.5,1927.0999755859375,1915.0,218,102.13999938964844,23440.0,45171223.427734375,54462531.26083238
24-01-2023,1933.9000244140625,1931.800048828125,1936.800048828125,1931.800048828125,201,101.91999816894531,23440.0,45330616.572265625,54654710.11847796
25-01-2023,1941.199951171875,1941.199951171875,1941.199951171875,1939.800048828125,7,101.63999938964844,23440.0,45501726.85546875,54861016.2231357
26-01-2023,1929.0999755859375,1936.5999755859375,1937.0999755859375,1927.0999755859375,131,101.83999633789062,23440.0,45218103.427734375,54519054.04838965
27-01-2023,1928.5999755859375,1928.5999755859375,1928.5999755859375,1928.5999755859375,150902,101.93000030517578,23440.0,45206383.427734375,54504923.35150033
30-01-2023,1922.9000244140625,1928.300048828125,1933.5999755859375,1920.300048828125,27220,102.27999877929688,23460.0,45111234.572753906,54390203.246628776
31-01-2023,1929.5,1923.0,1930.4000244140625,1900.5999755859375,1910,102.0999984741211,23470.0,45285365.0,54600150.71135761
01-02-2023,1927.800048828125,1927.199951171875,1955.0,1922.0,2290,101.22000122070312,23445.0,45197272.14477539,54493937.96090595
02-02-2023,1916.300048828125,1952.300048828125,1959.0999755859375,1911.300048828125,748,101.75,23440.0,44918073.14453125,54157310.27794942
03-02-2023,1862.9000244140625,1912.4000244140625,1917.0,1861.5,992,102.91999816894531,23449.0,43683142.67248535,52668365.89400211
06-02-2023,1866.199951171875,1865.5999755859375,1880.0,1863.4000244140625,424,103.62000274658203,23440.0,43743726.85546875,52741411.689738065
07-02-2023,1871.699951171875,1870.0,1875.699951171875,1868.0,297,103.43000030517578,23480.0,43947514.853515625,52987117.0165368
08-02-2023,1877.4000244140625,1872.0999755859375,1880.4000244140625,1872.0999755859375,230,103.41000366210938,23600.0,44306640.576171875,53420111.618244365
09-02-2023,1866.199951171875,1875.300048828125,1884.5999755859375,1859.800048828125,223,103.22000122070312,23590.0,44023656.84814453,53078920.72358877
10-02-2023,1862.800048828125,1861.5999755859375,1863.5,1852.4000244140625,27,103.62999725341797,23560.0,43887569.150390625,52914841.03013097
13-02-2023,1851.9000244140625,1859.0,1861.0,1850.0,569,103.3499984741211,23565.0,43640024.07531738,52616378.19546345
14-02-2023,1854.0,1854.0999755859375,1862.0,1846.199951171875,656,103.2300033569336,23595.0,43745130.0,52743103.448275864
15-02-2023,1834.199951171875,1842.0,1842.0,1828.199951171875,368,103.91999816894531,23600.0,43287118.84765625,52190883.58772154
16-02-2023,1842.0,1838.5999755859375,1843.699951171875,1827.199951171875,222,103.86000061035156,23615.0,43498830.0,52446141.78924523
17-02-2023,1840.4000244140625,1827.4000244140625,1842.199951171875,1818.4000244140625,35,103.86000061035156,23680.0,43580672.578125,52544818.63772003
21-02-2023,1833.0,1842.5999755859375,1843.0,1833.0,862,104.18000030517578,23725.0,43487925.0,52432993.73040752
22-02-2023,1832.0,1835.699951171875,1836.199951171875,1825.0999755859375,278,104.58999633789062,23705.0,43427560.0,52360212.20159151
23-02-2023,1818.0,1826.4000244140625,1827.5,1818.0,291,104.5999984741211,23780.0,43232040.0,52124475.52447552
24-02-2023,1808.800048828125,1808.800048828125,1808.800048828125,1808.800048828125,404,105.20999908447266,23815.0,43076573.1628418,51937030.57974656
27-02-2023,1817.0,1811.5999755859375,1817.5,1808.9000244140625,829,104.66999816894531,23780.0,43208260.0,52095804.19580419
28-02-2023,1828.9000244140625,1808.0999755859375,1830.0,1808.0999755859375,618,104.87000274658203,23805.0,43536965.08117676,52492120.90809833
01-03-2023,1837.699951171875,1827.0999755859375,1841.699951171875,1827.0999755859375,211,104.4800033569336,23740.0,43626996.84082031,52600671.377888
02-03-2023,1833.5,1830.0,1836.300048828125,1830.0,154,105.02999877929688,23710.0,43472285.0,52414136.72534362
03-03-2023,1847.699951171875,1837.300048828125,1855.4000244140625,1837.300048828125,61,104.5199966430664,23700.0,43790488.84277344,52797792.19046713
06-03-2023,1847.9000244140625,1853.300048828125,1853.800048828125,1844.199951171875,5,104.3499984741211,23710.0,43813709.57885742,52825789.219746105
07-03-2023,1813.9000244140625,1840.9000244140625,1840.9000244140625,1813.9000244140625,450,105.62000274658203,23650.0,42898735.57739258,51722613.42825244
08-03-2023,1812.699951171875,1811.5999755859375,1812.9000244140625,1811.5,75,105.66000366210938,23640.0,42852226.845703125,51666538.27550413
09-03-2023,1829.300048828125,1816.4000244140625,1829.300048828125,1815.5999755859375,332,105.30999755859375,23710.0,43372704.157714844,52294073.01388334
10-03-2023,1862.0,1852.300048828125,1868.5,1852.0,248,104.58000183105469,23680.0,44092160.0,53161514.34772124
13-03-2023,1911.699951171875,1890.800048828125,1913.0999755859375,1875.0999755859375,503,103.5999984741211,23660.0,45230820.84472656,54534387.32183091
14-03-2023,1906.199951171875,1912.199951171875,1912.199951171875,1901.0999755859375,107,103.5999984741211,23570.0,44929132.849121094,54170644.86269724
15-03-2023,1926.5999755859375,1903.9000244140625,1926.5999755859375,1898.5,564,104.6500015258789,23570.0,45409961.42456055,54750375.481746495
16-03-2023,1919.0,1909.9000244140625,1931.699951171875,1909.9000244140625,394,104.41999816894531,23565.0,45221235.0,54522829.756450444
17-03-2023,1969.800048828125,1946.0,1985.0999755859375,1946.0,82,103.70999908447266,23560.0,46408489.150390625,55954291.235098414
20-03-2023,1979.199951171875,1988.300048828125,2003.9000244140625,1968.9000244140625,389,103.27999877929688,23570.0,46649742.849121094,56245168.6148072
21-03-2023,1938.0,1973.800048828125,1973.800048828125,1938.0,47,103.26000213623047,23570.0,45678660.0,55074342.898480825
22-03-2023,1946.800048828125,1946.800048828125,1974.0,1946.800048828125,50,102.3499984741211,23570.0,45886077.150878906,55324423.86168183
23-03-2023,1993.800048828125,1990.5,1994.5999755859375,1990.5,33,102.52999877929688,23510.0,46874239.14794922,56515841.7506019
24-03-2023,1982.0999755859375,1991.699951171875,1995.4000244140625,1982.0999755859375,19,103.12000274658203,23490.0,46559528.42651367,56136397.909951374
27-03-2023,1952.4000244140625,1957.199951171875,1957.199951171875,1952.4000244140625,877,102.86000061035156,23510.0,45900924.57397461,55342325.26401568
28-03-2023,1972.4000244140625,1972.4000244140625,1972.4000244140625,1972.4000244140625,21,102.43000030517578,23500.0,46351400.57373047,55885460.05995957
29-03-2023,1966.0999755859375,1966.0999755859375,1966.0999755859375,1966.0999755859375,88563,102.63999938964844,23480.0,46164027.42675781,55659545.96908345
30-03-2023,1980.300048828125,1965.9000244140625,1984.4000244140625,1954.9000244140625,10119,102.13999938964844,23480.0,46497445.146484375,56061544.66660763
31-03-2023,1969.0,1981.300048828125,1986.800048828125,1968.0,957,102.51000213623047,23470.0,46212430.0,55717904.50928382
03-04-2023,1983.9000244140625,1968.0999755859375,1991.699951171875,1950.0,737,102.08999633789062,23450.0,46522455.572509766,56091699.50869275
04-04-2023,2022.199951171875,1984.5999755859375,2027.0999755859375,1979.0,811,101.58999633789062,23470.0,47461032.854003906,57223333.55920413
05-04-2023,2020.9000244140625,2022.0999755859375,2033.800048828125,2013.5999755859375,525,101.8499984741211,23460.0,47410314.572753906,57162182.99102231
06-04-2023,2011.9000244140625,2022.199951171875,2023.300048828125,2005.0,0,101.81999969482422,23465.0,47209234.07287598,56919742.070021674
10-04-2023,1989.0999755859375,2000.0,2006.5999755859375,1984.0,652,102.58000183105469,23442.0,46628481.62768555,56219534.154431574
11-04-2023,2004.800048828125,1991.4000244140625,2006.5,1991.4000244140625,68,102.19999694824219,23442.0,46996522.744628906,56663277.96555209
12-04-2023,2010.9000244140625,2005.199951171875,2025.699951171875,2005.199951171875,172,101.5,23445.0,47145551.072387695,56842960.0583406
13-04-2023,2041.300048828125,2015.5999755859375,2048.60009765625,2015.5999755859375,1043,101.01000213623047,23442.0,47852155.744628906,57694906.85390512
14-04-2023,2002.199951171875,2041.0,2047.800048828125,1995.0,718,101.55000305175781,23440.0,46931566.85546875,56584961.24363244
17-04-2023,1994.199951171875,2002.699951171875,2007.5999755859375,1983.199951171875,554,102.0999984741211,23440.0,46744046.85546875,56358870.09340336
18-04-2023,2007.4000244140625,1996.9000244140625,2007.4000244140625,1996.9000244140625,72,101.75,23485.0,47143789.57336426,56840836.23506662
19-04-2023,1995.199951171875,2005.699951171875,2006.4000244140625,1969.800048828125,61,101.97000122070312,23505.0,46897174.85229492,56543495.11971898
20-04-2023,2007.5999755859375,1998.0,2007.5999755859375,1998.0,164,101.83999633789062,23511.0,47200683.02600098,56909432.15095367
21-04-2023,1979.5,1996.199951171875,1996.199951171875,1974.0999755859375,132,101.81999969482422,23488.0,46494496.0,56057988.90764408
24-04-2023,1989.0999755859375,1981.300048828125,1989.800048828125,1977.4000244140625,145,101.3499984741211,23485.0,46714012.92663574,56322658.459893584
25-04-2023,1994.0,1995.699951171875,1999.0999755859375,1982.300048828125,306,101.86000061035156,23494.0,46847036.0,56483043.16373282
26-04-2023,1985.699951171875,1997.800048828125,1998.800048828125,1985.5999755859375,615,101.47000122070312,23473.0,46610334.95385742,56197654.875641935
27-04-2023,1989.9000244140625,1990.5999755859375,2002.300048828125,1979.9000244140625,355,101.5,23465.0,46693004.07287598,56297328.276918225
28-04-2023,1990.0999755859375,1986.9000244140625,1990.0999755859375,1977.699951171875,152,101.66999816894531,23445.0,46657893.927612305,56254996.29565024
01-05-2023,1983.4000244140625,1980.0999755859375,2005.0,1976.9000244140625,210,102.1500015258789,23450.0,46510730.572509766,56077562.78334913
02-05-2023,2014.300048828125,1994.699951171875,2018.0,1994.699951171875,1896,101.95999908447266,23450.0,47235336.14501953,56951213.09985475
03-05-2023,2028.5999755859375,2017.0999755859375,2035.0999755859375,2015.199951171875,1349,101.33999633789062,23450.0,47570669.427490234,57355521.37387296
04-05-2023,2048.0,2045.0,2072.0,2040.0,930,101.4000015258789,23450.0,48025600.0,57904027.00747528
05-05-2023,2017.4000244140625,2046.4000244140625,2046.4000244140625,2004.300048828125,59,101.20999908447266,23445.0,47297943.572387695,57026698.30285471
08-05-2023,2026.300048828125,2022.5,2026.300048828125,2022.5,3,101.37000274658203,23440.0,47496473.14453125,57266063.59359929
09-05-2023,2036.199951171875,2026.5999755859375,2037.300048828125,2025.9000244140625,241,101.63999938964844,23443.0,47734635.455322266,57553213.715122096
10-05-2023,2030.5,2032.300048828125,2044.300048828125,2029.5,248,101.4800033569336,23460.0,47635530.0,57433723.17337834
11-05-2023,2014.699951171875,2034.0999755859375,2038.300048828125,2014.0,90,102.05999755859375,23465.0,47274934.35424805,56998956.298828125
12-05-2023,2014.5,2014.5,2014.5,2014.5,115,102.68000030517578,23465.0,47270242.5,56993299.37304075
15-05-2023,2018.0,2013.800048828125,2018.0,2013.800048828125,3,102.43000030517578,23450.0,47322100.0,57055823.486857966
16-05-2023,1988.4000244140625,1988.4000244140625,1988.4000244140625,1988.4000244140625,49,102.55999755859375,23452.0,46631957.372558594,56223724.8282597
17-05-2023,1980.699951171875,1983.5999755859375,1983.5999755859375,1980.699951171875,13,102.87999725341797,23450.0,46447413.85498047,56001222.39568419
18-05-2023,1956.5,1956.5,1956.800048828125,1956.5,23,103.58000183105469,23450.0,45879925.0,55317006.26959247
19-05-2023,1978.699951171875,1960.0,1978.699951171875,1960.0,106,103.19999694824219,23450.0,46400513.85498047,55944675.4943097
22-05-2023,1974.800048828125,1980.5,1980.5,1974.800048828125,8,103.19999694824219,23460.0,46328809.14550781,55858221.78141767
23-05-2023,1972.4000244140625,1972.4000244140625,1972.4000244140625,1972.4000244140625,1,103.48999786376953,23438.0,46229111.7722168,55738017.56958861
24-05-2023,1962.800048828125,1975.4000244140625,1975.4000244140625,1962.800048828125,189,103.88999938964844,23470.0,46066917.145996094,55542460.991073176
25-05-2023,1943.0999755859375,1943.0999755859375,1943.0999755859375,1943.0999755859375,1,104.20999908447266,23470.0,45604556.42700195,54984996.897759765
26-05-2023,1944.0999755859375,1948.199951171875,1948.4000244140625,1944.0999755859375,166036,104.20999908447266,23470.0,45628026.42700195,55013294.46226423
30-05-2023,1958.0,1942.699951171875,1962.5999755859375,1931.0,37838,104.16999816894531,23465.0,45944470.0,55394827.5862069
31-05-2023,1963.9000244140625,1958.199951171875,1973.0,1953.0,5959,104.31999969482422,23480.0,46112372.57324219,55597266.184280425
01-06-2023,1978.0,1963.199951171875,1983.0,1954.300048828125,750,103.55999755859375,23485.0,46453330.0,56008355.43766578
02-06-2023,1952.4000244140625,1977.0999755859375,1982.5,1947.4000244140625,356,104.0199966430664,23485.0,45852114.57336426,55283475.492361054
05-06-2023,1958.0,1947.5,1961.9000244140625,1937.800048828125,713,104.0,23475.0,45964050.0,55418435.0132626
06-06-2023,1965.5,1960.800048828125,1965.5,1958.800048828125,164,104.12999725341797,23495.0,46179422.5,55678107.66819388
07-06-2023,1942.699951171875,1959.0,1968.4000244140625,1940.699951171875,139,104.0999984741211,23485.0,45624308.353271484,55008811.61474739
08-06-2023,1963.5999755859375,1943.199951171875,1969.0,1943.0999755859375,433,103.33999633789062,23485.0,46115145.42663574,55600609.38827555
09-06-2023,1962.199951171875,1965.0999755859375,1969.800048828125,1960.300048828125,49,103.55999755859375,23490.0,46092076.853027344,55572795.819902755
12-06-2023,1955.300048828125,1959.699951171875,1963.5,1951.4000244140625,212,103.62999725341797,23470.0,45890892.145996094,55330229.257289715
13-06-2023,1944.5999755859375,1960.5999755859375,1967.5,1940.300048828125,343,103.33999633789062,23480.0,45659207.42675781,55050889.10870245
14-06-2023,1955.300048828125,1946.199951171875,1958.199951171875,1940.300048828125,202,103.01000213623047,23495.0,45939774.6472168,55389166.44226766
15-06-2023,1957.800048828125,1941.699951171875,1958.800048828125,1926.0,329,102.12000274658203,23500.0,46008301.14746094,55471788.217338964
16-06-2023,1958.4000244140625,1961.4000244140625,1962.9000244140625,1953.5,119,102.30000305175781,23525.0,46071360.57434082,55547818.39201932
20-06-2023,1935.5,1958.5999755859375,1958.5999755859375,1931.300048828125,193,102.54000091552734,23520.0,45522960.0,54886616.83144441
21-06-2023,1933.300048828125,1935.5999755859375,1936.800048828125,1920.0,557,102.06999969482422,23520.0,45471217.1484375,54824230.9482005
22-06-2023,1912.699951171875,1920.0,1921.0,1912.0999755859375,237,102.38999938964844,23505.0,44958012.35229492,54205464.615740195
23-06-2023,1919.0999755859375,1918.699951171875,1932.5,1918.699951171875,105,102.9000015258789,23515.0,45127635.92590332,54409978.208226815
26-06-2023,1923.699951171875,1922.9000244140625,1928.5,1922.5,71,102.69000244140625,23515.0,45235804.35180664,54540395.89077241
27-06-2023,1914.0,1927.0,1929.4000244140625,1914.0,49,102.48999786376953,23530.0,45036420.0,54300000.0
28-06-2023,1912.300048828125,1912.300048828125,1912.300048828125,1912.300048828125,628,102.91000366210938,23520.0,44977297.1484375,54228716.11820292
29-06-2023,1909.199951171875,1909.9000244140625,1909.9000244140625,1892.5,289,103.33999633789062,23555.0,44971204.849853516,54221370.689478554
30-06-2023,1921.0999755859375,1908.5999755859375,1921.0999755859375,1900.5999755859375,445,102.91000366210938,23569.0,45278405.32458496,54591759.49431512
03-07-2023,1921.699951171875,1917.9000244140625,1929.5,1917.9000244140625,41,102.98999786376953,23575.0,45304076.34887695,54622710.81369297
05-07-2023,1919.5999755859375,1923.5,1933.9000244140625,1914.699951171875,193,103.37000274658203,23700.0,45494519.42138672,54852326.28573272
06-07-2023,1908.699951171875,1909.300048828125,1910.199951171875,1903.199951171875,81,103.16999816894531,23745.0,45322080.34057617,54644418.06194378
07-07-2023,1926.199951171875,1913.4000244140625,1934.0999755859375,1913.4000244140625,61,102.2699966430664,23710.0,45670200.842285156,55064143.76933344
10-07-2023,1925.0,1923.5999755859375,1926.0999755859375,1912.300048828125,269,101.97000122070312,23635.0,45497375.0,54855769.23076923
11-07-2023,1931.300048828125,1925.0,1937.0,1924.199951171875,142,101.7300033569336,23640.0,45655933.154296875,55046941.34832032
12-07-2023,1956.199951171875,1932.300048828125,1958.0,1932.199951171875,132,100.5199966430664,23690.0,46342376.84326172,55874580.2306025
13-07-2023,1959.199951171875,1961.0999755859375,1961.0999755859375,1953.0,121,99.7699966430664,23660.0,46354670.84472656,55889402.9958121
14-07-2023,1960.0999755859375,1958.4000244140625,1960.5999755859375,1952.699951171875,94,99.91000366210938,23665.0,46385765.92224121,55926894.04658935
17-07-2023,1952.4000244140625,1954.0,1956.5,1946.5999755859375,29,99.83999633789062,23630.0,46135212.5769043,55624804.16795792
18-07-2023,1977.199951171875,1968.800048828125,1978.4000244140625,1963.4000244140625,83,99.94000244140625,23630.0,46721234.846191406,56331365.86229974
19-07-2023,1977.5,1977.0,1977.5,1973.0,35,100.27999877929688,23635.0,46738212.5,56351835.66433566
20-07-2023,1968.300048828125,1973.699951171875,1973.699951171875,1965.5999755859375,638,100.87999725341797,23630.0,46510930.153808594,56077803.41669712
21-07-2023,1964.300048828125,1961.800048828125,1964.300048828125,1961.800048828125,50,101.06999969482422,23647.0,46449803.25463867,56004103.27301504
24-07-2023,1960.300048828125,1965.300048828125,1965.5,1960.300048828125,2,101.3499984741211,23656.0,46372857.955078125,55911331.028548494
25-07-2023,1962.0999755859375,1953.0,1962.5,1953.0,19,101.3499984741211,23665.0,46433095.92224121,55983959.395034015
26-07-2023,1968.9000244140625,1966.199951171875,1972.0,1966.199951171875,51,100.88999938964844,23655.0,46574330.07751465,56154244.12528894
27-07-2023,1945.4000244140625,1945.4000244140625,1945.4000244140625,1945.4000244140625,194253,101.7699966430664,23665.0,46037891.57775879,55507465.12871809
28-07-2023,1960.4000244140625,1945.5,1962.199951171875,1944.199951171875,23155,101.62000274658203,23661.0,46385024.97766113,55926000.69648074
31-07-2023,1970.5,1959.199951171875,1971.5999755859375,1950.0,1025,101.86000061035156,23685.0,46671292.5,56271150.83192669
01-08-2023,1940.699951171875,1964.9000244140625,1965.4000244140625,1940.699951171875,688,102.30000305175781,23680.0,45955774.84375,55408457.73299976
02-08-2023,1937.4000244140625,1948.4000244140625,1953.5999755859375,1933.199951171875,652,102.58999633789062,23680.0,45877632.578125,55314242.31748854
03-08-2023,1932.0,1934.199951171875,1936.5,1928.0,773,102.54000091552734,23735.0,45856020.0,55288184.22956354
04-08-2023,1939.5999755859375,1934.9000244140625,1945.0,1920.0,290,102.0199966430664,23750.0,46065499.420166016,55540751.65199664
07-08-2023,1933.5,1941.0,1941.0,1929.800048828125,376,102.05000305175781,23725.0,45872287.5,55307797.805642635
08-08-2023,1924.0999755859375,1931.699951171875,1933.199951171875,1923.0,555,102.52999877929688,23720.0,45639651.42089844,55027310.61116281
09-08-2023,1915.4000244140625,1925.4000244140625,1928.800048828125,1913.699951171875,451,102.48999786376953,23730.0,45452442.5793457,54801594.62182988
10-08-2023,1914.4000244140625,1921.0999755859375,1927.800048828125,1911.4000244140625,178,102.5199966430664,23735.0,45438284.57946777,54784524.450768955
11-08-2023,1912.9000244140625,1913.0,1916.5999755859375,1911.800048828125,57,102.83999633789062,23740.0,45412246.579589844,54753130.672280975
14-08-2023,1910.5999755859375,1909.300048828125,1912.5999755859375,1903.300048828125,46,103.19000244140625,23750.0,45376749.420166016,54710332.07157706
15-08-2023,1902.5,1906.0,1907.699951171875,1895.0,73,103.20999908447266,23815.0,45308037.5,54627486.73740053
16-08-2023,1896.0999755859375,1904.5,1904.5,1890.300048828125,22,103.41999816894531,23965.0,45440035.91491699,54786636.01991438
17-08-2023,1884.0999755859375,1893.699951171875,1902.4000244140625,1884.0,245,103.44000244140625,23935.0,45095932.915649414,54371754.17850182
18-08-2023,1886.0999755859375,1891.800048828125,1891.800048828125,1886.0999755859375,19,103.37999725341797,23850.0,44983484.41772461,54236176.05223608
21-08-2023,1893.300048828125,1893.5999755859375,1893.5999755859375,1893.300048828125,876,103.33000183105469,23850.0,45155206.16455078,54443219.39299588
22-08-2023,1896.4000244140625,1894.5999755859375,1896.800048828125,1892.800048828125,46,103.55999755859375,23850.0,45229140.58227539,54532361.44474968
23-08-2023,1918.5,1909.5999755859375,1918.5,1909.5999755859375,547,103.36000061035156,23850.0,45756225.0,55167862.310103685
24-08-2023,1918.199951171875,1920.0,1920.800048828125,1918.199951171875,337,103.9800033569336,23900.0,45844978.83300781,55274871.995427795
25-08-2023,1911.0999755859375,1919.800048828125,1919.800048828125,1911.0999755859375,195,104.08000183105469,23900.0,45675289.416503906,55070279.016763814
28-08-2023,1917.9000244140625,1915.5,1921.5,1915.5,99,104.05999755859375,23975.0,45981653.08532715,55439658.89236454
29-08-2023,1936.5,1917.9000244140625,1936.5,1916.9000244140625,1674,103.55000305175781,24080.0,46630920.0,56222474.07764649
30-08-2023,1944.300048828125,1936.0,1946.4000244140625,1934.5999755859375,396,103.16000366210938,24180.0,47013175.18066406,56683355.65549079
31-08-2023,1938.199951171875,1944.4000244140625,1944.4000244140625,1938.199951171875,491,103.62000274658203,24110.0,46730000.822753906,56341934.92012769
01-09-2023,1939.800048828125,1950.0,1950.0,1936.5999755859375,167,104.23999786376953,24060.0,46671589.17480469,56271508.53002735
05-09-2023,1926.199951171875,1934.4000244140625,1934.4000244140625,1924.699951171875,113,104.80999755859375,24060.0,46344370.82519531,55876984.35639656
06-09-2023,1918.0999755859375,1924.0999755859375,1925.300048828125,1916.300048828125,24,104.86000061035156,24050.0,46130304.4128418,55618886.439404145
07-09-2023,1917.5,1917.5999755859375,1921.5,1917.5,41,105.05999755859375,24055.0,46125462.5,55613048.58934169
08-09-2023,1918.4000244140625,1924.0,1924.699951171875,1918.4000244140625,105,105.08999633789062,24060.0,46156704.587402344,55650716.88859699
11-09-2023,1923.300048828125,1923.0,1928.300048828125,1921.800048828125,50,104.56999969482422,24055.0,46264982.67456055,55781266.78871539
12-09-2023,1911.300048828125,1920.800048828125,1920.800048828125,1911.300048828125,365,104.70999908447266,24075.0,46014548.67553711,55479320.80484339
13-09-2023,1909.0999755859375,1910.300048828125,1914.5999755859375,1908.9000244140625,15,104.7699966430664,24100.0,46009309.411621094,55473003.8722222
14-09-2023,1910.0,1903.0,1910.0,1903.0,169,105.41000366210938,24080.0,45992800.0,55453098.62551241
15-09-2023,1923.699951171875,1923.5,1927.300048828125,1923.5,8,105.31999969482422,24220.0,46592012.81738281,56175564.04314301
18-09-2023,1931.5,1928.199951171875,1931.5,1926.4000244140625,19,105.19999694824219,24250.0,46838875.0,56473203.52061731
19-09-2023,1932.0,1934.0,1934.0,1932.0,6,105.19999694824219,24370.0,47082840.0,56767349.89148782
20-09-2023,1945.5999755859375,1945.5999755859375,1945.5999755859375,1929.199951171875,119,105.16000366210938,24370.0,47414271.4050293,57166953.707534716
21-09-2023,1919.199951171875,1924.0,1924.0,1919.199951171875,9,105.36000061035156,24270.0,46578982.814941406,56159853.88828238
22-09-2023,1925.4000244140625,1925.4000244140625,1925.4000244140625,1925.4000244140625,1,105.58000183105469,24310.0,46806474.59350586,56434138.646619074
25-09-2023,1916.5999755859375,1916.5999755859375,1916.5999755859375,1916.5999755859375,114,106.0,24360.0,46688375.40527344,56291747.53469187
26-09-2023,1900.4000244140625,1905.0,1905.0999755859375,1900.4000244140625,161,106.2300033569336,24380.0,46331752.595214844,55861770.67182884
27-09-2023,1871.5999755859375,1871.5999755859375,1871.5999755859375,1871.5999755859375,12251,106.66999816894531,24380.0,45629607.404785156,55015200.632728666
28-09-2023,1860.4000244140625,1875.5,1878.199951171875,1856.699951171875,4654,106.22000122070312,24385.0,45365854.595336914,54697196.280849904
29-09-2023,1848.0999755859375,1864.300048828125,1872.300048828125,1846.0,1605,106.16999816894531,24385.0,45065917.904663086,54335565.35406689
02-10-2023,1830.0,1844.0999755859375,1845.9000244140625,1826.699951171875,2309,106.9000015258789,24280.0,44432400.0,53571738.60622136
03-10-2023,1824.5999755859375,1825.0,1830.9000244140625,1816.800048828125,310,107.0,24340.0,44410763.40576172,53545651.56228806
04-10-2023,1818.5,1821.800048828125,1828.199951171875,1816.4000244140625,357,106.80000305175781,24385.0,44344122.5,53465303.23125151
05-10-2023,1816.5999755859375,1826.300048828125,1826.300048828125,1815.5999755859375,393,106.33000183105469,24420.0,44361371.403808594,53486100.076933436
06-10-2023,1830.199951171875,1819.0,1831.800048828125,1809.4000244140625,390,106.04000091552734,24380.0,44620274.80957031,53798257.54710672
09-10-2023,1849.5,1842.5,1861.5,1842.5,232,106.08000183105469,24360.0,45053820.0,54320979.02097902
10-10-2023,1861.0,1857.0,1861.4000244140625,1852.800048828125,236,105.83000183105469,24370.0,45352570.0,54681179.16566192
11-10-2023,1872.800048828125,1869.5,1874.5999755859375,1869.0999755859375,65,105.81999969482422,24390.0,45677593.19091797,55073056.65652034
12-10-2023,1869.300048828125,1874.699951171875,1881.199951171875,1867.0,46,106.56999969482422,24440.0,45685693.193359375,55082822.75543691
13-10-2023,1927.4000244140625,1877.5,1930.0999755859375,1877.5,43,106.6500015258789,24435.0,47096019.59655762,56783240.410607204
16-10-2023,1921.0999755859375,1910.4000244140625,1921.0999755859375,1910.300048828125,53,106.23999786376953,24440.0,46951683.40332031,56609215.58152919
17-10-2023,1922.699951171875,1914.300048828125,1925.800048828125,1914.300048828125,103,106.25,24460.0,47029240.80566406,56702725.83272734
18-10-2023,1955.300048828125,1935.0,1957.9000244140625,1935.0,67,106.56999969482422,24490.0,47885298.19580078,57734866.40438966
19-10-2023,1968.4000244140625,1950.0999755859375,1977.699951171875,1945.699951171875,1945,106.25,24555.0,48334062.599487305,58275937.54459526
20-10-2023,1982.5,1981.0999755859375,1988.5999755859375,1980.4000244140625,557,106.16000366210938,24550.0,48670375.0,58681426.3322884
23-10-2023,1976.300048828125,1976.199951171875,1978.9000244140625,1972.9000244140625,127,105.54000091552734,24520.0,48458877.197265625,58426425.3644389
24-10-2023,1975.0,1970.300048828125,1975.0,1970.300048828125,10,106.2699966430664,24590.0,48565250.0,58554678.08054015
25-10-2023,1984.0999755859375,1971.199951171875,1985.300048828125,1971.199951171875,97,106.52999877929688,24550.0,48709654.400634766,58728785.14665392
26-10-2023,1987.199951171875,1988.199951171875,1988.199951171875,1980.4000244140625,521,106.5999984741211,24560.0,48805630.80078125,58844503.0151691
27-10-2023,1988.5999755859375,1988.5999755859375,1988.5999755859375,1988.5999755859375,372,106.55999755859375,24604.0,48927513.799316406,58991456.232597545
30-10-2023,1996.199951171875,2004.0999755859375,2004.0999755859375,1992.5,157,106.12000274658203,24570.0,49046632.80029297,59135076.92343015
31-10-2023,1985.199951171875,1996.5,2001.0,1983.699951171875,84,106.66000366210938,24558.0,48752540.400878906,58780492.40520726
01-11-2023,1978.800048828125,1990.5,1990.5,1977.800048828125,41,106.87999725341797,24560.0,48599329.19921875,58595767.05958373
02-11-2023,1985.5999755859375,1989.0999755859375,1990.300048828125,1979.5,39,106.12000274658203,24585.0,48815975.39978027,58856975.403641514
03-11-2023,1991.5,1989.0,1991.5,1989.0,12,105.0199966430664,24570.0,48931155.0,58995846.39498433
06-11-2023,1981.5999755859375,1981.5999755859375,1981.5999755859375,1977.4000244140625,130,105.22000122070312,24520.0,48588831.40136719,58583109.960654914
07-11-2023,1966.800048828125,1966.5,1966.800048828125,1960.699951171875,20,105.54000091552734,24335.0,47862079.18823242,57706871.45916617
08-11-2023,1951.5,1967.800048828125,1967.800048828125,1947.699951171875,43,105.58999633789062,24310.0,47440965.0,57199137.93103448
09-11-2023,1964.199951171875,1951.699951171875,1964.199951171875,1945.300048828125,10,105.91000366210938,24370.0,47867552.810058594,57713470.9549778
10-11-2023,1932.5999755859375,1959.5999755859375,1959.5999755859375,1932.5999755859375,375,105.86000061035156,24340.0,47039483.40576172,56715075.24205657
13-11-2023,1945.5,1939.9000244140625,1947.199951171875,1934.0,191,105.66000366210938,24315.0,47304832.5,57035004.21991801
14-11-2023,1961.800048828125,1965.800048828125,1965.800048828125,1961.800048828125,2,104.11000061035156,24381.0,47830646.990478516,57668973.94559744
15-11-2023,1960.0999755859375,1962.800048828125,1962.800048828125,1960.0,6,104.38999938964844,24376.0,47779397.00488281,57607182.30634532
16-11-2023,1983.9000244140625,1965.300048828125,1983.9000244140625,1964.5999755859375,39,104.37000274658203,24286.0,48180995.99291992,58091386.5359536
17-11-2023,1981.5999755859375,1982.5,1984.0,1979.800048828125,32,103.81999969482422,24288.0,48129100.20703125,58028816.26119032
20-11-2023,1977.699951171875,1978.699951171875,1979.4000244140625,1969.699951171875,182,103.47000122070312,24250.0,47959223.81591797,57823997.8489486
21-11-2023,1999.300048828125,1990.699951171875,2005.5,1988.5,16,103.58999633789062,24170.0,48323082.18017578,58262698.5533829
22-11-2023,1991.4000244140625,1999.0999755859375,1999.4000244140625,1991.0,6075,103.91999816894531,24130.0,48052482.58911133,57936439.099483155
24-11-2023,2002.199951171875,1991.9000244140625,2002.199951171875,1991.5,63,103.4000015258789,24240.0,48533326.81640625,58516188.5898315
27-11-2023,2011.800048828125,2011.699951171875,2011.800048828125,2011.699951171875,228,103.19999694824219,24260.0,48806269.18457031,58845272.70866929
28-11-2023,2039.699951171875,2040.5999755859375,2042.699951171875,2039.699951171875,174665,102.75,24230.0,49421929.81689453,59587569.10645591
29-11-2023,2047.0999755859375,2041.699951171875,2052.10009765625,2036.0,15290,102.7699966430664,24240.0,49621703.408203125,59828434.29973851
30-11-2023,2038.0999755859375,2046.0999755859375,2047.0999755859375,2033.0999755859375,2506,103.5,24260.0,49444305.407714844,59614547.15181437
01-12-2023,2071.0,2038.300048828125,2073.199951171875,2036.0,614,103.2699966430664,24250.0,50221750.0,60551904.99156016
04-12-2023,2024.0999755859375,2075.300048828125,2130.199951171875,2021.0,1071,103.63999938964844,24270.0,49124906.4074707,59229450.69625115
05-12-2023,2018.5,2035.0999755859375,2037.0,2010.199951171875,289,104.05000305175781,24250.0,48948625.0,59016909.814323604
06-12-2023,2030.5,2019.9000244140625,2035.800048828125,2019.0,417,104.1500015258789,24266.0,49272113.0,59406936.33952255
07-12-2023,2029.9000244140625,2029.199951171875,2034.9000244140625,2024.0,67,103.54000091552734,24274.0,49273793.19262695,59408962.13241735
08-12-2023,1998.300048828125,2031.699951171875,2033.0999755859375,1995.0,449,104.01000213623047,24275.0,48508733.685302734,58486536.876419984
11-12-2023,1978.0,2004.0999755859375,2004.199951171875,1977.199951171875,651,104.0999984741211,24220.0,47907160.0,57761224.98191463
12-12-2023,1977.800048828125,1984.199951171875,1994.199951171875,1977.800048828125,95,103.87000274658203,24250.0,47961651.18408203,57826924.50455996
13-12-2023,1982.300048828125,1978.5,2024.800048828125,1975.0,2252,102.87000274658203,24260.0,48090599.18457031,57982395.93027527
14-12-2023,2030.199951171875,2024.699951171875,2040.0999755859375,2024.300048828125,236,101.95999908447266,24279.0,49291224.61450195,59429979.03846389
15-12-2023,2021.0999755859375,2032.5999755859375,2043.4000244140625,2018.300048828125,261,102.55000305175781,24245.0,49001568.908081055,59080743.80043532
18-12-2023,2026.300048828125,2024.300048828125,2032.800048828125,2024.0,100,102.51000213623047,24260.0,49158039.18457031,59269398.582795165
19-12-2023,2038.4000244140625,2025.199951171875,2042.699951171875,2025.199951171875,498,102.16999816894531,24350.0,49635040.59448242,59844514.823345095
20-12-2023,2034.5,2037.0999755859375,2037.0999755859375,2030.300048828125,258,102.41000366210938,24350.0,49540075.0,59730015.67398119
21-12-2023,2039.0999755859375,2035.800048828125,2044.5,2033.0,228,101.83999633789062,24335.0,49621497.90588379,59828186.5274702
22-12-2023,2057.10009765625,2055.699951171875,2068.699951171875,2052.199951171875,202,101.69999694824219,24320.0,50028674.375,60319115.475042194
26-12-2023,2058.199951171875,2060.0,2060.800048828125,2054.199951171875,64,101.47000122070312,24230.0,49870184.81689453,60128026.063292176
27-12-2023,2081.89990234375,2067.300048828125,2081.89990234375,2064.800048828125,586,100.98999786376953,24325.0,50642215.12451172,61058855.94949568
28-12-2023,2073.89990234375,2081.60009765625,2087.300048828125,2066.5,338,101.2300033569336,24345.0,50489093.122558594,60874238.15114371
29-12-2023,2062.39990234375,2068.0,2068.89990234375,2062.10009765625,47,101.33000183105469,24235.0,49982261.63330078,60263156.05654784
02-01-2024,2064.39990234375,2063.5,2073.699951171875,2057.10009765625,61,102.19999694824219,24260.0,50082341.630859375,60383821.59495946
03-01-2024,2034.199951171875,2034.199951171875,2044.0,2034.199951171875,54,102.45999908447266,24325.0,49481913.81225586,59659891.261461124
04-01-2024,2042.300048828125,2041.5999755859375,2044.5,2038.0,88,102.41999816894531,24370.0,49770852.189941406,60008261.62278925
05-01-2024,2042.4000244140625,2044.5,2048.10009765625,2042.4000244140625,12,102.41000366210938,24360.0,49752864.59472656,59986574.143629804
08-01-2024,2026.5999755859375,2019.0999755859375,2033.699951171875,2019.0999755859375,10,102.20999908447266,24370.0,49388241.4050293,59546951.296152994
09-01-2024,2026.4000244140625,2035.800048828125,2035.800048828125,2026.4000244140625,27,102.56999969482422,24330.0,49302312.59399414,59443347.714003064
10-01-2024,2021.699951171875,2029.0,2035.5999755859375,2021.699951171875,538,102.36000061035156,24360.0,49248610.810546875,59378599.96448863
11-01-2024,2014.300048828125,2025.0999755859375,2025.0999755859375,2014.300048828125,97,102.29000091552734,24405.0,49158992.69165039,59270548.217567384
12-01-2024,2046.699951171875,2031.0999755859375,2057.0,2031.0999755859375,390,102.4000015258789,24475.0,50092981.30493164,60396649.75275095
16-01-2024,2026.0,2051.699951171875,2054.800048828125,2026.0,46,103.36000061035156,24470.0,49576220.0,59773595.370147094
17-01-2024,2002.5999755859375,2026.5,2026.5,2002.5999755859375,764,103.44999694824219,24500.0,49063699.40185547,59155653.968960054
18-01-2024,2018.5999755859375,2012.800048828125,2018.5999755859375,2009.5,1474,103.54000091552734,24500.0,49455699.40185547,59628284.78641845
19-01-2024,2026.5,2023.199951171875,2036.0,2019.5,50,103.29000091552734,24545.0,49740442.5,59971596.93754521
22-01-2024,2019.800048828125,2021.300048828125,2021.300048828125,2019.800048828125,12,103.33000183105469,24540.0,49565893.19824219,59761144.43964575
23-01-2024,2023.699951171875,2030.300048828125,2030.300048828125,2022.5,15,103.62000274658203,24550.0,49681833.80126953,59900932.965118796
24-01-2024,2013.9000244140625,2023.199951171875,2033.199951171875,2013.9000244140625,253,103.23999786376953,24565.0,49471454.099731445,59647280.081663184
25-01-2024,2016.9000244140625,2012.0999755859375,2022.4000244140625,2012.0999755859375,548,103.56999969482422,24600.0,49615740.60058594,59821244.997089386
26-01-2024,2016.800048828125,2021.699951171875,2022.4000244140625,2016.800048828125,49,103.47000122070312,24605.0,49623365.201416016,59830437.90862794
29-01-2024,2025.199951171875,2025.199951171875,2025.199951171875,2025.199951171875,150708,103.61000061035156,24595.0,49809792.799072266,60055211.959334776
30-01-2024,2031.5,2032.5,2048.5,2028.0999755859375,26907,103.4000015258789,24530.0,49832695.0,60082824.933687
31-01-2024,2048.39990234375,2035.4000244140625,2055.0,2030.0,2007,103.2699966430664,24395.0,49970715.61767578,60249235.1310294
01-02-2024,2053.0,2040.199951171875,2064.5,2029.0,947,103.05000305175781,24415.0,50123995.0,60434042.68145647
02-02-2024,2036.0999755859375,2054.800048828125,2055.89990234375,2027.699951171875,888,103.91999816894531,24400.0,49680839.404296875,59899734.0297768
05-02-2024,2025.699951171875,2038.9000244140625,2040.800048828125,2013.800048828125,412,104.44999694824219,24335.0,49295408.31176758,59435023.284021676
06-02-2024,2034.5,2025.9000244140625,2037.300048828125,2025.9000244140625,249,104.18000030517578,24370.0,49580765.0,59779075.23510972
07-02-2024,2035.199951171875,2032.800048828125,2039.5,2032.699951171875,71,104.04000091552734,24355.0,49567294.810791016,59762834.35108634
08-02-2024,2032.199951171875,2028.0,2036.699951171875,2020.300048828125,341,104.1500015258789,24400.0,49585678.80859375,59784999.76922323
09-02-2024,2023.300048828125,2032.0,2032.0,2020.0,62,104.08000183105469,24400.0,49368521.19140625,59523174.81481342
12-02-2024,2018.199951171875,2025.5,2025.5,2011.5999755859375,317,104.16999816894531,24400.0,49244078.80859375,59373135.77115234
13-02-2024,1992.9000244140625,2025.0999755859375,2025.800048828125,1990.0,198,104.95999908447266,24400.0,48626760.595703125,58628840.843625665
14-02-2024,1990.300048828125,1990.300048828125,1993.5,1984.800048828125,1916,104.72000122070312,24400.0,48563321.19140625,58552352.53364631
15-02-2024,2002.0999755859375,1993.5999755859375,2007.199951171875,1993.5999755859375,286,104.30000305175781,24400.0,48851239.404296875,58899492.891604625
16-02-2024,2011.5,2005.0,2011.5,1996.5,32,104.27999877929688,24450.0,49181175.0,59297293.22401736
20-02-2024,2027.5,2015.5999755859375,2029.0,2015.5999755859375,1326,104.08000183105469,24530.0,49734575.0,59964522.5464191
21-02-2024,2022.300048828125,2028.199951171875,2028.199951171875,2022.300048828125,15,104.01000213623047,24525.0,49596908.697509766,59798539.54365778
22-02-2024,2019.699951171875,2033.199951171875,2033.199951171875,2019.699951171875,964,103.95999908447266,24525.0,49533141.302490234,59721655.77826168
23-02-2024,2038.5999755859375,2026.0,2038.5999755859375,2014.9000244140625,22,103.94000244140625,24590.0,50129173.3996582,60440286.23059826
26-02-2024,2028.5,2034.0999755859375,2035.4000244140625,2024.800048828125,143,103.83000183105469,24630.0,49961955.0,60238672.53436219
27-02-2024,2034.0,2035.9000244140625,2035.9000244140625,2034.0,964,103.83000183105469,24660.0,50158440.0,60475572.70315891
28-02-2024,2033.0,2029.5,2037.0,2024.800048828125,581,103.9800033569336,24625.0,50062625.0,60360049.43332529
29-02-2024,2045.699951171875,2034.300048828125,2049.800048828125,2034.300048828125,706,104.16000366210938,24620.0,50365132.79785156,60724780.320534796
01-03-2024,2086.89990234375,2043.0999755859375,2086.89990234375,2041.800048828125,1210,103.86000061035156,24640.0,51421213.59375,61998087.284482755
04-03-2024,2117.699951171875,2083.60009765625,2119.800048828125,2080.699951171875,805,103.83000183105469,24640.0,52180126.796875,62913101.99767904
05-03-2024,2133.5,2114.89990234375,2133.5,2111.39990234375,1287,103.80000305175781,24676.0,52646246.0,63475097.66095973
06-03-2024,2150.300048828125,2125.5,2150.300048828125,2125.5,443,103.37000274658203,24690.0,53090908.205566406,64011222.81838245
07-03-2024,2158.0,2147.0,2163.0,2147.0,152,102.81999969482422,24665.0,53227070.0,64175391.84952978
08-03-2024,2178.60009765625,2167.300048828125,2194.89990234375,2166.300048828125,259,102.73999786376953,24680.0,53767850.41015625,64827405.847789064
11-03-2024,2182.5,2181.0,2184.0,2177.199951171875,738,102.87000274658203,24640.0,53776800.0,64838196.28647215
12-03-2024,2160.39990234375,2182.5,2182.699951171875,2160.39990234375,550,102.95999908447266,24635.0,53221451.59423828,64168617.78905025
13-03-2024,2175.39990234375,2162.5,2175.39990234375,2162.5,20,102.79000091552734,24645.0,53612730.59326172,64640379.30222054
14-03-2024,2163.0,2163.0,2163.0,2162.300048828125,515,103.36000061035156,24675.0,53372025.0,64350162.768266216
15-03-2024,2157.300048828125,2161.699951171875,2161.699951171875,2157.300048828125,100,103.43000030517578,24690.0,53263738.205566406,64219602.36986545
18-03-2024,2160.699951171875,2146.199951171875,2160.699951171875,2146.199951171875,21,103.58000183105469,24720.0,53412502.79296875,64398966.47331655
19-03-2024,2156.300048828125,2156.10009765625,2156.300048828125,2156.10009765625,12,103.80999755859375,24715.0,53292955.70678711,64254829.644064516
20-03-2024,2157.89990234375,2157.300048828125,2185.89990234375,2150.89990234375,17,103.41000366210938,24740.0,53386443.583984375,64367547.12320276
21-03-2024,2182.39990234375,2207.0,2211.60009765625,2182.39990234375,63,104.0,24775.0,54068957.580566406,65190448.01129299
22-03-2024,2158.10009765625,2179.199951171875,2179.60009765625,2157.5,19,104.43000030517578,24785.0,53488510.920410156,64490608.77792399
25-03-2024,2174.800048828125,2166.199951171875,2179.39990234375,2166.199951171875,79,104.2300033569336,24768.0,53865447.609375,64945077.89893296
26-03-2024,2175.60009765625,2182.699951171875,2182.699951171875,2175.60009765625,202373,104.29000091552734,24740.0,53824346.416015625,64895522.56572899
27-03-2024,2190.60009765625,2179.39990234375,2196.199951171875,2172.10009765625,31200,104.3499984741211,24770.0,54261164.41894531,65422190.03972186
28-03-2024,2217.39990234375,2193.60009765625,2234.10009765625,2187.10009765625,2040,104.55000305175781,24785.0,54958256.579589844,66262667.6869904
01-04-2024,2236.5,2235.699951171875,2264.199951171875,2230.0,400,105.0199966430664,24810.0,55487565.0,66900850.01205691
02-04-2024,2261.0,2252.0,2279.199951171875,2247.60009765625,435,104.81999969482422,24795.0,56061495.0,67592832.16783217
03-04-2024,2294.39990234375,2281.699951171875,2298.800048828125,2267.89990234375,285,104.25,24900.0,57130557.568359375,68881791.13619408
04-04-2024,2288.800048828125,2301.699951171875,2302.89990234375,2280.0,251,104.12000274658203,25000.0,57220001.220703125,68989632.53038718
05-04-2024,2325.699951171875,2289.199951171875,2328.39990234375,2267.39990234375,344,104.30000305175781,24935.0,57991328.2824707,69919614.51949687
08-04-2024,2331.699951171875,2325.60009765625,2341.800048828125,2319.0,202,104.13999938964844,24950.0,58175913.78173828,70142167.56901167
09-04-2024,2343.5,2337.800048828125,2364.699951171875,2337.800048828125,211,104.1500015258789,24960.0,58493760.0,70525391.84952977
10-04-2024,2329.60009765625,2346.60009765625,2358.10009765625,2327.699951171875,377,105.25,24945.0,58111874.436035156,70064955.91516174
11-04-2024,2354.800048828125,2341.5,2376.300048828125,2330.60009765625,283,105.27999877929688,24935.0,58716939.2175293,70794476.99243946
12-04-2024,2356.199951171875,2377.300048828125,2429.0,2334.300048828125,584,106.04000091552734,24980.0,58857874.78027344,70964401.7124107
15-04-2024,2365.800048828125,2362.10009765625,2384.699951171875,2326.0,1801,106.20999908447266,25000.0,59145001.220703125,71310587.43754898
16-04-2024,2390.800048828125,2384.0,2390.800048828125,2371.39990234375,41,106.26000213623047,25180.0,60200345.22949219,72583006.06401277
17-04-2024,2371.699951171875,2384.199951171875,2391.39990234375,2369.300048828125,37,105.94999694824219,25280.0,59956574.765625,72289094.2435797
18-04-2024,2382.300048828125,2368.39990234375,2384.39990234375,2368.39990234375,128,106.1500015258789,25400.0,60510421.240234375,72956861.87633756
19-04-2024,2398.39990234375,2379.300048828125,2399.800048828125,2377.300048828125,160,106.1500015258789,25400.0,60919357.51953125,73449912.61096123
22-04-2024,2332.199951171875,2383.300048828125,2383.300048828125,2326.89990234375,53,106.08000183105469,25440.0,59331166.7578125,71535045.52424945
23-04-2024,2327.699951171875,2327.699951171875,2330.800048828125,2294.199951171875,171,105.69000244140625,25455.0,59251602.25708008,71439115.33286722
24-04-2024,2324.5,2321.300048828125,2328.699951171875,2314.60009765625,95,105.86000061035156,25440.0,59135280.0,71298866.65059079
25-04-2024,2329.800048828125,2315.0,2329.800048828125,2305.0,1024,105.5999984741211,25405.0,59188570.240478516,71363118.20650893
26-04-2024,2334.800048828125,2347.89990234375,2347.89990234375,2332.800048828125,717,105.94000244140625,25350.0,59187181.23779297,71361443.49866526
29-04-2024,2345.39990234375,2334.800048828125,2345.5,2327.89990234375,405,105.58000183105469,25330.0,59408979.52636719,71628863.66815431
30-04-2024,2291.39990234375,2322.5,2322.5,2291.39990234375,113,106.22000122070312,25330.0,58041159.52636719,69979695.5948483
01-05-2024,2299.89990234375,2287.699951171875,2327.300048828125,2283.800048828125,42,105.76000213623047,25330.0,58256464.52636719,70239286.86564648
02-05-2024,2299.199951171875,2321.699951171875,2324.699951171875,2292.300048828125,56,105.30000305175781,25330.0,58238734.763183594,70217910.25221075
03-05-2024,2299.0,2300.0,2301.0,2277.60009765625,194,105.02999877929688,25390.0,58371610.0,70378116.71087533
06-05-2024,2321.60009765625,2322.800048828125,2325.5,2314.199951171875,9,105.05000305175781,25400.0,58968642.48046875,71097953.31621504
07-05-2024,2315.199951171875,2324.300048828125,2324.300048828125,2315.199951171875,25,105.41000366210938,25370.0,58736622.76123047,70818209.26118937
08-05-2024,2313.60009765625,2313.60009765625,2313.60009765625,2313.60009765625,4,105.55000305175781,25400.0,58765442.48046875,70852956.93328762
09-05-2024,2332.10009765625,2310.699951171875,2339.5,2310.699951171875,5,105.2300033569336,25425.0,59293644.982910156,71489805.86316633
10-05-2024,2367.300048828125,2367.300048828125,2367.300048828125,2367.300048828125,126,105.30999755859375,25440.0,60224113.2421875,72611662.93970038
13-05-2024,2336.10009765625,2358.300048828125,2358.300048828125,2336.10009765625,14,105.22000122070312,25450.0,59453747.48535156,71682839.98716128
14-05-2024,2353.39990234375,2336.0,2358.0,2336.0,6,105.01000213623047,25453.0,59901087.71435547,72222194.01296777
15-05-2024,2388.699951171875,2361.60009765625,2388.699951171875,2356.0,29,104.3499984741211,25450.0,60792413.75732422,73296857.67702462
16-05-2024,2380.0,2389.5,2392.199951171875,2380.0,7,104.45999908447266,25445.0,60559100.0,73015553.41210513
17-05-2024,2412.199951171875,2380.699951171875,2415.800048828125,2380.699951171875,213,104.44999694824219,25431.0,61344656.95825195,73962692.25735706
20-05-2024,2433.89990234375,2415.800048828125,2435.800048828125,2409.699951171875,40,104.56999969482422,25448.0,61937884.71484375,74677941.54189022
21-05-2024,2421.699951171875,2429.5,2429.5,2421.0,6,104.66000366210938,25452.0,61637107.15722656,74315296.7895184
22-05-2024,2389.199951171875,2417.5,2417.60009765625,2375.800048828125,180,104.94000244140625,25461.0,60831419.95678711,73343887.09523404
23-05-2024,2335.0,2371.199951171875,2371.199951171875,2335.0,365,105.11000061035156,25464.0,59458440.0,71688497.70918736
24-05-2024,2332.5,2342.60009765625,2345.39990234375,2332.5,25,104.72000122070312,25469.0,59406442.5,71625804.79864962
28-05-2024,2355.199951171875,2336.89990234375,2359.699951171875,2336.89990234375,26,104.61000061035156,25445.0,59928062.75756836,72254717.57604094
29-05-2024,2340.300048828125,2340.300048828125,2340.300048828125,2340.300048828125,119317,105.0999984741211,25448.0,59555955.642578125,71806071.42823502
30-05-2024,2342.89990234375,2336.89990234375,2349.5,2320.800048828125,32587,104.72000122070312,25450.0,59626802.51464844,71891490.85441095
31-05-2024,2322.89990234375,2344.10009765625,2354.0,2319.0,941,104.66999816894531,25450.0,59117802.51464844,71277794.20623153
03-06-2024,2346.60009765625,2322.60009765625,2347.5,2312.0,781,104.13999938964844,25440.0,59697506.484375,71976737.984537
04-06-2024,2325.5,2347.5,2347.699951171875,2313.89990234375,890,104.11000061035156,25432.0,59142116.0,71307108.75331564
05-06-2024,2354.10009765625,2326.39990234375,2354.300048828125,2326.199951171875,295,104.2699966430664,25410.0,59817683.48144531,72121634.29159068
06-06-2024,2370.300048828125,2355.0,2375.800048828125,2355.0,179,104.0999984741211,25415.0,60241175.7409668,72632235.03854208
07-06-2024,2305.199951171875,2379.89990234375,2385.10009765625,2285.39990234375,269,104.88999938964844,25420.0,58598182.75878906,70651293.41546789
10-06-2024,2307.699951171875,2290.60009765625,2309.300048828125,2290.5,69,105.1500015258789,25400.0,58615578.759765625,70672267.61486089
11-06-2024,2307.5,2300.0,2314.10009765625,2300.0,871,105.2300033569336,25415.0,58645112.5,70707876.17554858
12-06-2024,2336.0,2314.89990234375,2338.699951171875,2310.300048828125,132,104.6500015258789,25435.0,59416160.0,71637521.09959006
13-06-2024,2300.199951171875,2309.39990234375,2317.699951171875,2296.199951171875,298,105.19999694824219,25435.0,58505585.75805664,70539650.05794145
14-06-2024,2331.39990234375,2307.0,2331.39990234375,2305.800048828125,948,105.55000305175781,25435.0,59299156.51611328,71496451.06837869
17-06-2024,2312.39990234375,2320.199951171875,2320.199951171875,2309.60009765625,110,105.31999969482422,25450.0,58850577.51464844,70955603.46593735
18-06-2024,2330.39990234375,2311.800048828125,2330.39990234375,2311.800048828125,43,105.26000213623047,25425.0,59250417.517089844,71437686.9026885
20-06-2024,2353.800048828125,2328.89990234375,2354.0,2328.300048828125,183,105.58999633789062,25450.0,59904211.24267578,72225960.02251722
21-06-2024,2316.39990234375,2331.199951171875,2331.199951171875,2316.39990234375,76,105.80000305175781,25450.0,58952377.51464844,71078342.79557323
24-06-2024,2330.0,2323.300048828125,2332.89990234375,2322.699951171875,99,105.47000122070312,25425.0,59240250.0,71425428.02025561
25-06-2024,2316.60009765625,2324.39990234375,2333.0,2316.60009765625,105,105.61000061035156,25455.0,58969055.485839844,71098451.27301645
26-06-2024,2299.199951171875,2307.89990234375,2314.39990234375,2298.0,986,106.05000305175781,25455.0,58526134.75708008,70564425.79826389
27-06-2024,2324.5,2296.800048828125,2329.0,2295.0,1532,105.91000366210938,25465.0,59193392.5,71368932.3607427
28-06-2024,2327.699951171875,2325.39990234375,2338.300048828125,2319.0,92,105.87000274658203,25455.0,59251602.25708008,71439115.33286722
01-07-2024,2327.60009765625,2323.800048828125,2329.699951171875,2321.699951171875,237,105.9000015258789,25445.0,59225784.48486328,71407987.08085759
02-07-2024,2323.0,2330.699951171875,2334.60009765625,2323.0,30,105.72000122070312,25450.0,59120350.0,71280865.68603809
03-07-2024,2359.800048828125,2330.89990234375,2361.60009765625,2330.89990234375,59,105.4000015258789,25450.0,60056911.24267578,72410069.01697104
05-07-2024,2388.5,2354.89990234375,2388.5,2354.89990234375,72,104.87999725341797,25450.0,60787325.0,73290722.20882565
08-07-2024,2355.199951171875,2381.699951171875,2383.800048828125,2352.800048828125,64,105.01000213623047,25412.0,59850341.15917969,72161009.35517204
09-07-2024,2360.10009765625,2363.10009765625,2363.699951171875,2360.10009765625,9,105.12000274658203,25415.0,59981943.981933594,72319681.67583023
10-07-2024,2372.199951171875,2366.300048828125,2377.0,2365.800048828125,19,105.05000305175781,25413.0,60284717.35913086,72684732.76962969
11-07-2024,2415.0,2378.699951171875,2416.699951171875,2378.699951171875,72,104.44000244140625,25415.0,61377225.0,74001959.2476489
12-07-2024,2414.0,2399.800048828125,2414.0,2391.300048828125,355,104.08999633789062,25420.0,61363880.0,73985869.30311067
15-07-2024,2422.89990234375,2430.0,2436.0,2422.89990234375,540,104.19000244140625,25410.0,61565886.51855469,74229426.71636687
16-07-2024,2462.39990234375,2427.39990234375,2462.39990234375,2427.39990234375,93,104.2699966430664,25360.0,62446461.5234375,75291127.95205872
17-07-2024,2454.800048828125,2472.89990234375,2473.10009765625,2454.800048828125,10,103.75,25375.0,62290551.23901367,75103148.34701431
18-07-2024,2451.800048828125,2466.0,2466.0,2451.800048828125,2,104.16999816894531,25315.0,62067318.236083984,74833998.35553892
19-07-2024,2395.5,2418.800048828125,2419.199951171875,2395.5,15,104.4000015258789,25310.0,60630105.0,73101163.49168073
22-07-2024,2392.0,2402.10009765625,2402.10009765625,2392.0,18,104.30999755859375,25300.0,60517600.0,72965517.2413793
23-07-2024,2404.60009765625,2395.800048828125,2404.60009765625,2388.699951171875,41,104.44999694824219,25325.0,60896497.47314453,73422350.46195386
24-07-2024,2413.300048828125,2421.0,2421.0,2411.60009765625,6,104.38999938964844,25345.0,61165089.73754883,73746189.70044468
25-07-2024,2351.89990234375,2365.5,2365.5,2351.89990234375,31,104.36000061035156,25350.0,59620662.52441406,71884087.92429957
26-07-2024,2380.0,2368.699951171875,2386.89990234375,2368.699951171875,95,104.31999969482422,25285.0,60178300.0,72556426.3322884
29-07-2024,2377.300048828125,2377.300048828125,2377.300048828125,2377.300048828125,126409,104.55999755859375,25300.0,60145691.23535156,72517110.24276774
30-07-2024,2405.0,2380.89990234375,2409.300048828125,2373.800048828125,25944,104.55000305175781,25275.0,60786375.0,73289576.80250783
31-07-2024,2426.5,2407.10009765625,2447.60009765625,2402.800048828125,1313,104.0999984741211,25275.0,61329787.5,73944764.2874367
01-08-2024,2435.0,2446.699951171875,2455.10009765625,2430.39990234375,690,104.41999816894531,25235.0,61447225.0,74086357.60790934
02-08-2024,2425.699951171875,2444.0,2477.0,2416.0,550,103.20999908447266,25215.0,61164024.26879883,73744905.07451028
05-08-2024,2401.699951171875,2442.0,2449.800048828125,2367.39990234375,334,102.69000244140625,25205.0,60534847.26928711,72986312.11633362
06-08-2024,2389.10009765625,2414.5,2421.800048828125,2380.0,163,102.97000122070312,25080.0,59918630.44921875,72243345.12806697
07-08-2024,2390.5,2392.199951171875,2401.0,2384.5,130,103.19999694824219,25130.0,60073265.0,72429786.59271762
08-08-2024,2422.199951171875,2384.300048828125,2422.800048828125,2384.300048828125,201,103.20999908447266,25155.0,60930439.771728516,73463274.38115326
09-08-2024,2432.10009765625,2422.300048828125,2432.10009765625,2418.5,611,103.13999938964844,25135.0,61130835.954589844,73704890.22738105
12-08-2024,2462.39990234375,2432.699951171875,2469.800048828125,2432.0,566,103.13999938964844,25090.0,61781613.54980469,74489526.82638617
13-08-2024,2466.699951171875,2461.0,2470.0,2456.5,510,102.55999755859375,25120.0,61963502.7734375,74708829.00100976
14-08-2024,2439.39990234375,2468.0,2472.10009765625,2439.39990234375,274,102.56999969482422,25115.0,61265528.54736328,73867287.85551396
15-08-2024,2453.10009765625,2451.800048828125,2467.699951171875,2431.199951171875,285,102.9800033569336,25020.0,61376564.443359375,74001162.82054421
16-08-2024,2498.60009765625,2453.5,2508.0,2451.39990234375,197,102.45999908447266,25035.0,62552453.44482422,75418921.44300002
19-08-2024,2501.800048828125,2508.5,2508.5,2487.199951171875,88,101.88999938964844,25050.0,62670091.22314453,75560756.23721308
20-08-2024,2511.300048828125,2503.5,2527.300048828125,2500.699951171875,187,101.44000244140625,24960.0,62682049.21875,75575173.88322884
21-08-2024,2508.39990234375,2511.0,2515.39990234375,2503.89990234375,96,101.04000091552734,24915.0,62496783.56689453,75351800.77995482
22-08-2024,2478.89990234375,2504.10009765625,2504.10009765625,2471.10009765625,210,101.51000213623047,24930.0,61798974.56542969,74510458.84426053
23-08-2024,2508.39990234375,2486.5,2508.39990234375,2486.5,94,100.72000122070312,24960.0,62609661.5625,75487896.7476489
26-08-2024,2517.699951171875,2509.89990234375,2523.10009765625,2509.10009765625,290,100.8499984741211,24965.0,62854379.28100586,75782950.66434273
27-08-2024,2516.0,2515.199951171875,2523.10009765625,2506.89990234375,100,100.55000305175781,24860.0,62547760.0,75413262.5994695
28-08-2024,2501.0,2501.0,2501.0,2501.0,2353,101.08999633789062,24820.0,62074820.0,74843043.16373281
29-08-2024,2525.699951171875,2504.10009765625,2525.699951171875,2503.89990234375,3966,101.33999633789062,24855.0,62776272.28637695,75688777.77474916
30-08-2024,2493.800048828125,2519.5,2525.39990234375,2493.800048828125,208,101.69999694824219,24870.0,62020807.21435547,74777920.44171144
03-09-2024,2489.89990234375,2501.60009765625,2501.800048828125,2476.300048828125,206,101.83000183105469,24860.0,61898911.572265625,74630951.98006465
04-09-2024,2493.39990234375,2490.89990234375,2493.39990234375,2483.5,470,101.36000061035156,24860.0,61985921.572265625,74735859.14186837
05-09-2024,2511.39990234375,2493.699951171875,2513.300048828125,2493.39990234375,54,101.11000061035156,24852.0,62413310.373046875,75251157.91300564
06-09-2024,2493.5,2510.300048828125,2517.89990234375,2483.699951171875,96,101.18000030517578,24730.0,61664255.0,74348028.69544248
09-09-2024,2501.800048828125,2491.300048828125,2504.699951171875,2491.300048828125,96,101.55000305175781,24600.0,61544281.201171875,74203377.38265237
10-09-2024,2512.300048828125,2512.300048828125,2512.300048828125,2512.300048828125,5,101.62999725341797,24680.0,62003565.205078125,74757131.90870282
11-09-2024,2512.10009765625,2525.800048828125,2525.800048828125,2502.300048828125,90,101.68000030517578,24660.0,61948388.408203125,74690605.74897893
12-09-2024,2551.199951171875,2529.10009765625,2557.0,2523.39990234375,132,101.37000274658203,24550.0,62631958.80126953,75514780.32465582
13-09-2024,2581.300048828125,2568.800048828125,2581.800048828125,2565.0,31,101.11000061035156,24575.0,63435448.69995117,76483540.75229222
16-09-2024,2580.39990234375,2580.39990234375,2580.39990234375,2580.39990234375,28,100.76000213623047,24530.0,63297209.60449219,76316867.13828333
17-09-2024,2564.300048828125,2581.199951171875,2581.800048828125,2564.300048828125,22,100.88999938964844,24530.0,62902280.197753906,75840704.36189282
18-09-2024,2570.699951171875,2570.699951171875,2570.699951171875,2549.199951171875,25,100.5999984741211,24620.0,63290632.79785156,76308937.54262306
19-09-2024,2588.0,2566.0,2588.0,2566.0,99,100.61000061035156,24600.0,63664800.0,76760067.5186882
20-09-2024,2619.89990234375,2590.39990234375,2621.800048828125,2590.39990234375,17,100.72000122070312,24565.0,64357841.10107422,77595660.84045601
23-09-2024,2626.5,2626.5,2626.5,2626.5,9,100.91999816894531,24590.0,64585635.0,77870309.86255124
24-09-2024,2651.199951171875,2636.800048828125,2662.300048828125,2625.5,35,100.37000274658203,24615.0,65259286.7980957,78682525.67891935
25-09-2024,2659.199951171875,2656.300048828125,2664.199951171875,2649.300048828125,175,100.91999816894531,24590.0,65389726.799316406,78839795.99628213
26-09-2024,2669.89990234375,2662.300048828125,2669.89990234375,2660.800048828125,17216,100.55999755859375,24580.0,65626139.599609375,79124836.74898647
27-09-2024,2644.300048828125,2670.0,2672.10009765625,2641.699951171875,4228,100.41999816894531,24615.0,65089445.7019043,78477749.82144237
30-09-2024,2636.10009765625,2660.89990234375,2662.10009765625,2623.199951171875,973,100.77999877929688,24590.0,64821701.40136719,78154932.96523654
01-10-2024,2667.300048828125,2631.39990234375,2670.89990234375,2631.39990234375,153,101.19000244140625,24555.0,65495552.69897461,78967389.31634267
02-10-2024,2647.10009765625,2650.60009765625,2657.199951171875,2640.0,72,101.68000030517578,24595.0,65105426.90185547,78497018.20816912
03-10-2024,2657.10009765625,2642.800048828125,2657.10009765625,2640.0,354,101.98999786376953,24652.0,65502831.607421875,78976165.42973459
04-10-2024,2645.800048828125,2656.0,2667.0,2639.0,114,102.5199966430664,24745.0,65470322.20825195,78936969.14426327
07-10-2024,2644.800048828125,2648.699951171875,2657.39990234375,2639.0,284,102.54000091552734,24755.0,65472025.208740234,78939022.43638803
08-10-2024,2615.0,2639.0,2639.0,2609.300048828125,687,102.55000305175781,24840.0,64956600.0,78317578.97275138
09-10-2024,2606.0,2603.0,2607.699951171875,2603.0,152,102.93000030517578,24835.0,64720010.0,78032324.57197975
10-10-2024,2620.60009765625,2602.5,2628.300048828125,2602.5,320,102.98999786376953,24830.0,65069500.42480469,78453701.98312597
11-10-2024,2657.60009765625,2638.300048828125,2658.10009765625,2638.199951171875,12,102.88999938964844,24830.0,65988210.42480469,79561382.23390968
14-10-2024,2647.800048828125,2655.0,2655.300048828125,2647.800048828125,40,103.30000305175781,24800.0,65665441.2109375,79172222.34258199
15-10-2024,2661.39990234375,2661.39990234375,2661.39990234375,2661.39990234375,39,103.26000213623047,24840.0,66109173.57421875,79707226.39765945
16-10-2024,2674.0,2674.0,2674.0,2674.0,6,103.58999633789062,24925.0,66649450.0,80358632.74656378
17-10-2024,2691.0,2677.39990234375,2691.699951171875,2677.199951171875,30,103.83000183105469,24970.0,67194270.0,81015517.2413793
18-10-2024,2713.699951171875,2713.699951171875,2719.60009765625,2713.699951171875,29,103.48999786376953,25180.0,68330964.77050781,82386019.73777166
21-10-2024,2723.10009765625,2721.89990234375,2738.39990234375,2719.5,52,104.01000213623047,25150.0,68485967.45605469,82572905.05914478
22-10-2024,2744.199951171875,2731.699951171875,2746.0,2728.60009765625,93,104.08000183105469,25285.0,69387095.76538086,83659387.22616452
23-10-2024,2714.39990234375,2742.5,2742.5,2714.199951171875,18,104.43000030517578,25390.0,68918613.52050781,83094542.46504438
24-10-2024,2734.89990234375,2729.0,2736.10009765625,2729.0,27,104.05999755859375,25400.0,69466457.51953125,83755072.96784572
25-10-2024,2740.89990234375,2725.5,2742.39990234375,2725.5,29,104.26000213623047,25385.0,69577744.0209961,83889250.08559933
28-10-2024,2742.89990234375,2736.10009765625,2742.89990234375,2729.5,56,104.31999969482422,25355.0,69546227.02392578,83851250.33026981
29-10-2024,2768.39990234375,2768.39990234375,2768.39990234375,2768.39990234375,848,104.27999877929688,25345.0,70165095.52490234,84597414.4259734
30-10-2024,2788.5,2774.60009765625,2789.0,2774.60009765625,231,103.98999786376953,25295.0,70535107.5,85043534.48275861
31-10-2024,2738.300048828125,2787.39990234375,2787.5,2733.5,849,103.9800033569336,25280.0,69224225.234375,83463015.71542682
01-11-2024,2738.60009765625,2745.5,2756.0,2734.199951171875,109,104.27999877929688,25270.0,69204424.46777344,83439142.11209722
04-11-2024,2736.10009765625,2736.5,2737.10009765625,2736.10009765625,16,103.88999938964844,25280.0,69168610.46875,83395961.5007837
05-11-2024,2740.300048828125,2743.0,2743.89990234375,2740.300048828125,23,103.41999816894531,25310.0,69356994.23583984,83623094.08709891
06-11-2024,2667.60009765625,2734.5,2734.5,2659.39990234375,427,105.08999633789062,25330.0,67570310.47363281,81468905.8037531
07-11-2024,2698.39990234375,2662.5,2699.10009765625,2662.5,676,104.51000213623047,25370.0,68458405.52246094,82539673.88770308
08-11-2024,2687.5,2688.5,2694.60009765625,2682.89990234375,1038,105.0,25350.0,68128125.0,82141457.68025078
11-11-2024,2611.199951171875,2671.699951171875,2671.699951171875,2611.199951171875,20,105.54000091552734,25260.0,65958910.76660156,79526055.90378775
12-11-2024,2600.0,2605.5,2605.5,2592.800048828125,118,106.0199966430664,25310.0,65806000.0,79341692.78996865
13-11-2024,2580.800048828125,2611.10009765625,2611.800048828125,2580.800048828125,53,106.4800033569336,25340.0,65397473.23730469,78849135.80576885
14-11-2024,2568.199951171875,2555.10009765625,2576.199951171875,2554.199951171875,27,106.66999816894531,25330.0,65052504.763183594,78433210.46923509
15-11-2024,2565.699951171875,2565.699951171875,2565.699951171875,2565.699951171875,20,106.69000244140625,25390.0,65143121.760253906,78542466.55444165
18-11-2024,2610.60009765625,2591.699951171875,2610.699951171875,2589.39990234375,136,106.27999877929688,25380.0,66257030.478515625,79885496.11588573
19-11-2024,2627.10009765625,2621.89990234375,2627.699951171875,2619.300048828125,87,106.20999908447266,25405.0,66741477.98095703,80469590.04214737
20-11-2024,2648.199951171875,2638.5,2648.199951171875,2638.5,27,106.68000030517578,25395.0,67251037.76000977,81083961.61081477
21-11-2024,2672.10009765625,2659.300048828125,2672.10009765625,2655.699951171875,33,106.97000122070312,25415.0,67911423.9819336,81880183.24322835
22-11-2024,2709.89990234375,2687.5,2710.5,2685.60009765625,41,107.48999786376953,25415.0,68872106.0180664,83038468.7943892
25-11-2024,2616.800048828125,2689.39990234375,2689.39990234375,2616.800048828125,94,106.81999969482422,25417.0,66511206.84106445,80191954.23325832
26-11-2024,2620.300048828125,2625.60009765625,2625.60009765625,2620.300048828125,177858,107.01000213623047,25410.0,66581824.240722656,80277096.98664415
27-11-2024,2639.89990234375,2633.5,2657.89990234375,2627.199951171875,61653,106.08000183105469,25405.0,67066657.01904297,80861655.43651189
29-11-2024,2657.0,2636.39990234375,2664.300048828125,2620.699951171875,3861,105.73999786376953,25358.0,67376206.0,81234875.81384133
02-12-2024,2634.89990234375,2649.0,2649.800048828125,2621.699951171875,695,106.44999694824219,25344.0,66778903.125,80514713.19628647
03-12-2024,2644.699951171875,2639.0,2654.699951171875,2636.0,1062,106.37000274658203,25374.0,67106616.561035156,80909834.29109617
04-12-2024,2653.800048828125,2639.199951171875,2658.300048828125,2637.0,249,106.33999633789062,25395.0,67393252.23999023,81255428.30960964
05-12-2024,2626.60009765625,2652.39990234375,2655.0,2625.699951171875,573,105.70999908447266,25400.0,66715642.48046875,80438440.41532283
06-12-2024,2638.60009765625,2620.199951171875,2643.10009765625,2617.5,571,105.97000122070312,25393.0,67001972.279785156,80783665.63755143
09-12-2024,2664.89990234375,2632.10009765625,2677.10009765625,2630.800048828125,935,106.1500015258789,25375.0,67621835.02197266,81531028.48079655
10-12-2024,2697.60009765625,2662.300048828125,2698.199951171875,2661.0,437,106.4000015258789,25370.0,68438114.47753906,82515209.16028342
11-12-2024,2733.800048828125,2701.800048828125,2733.800048828125,2693.10009765625,3387,106.70999908447266,25360.0,69329169.23828125,83589545.74183898
12-12-2024,2687.5,2725.10009765625,2725.10009765625,2677.39990234375,2365,106.95999908447266,25380.0,68208750.0,82238666.50590788
13-12-2024,2656.0,2688.199951171875,2689.300048828125,2647.89990234375,1125,107.0,25394.0,67446464.0,81319585.24234386
16-12-2024,2651.39990234375,2658.300048828125,2663.300048828125,2651.0,877,106.86000061035156,25400.0,67345557.51953125,81197923.22104082
17-12-2024,2644.39990234375,2651.800048828125,2652.300048828125,2632.5,705,106.95999908447266,25385.0,67128091.5209961,80935726.45405847
18-12-2024,2636.5,2644.300048828125,2647.10009765625,2590.199951171875,566,108.02999877929688,25430.0,67046195.0,80836984.56715699
19-12-2024,2592.199951171875,2582.10009765625,2610.300048828125,2582.10009765625,238,108.41000366210938,25445.0,65958527.75756836,79525594.11329679
20-12-2024,2628.699951171875,2605.300048828125,2631.60009765625,2604.89990234375,592,107.62000274658203,25450.0,66900413.75732422,80661217.4551775
23-12-2024,2612.300048828125,2620.0,2627.699951171875,2611.10009765625,451,108.04000091552734,25445.0,66469974.74243164,80142241.06876253
24-12-2024,2620.0,2613.0,2620.0,2609.5,35,108.26000213623047,25440.0,66652800.0,80362671.81094767
26-12-2024,2638.800048828125,2628.5,2638.800048828125,2627.89990234375,84,108.12999725341797,25420.0,67078297.24121094,80875689.94599824
27-12-2024,2617.199951171875,2617.699951171875,2617.699951171875,2616.39990234375,642,108.0,25425.0,66542308.75854492,80229453.53091985
30-12-2024,2606.10009765625,2620.699951171875,2626.89990234375,2597.0,794,108.12999725341797,25445.0,66312216.98486328,79952033.98223206
31-12-2024,2629.199951171875,2608.39990234375,2629.199951171875,2604.89990234375,401,108.48999786376953,25476.0,66981497.95605469,80758979.93254724
02-01-2025,2658.89990234375,2633.0,2663.10009765625,2633.0,1728,109.38999938964844,25480.0,67748769.51171875,81684072.23501176
03-01-2025,2645.0,2658.699951171875,2658.699951171875,2641.800048828125,591,108.94999694824219,25450.0,67315250.0,81161381.72172655
06-01-2025,2638.39990234375,2645.5,2647.0,2617.300048828125,960,108.26000213623047,25400.0,67015357.51953125,80799804.09878376
07-01-2025,2656.699951171875,2653.39990234375,2657.5,2653.0,643,108.54000091552734,25370.0,67400477.76123047,81264140.05453396
08-01-2025,2664.5,2655.5,2676.89990234375,2653.5,999,109.08999633789062,25360.0,67571720.0,81470605.25681216
09-01-2025,2683.800048828125,2669.699951171875,2686.300048828125,2667.89990234375,1139,109.18000030517578,25370.0,68088007.23876953,82093088.06217691
10-01-2025,2708.5,2686.10009765625,2720.10009765625,2683.699951171875,403,109.6500015258789,25375.0,68728187.5,82864947.55244754
13-01-2025,2673.5,2711.10009765625,2711.199951171875,2673.5,765,109.95999908447266,25360.0,67799960.0,81745792.13889559
14-01-2025,2677.5,2673.60009765625,2688.300048828125,2670.800048828125,794,109.2699966430664,25390.0,67981725.0,81964944.53822039
15-01-2025,2712.5,2690.800048828125,2712.5,2690.800048828125,930,109.08999633789062,25380.0,68843250.0,83003677.35712563
16-01-2025,2746.39990234375,2731.699951171875,2749.800048828125,2731.699951171875,1721,108.95999908447266,25375.0,69689897.52197266,84024472.5367406
17-01-2025,2744.300048828125,2736.0,2751.60009765625,2725.5,1214,109.3499984741211,25370.0,69622892.23876953,83943684.87915304
21-01-2025,2755.0,2746.0,2755.0,2724.800048828125,1439,108.05999755859375,25315.0,69742825.0,84088286.71328671
22-01-2025,2767.60009765625,2754.5,2768.800048828125,2753.5,2079,108.16999816894531,25260.0,69909578.46679688,84289339.84422097
23-01-2025,2763.10009765625,2760.0,2765.0,2745.39990234375,2201,108.05000305175781,25050.0,69215657.44628906,83452685.61163378
24-01-2025,2777.300048828125,2759.800048828125,2792.0,2759.800048828125,1593,107.44000244140625,25080.0,69654685.22460938,83982017.3916197
27-01-2025,2737.5,2761.10009765625,2762.199951171875,2737.5,984,107.33999633789062,25060.0,68601750.0,82712503.01422715
28-01-2025,2766.800048828125,2738.0,2766.800048828125,2738.0,2307,107.87000274658203,25060.0,69336009.22363281,83597792.64966579
29-01-2025,2769.10009765625,2769.10009765625,2769.10009765625,2769.10009765625,125692,108.0,25060.0,69393648.44726562,83667287.73482713
30-01-2025,2823.0,2772.5,2829.5,2770.0,40141,107.80000305175781,25060.0,70744380.0,85295852.42343862
31-01-2025,2812.5,2829.0,2838.0,2804.0,3443,108.37000274658203,25060.0,70481250.0,84978598.98721968
03-02-2025,2833.89990234375,2818.199951171875,2848.39990234375,2780.89990234375,2649,108.98999786376953,25060.0,71017531.55273438,85625188.75420107
04-02-2025,2853.300048828125,2827.60009765625,2853.300048828125,2816.10009765625,2187,107.95999908447266,25280.0,72131425.234375,86968200.18612853
05-02-2025,2871.60009765625,2850.0,2880.5,2848.0,4519,107.58000183105469,25280.0,72594050.46875,87525983.20321919
06-02-2025,2856.0,2865.199951171875,2871.699951171875,2836.300048828125,3116,107.69000244140625,25145.0,71814120.0,86585628.16493851
07-02-2025,2867.300048828125,2859.89990234375,2889.5,2857.800048828125,1822,108.04000091552734,25260.0,72427999.23339844,87325776.74632075
10-02-2025,2914.300048828125,2864.199951171875,2916.10009765625,2863.800048828125,2237,108.31999969482422,25290.0,73702648.23486328,88862609.39819542
11-02-2025,2912.5,2925.5,2945.39990234375,2890.0,2554,107.95999908447266,25380.0,73919250.0,89123764.16686761
12-02-2025,2909.0,2902.0,2912.300048828125,2868.60009765625,2504,107.94000244140625,25530.0,74266770.0,89542765.85483482
13-02-2025,2925.89990234375,2911.300048828125,2937.699951171875,2910.60009765625,4670,107.30999755859375,25550.0,74756742.50488281,90133521.22604631
14-02-2025,2883.60009765625,2937.300048828125,2944.39990234375,2874.800048828125,1992,106.56999969482422,25440.0,73358786.484375,88448018.42823125
18-02-2025,2931.60009765625,2879.199951171875,2936.39990234375,2873.800048828125,4010,107.05000305175781,25470.0,74667854.48730469,90026349.7556121
19-02-2025,2919.39990234375,2938.699951171875,2946.0,2917.10009765625,2630,107.16999816894531,25500.0,74444697.50976562,89757291.42725539
20-02-2025,2940.0,2949.10009765625,2955.800048828125,2924.199951171875,656,106.33999633789062,25515.0,75014100.0,90443814.80588377
21-02-2025,2937.60009765625,2938.800048828125,2940.0,2917.300048828125,570,106.61000061035156,25500.0,74908802.49023438,90316858.56068769
24-02-2025,2947.89990234375,2933.10009765625,2957.89990234375,2933.10009765625,415,106.5999984741211,25510.0,75200926.50878906,90669069.82009773
25-02-2025,2904.5,2938.699951171875,2943.199951171875,2890.0,1854,106.30999755859375,25468.0,73971806.0,89187130.45575114
26-02-2025,2916.800048828125,2913.5,2917.0,2913.0,2050,106.41999816894531,25520.0,74436737.24609375,89747693.81009614
27-02-2025,2883.199951171875,2918.5,2922.800048828125,2870.39990234375,3215,107.23999786376953,25535.0,73622510.75317383,88765988.36890985
28-02-2025,2836.800048828125,2877.10009765625,2877.10009765625,2834.10009765625,990,107.61000061035156,25520.0,72395137.24609375,87286155.3485577
03-03-2025,2890.199951171875,2872.699951171875,2891.800048828125,2863.39990234375,423,106.75,25530.0,73786804.75341797,88964076.14349887
04-03-2025,2909.60009765625,2886.10009765625,2927.89990234375,2886.10009765625,885,105.73999786376953,25575.0,74413022.4975586,89719101.15451965
05-03-2025,2915.300048828125,2916.699951171875,2922.0,2893.0,551,105.73999786376953,25540.0,74456763.24707031,89771838.97645323
06-03-2025,2916.60009765625,2904.0,2918.60009765625,2903.800048828125,870,104.05999755859375,25490.0,74344136.48925781,89636045.92387004
07-03-2025,2904.699951171875,2900.89990234375,2927.300048828125,2900.5,531,103.83999633789062,25485.0,74026278.25561523,89252807.15651704
10-03-2025,2891.0,2910.10009765625,2915.10009765625,2880.199951171875,55,103.91000366210938,25480.0,73662680.0,88814420.06269592
11-03-2025,2912.89990234375,2884.39990234375,2916.699951171875,2880.39990234375,197,103.44000244140625,25525.0,74351770.00732422,89645249.58683895
12-03-2025,2939.10009765625,2912.0,2939.10009765625,2910.0,213,103.61000061035156,25450.0,74800097.48535156,90185793.9297704
13-03-2025,2984.300048828125,2937.10009765625,2988.0,2935.199951171875,2366,103.83000183105469,25445.0,75935514.74243164,91554756.13989829
14-03-2025,2994.5,2994.39990234375,3004.800048828125,2986.0,1800,103.72000122070312,25490.0,76329805.0,92030148.29997589
17-03-2025,3000.0,2991.0,3001.5,2989.0,214,103.37000274658203,25500.0,76500000.0,92235350.85604051
18-03-2025,3035.10009765625,3006.39990234375,3039.199951171875,3004.39990234375,428,103.23999786376953,25510.0,77425403.49121094,93351101.3880045
19-03-2025,3035.89990234375,3035.199951171875,3050.89990234375,3030.89990234375,175,103.43000030517578,25510.0,77445806.50878906,93375701.11983249
20-03-2025,3040.0,3047.300048828125,3047.300048828125,3034.39990234375,185,103.8499984741211,25535.0,77626400.0,93593441.0417169
21-03-2025,3018.199951171875,3034.5,3037.5,3000.89990234375,151,104.08999633789062,25545.0,77099917.75268555,92958666.20772311
24-03-2025,3013.10009765625,3024.300048828125,3024.300048828125,3006.0,137,104.26000213623047,25585.0,77090165.99853516,92946908.6068666
25-03-2025,3023.699951171875,3026.39990234375,3028.800048828125,3023.699951171875,74,104.18000030517578,25620.0,77467192.74902344,93401486.31423129
26-03-2025,3020.89990234375,3033.199951171875,3033.199951171875,3019.5,83,104.55000305175781,25600.0,77335037.5,93242147.93826863
27-03-2025,3060.199951171875,3025.5,3065.0,3025.5,124359,104.06999969482422,25555.0,78203409.75219727,94289136.42657013
28-03-2025,3086.5,3069.699951171875,3094.89990234375,3066.800048828125,31206,104.04000091552734,25560.0,78890940.0,95118085.36291295
31-03-2025,3122.800048828125,3091.0,3132.5,3086.0,3438,104.20999908447266,25550.0,79787541.2475586,96199109.29293296
01-04-2025,3118.89990234375,3129.699951171875,3149.5,3104.0,1721,104.26000213623047,25565.0,79734676.00341797,96135370.1512153
02-04-2025,3139.89990234375,3120.699951171875,3168.60009765625,3117.39990234375,5946,103.80999755859375,25620.0,80444235.49804688,96990879.54912813
03-04-2025,3097.0,3150.0,3166.89990234375,3052.0,5516,102.06999969482422,25600.0,79283200.0,95591029.65999517
04-04-2025,3012.0,3110.5,3127.699951171875,3011.0,3247,103.0199966430664,25600.0,77107200.0,92967446.34675668
07-04-2025,2951.300048828125,3016.39990234375,3050.800048828125,2949.699951171875,4424,103.26000213623047,25770.0,76055002.25830078,91698821.14576897
08-04-2025,2968.39990234375,2994.0,3014.5,2968.39990234375,3213,102.95999908447266,25780.0,76525349.48242188,92265914.49532418
09-04-2025,3056.5,2965.800048828125,3090.39990234375,2965.800048828125,2175,102.9000015258789,25995.0,79453717.5,95796621.05136243
10-04-2025,3155.199951171875,3073.89990234375,3167.0,3072.10009765625,3456,100.87000274658203,25960.0,81908990.73242188,98756921.54861571
11-04-2025,3222.199951171875,3182.10009765625,3235.0,3182.10009765625,862,99.77999877929688,25720.0,82874982.74414062,99921609.28881194
14-04-2025,3204.800048828125,3215.5,3228.800048828125,3194.5,263,99.63999938964844,25715.0,82411433.25561523,99362711.90693903
15-04-2025,3218.699951171875,3216.0,3218.699951171875,3214.0,390,100.22000122070312,25824.0,83119707.5390625,100216671.73747589
16-04-2025,3326.60009765625,3238.300048828125,3334.89990234375,3238.300048828125,1874,99.37999725341797,25790.0,85793016.51855469,103439855.94231334
17-04-2025,3308.699951171875,3345.0,3345.0,3287.800048828125,824,99.37999725341797,25830.0,85463719.73876953,103042825.82441467
21-04-2025,3406.199951171875,3342.199951171875,3418.5,3342.199951171875,78,98.27999877929688,25830.0,87982144.73876953,106079267.83068426
22-04-2025,3400.800048828125,3422.199951171875,3485.60009765625,3361.699951171875,785,98.91999816894531,25871.0,87982098.06323242,106079211.55441575
23-04-2025,3276.300048828125,3321.199951171875,3370.300048828125,3256.199951171875,331,99.83999633789062,25932.0,84961012.86621094,102436716.74247761
24-04-2025,3332.0,3305.39990234375,3353.89990234375,3304.89990234375,560,99.29000091552734,25965.0,86515380.0,104310802.99011333
25-04-2025,3282.39990234375,3355.5,3355.5,3266.10009765625,162,99.47000122070312,26026.0,85427739.85839844,102999445.2114763
28-04-2025,3332.5,3284.5,3332.5,3284.5,1300,99.01000213623047,26019.0,86708317.5,104543425.97058114
29-04-2025,3318.800048828125,3340.0,3340.0,3299.89990234375,1278,99.23999786376953,25970.0,86189237.2680664,103917575.67888401
30-04-2025,3305.0,3318.699951171875,3318.699951171875,3268.0,207,99.47000122070312,25980.0,85863900.0,103525319.50807813
01-05-2025,3210.0,3272.89990234375,3275.0,3198.60009765625,2131,100.25,25980.0,83395800.0,100549553.89438148
02-05-2025,3231.89990234375,3239.89990234375,3257.0,3225.0,1349,100.0,25980.0,83964759.46289062,101235543.11899038
05-05-2025,3311.300048828125,3242.699951171875,3315.699951171875,3239.699951171875,244,99.83000183105469,25980.0,86027575.26855469,103722661.28352386
06-05-2025,3411.39990234375,3365.5,3430.89990234375,3356.800048828125,2357,99.23999786376953,25942.0,88498536.26660156,106701876.37641856
07-05-2025,3381.39990234375,3418.699951171875,3418.699951171875,3364.699951171875,1080,99.61000061035156,25948.0,87740564.66601562,105787996.9447982
08-05-2025,3296.60009765625,3390.0,3390.0,3288.699951171875,200,100.63999938964844,25953.0,85556662.33447266,103154885.86263885
09-05-2025,3335.39990234375,3299.0,3335.5,3299.0,216,100.33999633789062,25959.0,86583646.0649414,104393110.76072028
12-05-2025,3220.0,3300.699951171875,3300.699951171875,3205.0,886,101.79000091552734,25952.0,83565440.0,100754087.29201832
13-05-2025,3240.300048828125,3232.0,3251.39990234375,3223.5,2424,101.0,25960.0,84118189.26757812,101420532.03228614
14-05-2025,3181.39990234375,3233.0,3233.0,3171.699951171875,3518,101.04000091552734,25951.0,82560508.86572266,99542451.00762317
15-05-2025,3220.699951171875,3151.0,3228.10009765625,3125.0,652,100.87999725341797,25924.0,83493425.53417969,100667260.10872883
16-05-2025,3182.0,3227.699951171875,3228.10009765625,3173.89990234375,199,101.08999633789062,25920.0,82477440.0,99442295.63539907
19-05-2025,3228.89990234375,3234.39990234375,3241.0,3228.300048828125,266,100.43000030517578,25917.0,83683398.76904297,100896309.10181211
20-05-2025,3280.300048828125,3219.0,3293.199951171875,3207.5,356,100.12000274658203,25932.0,85064740.86621094,102561780.64409325
21-05-2025,3309.300048828125,3293.39990234375,3317.5,3290.199951171875,979,99.55999755859375,25950.0,85876336.26708984,103540313.80165161
22-05-2025,3292.300048828125,3327.300048828125,3328.0,3282.699951171875,1210,99.95999908447266,25950.0,85435186.26708984,103008423.27838176
23-05-2025,3363.60009765625,3328.0,3363.60009765625,3323.5,47,99.11000061035156,25973.0,87362785.33642578,105332511.85968867
27-05-2025,3299.10009765625,3332.5,3341.0,3296.300048828125,189,99.5199966430664,25897.0,85436795.2290039,103010363.18905704
28-05-2025,3293.60009765625,3293.60009765625,3293.60009765625,3293.60009765625,127758,99.87999725341797,25903.0,85314123.32958984,102862458.80104876
29-05-2025,3317.10009765625,3283.699951171875,3328.800048828125,3242.39990234375,24370,99.27999877929688,25950.0,86078747.53417969,103784359.21651758
30-05-2025,3288.89990234375,3315.10009765625,3318.0,3270.89990234375,2213,99.33000183105469,25996.0,85498241.86132812,103084448.83208117
02-06-2025,3370.60009765625,3296.89990234375,3380.800048828125,3296.89990234375,976,98.69999694824219,26019.0,87699643.94091797,105738659.20052806
03-06-2025,3350.199951171875,3385.10009765625,3390.0,3331.300048828125,6410,99.25,26022.0,87178903.12939453,105110806.76319572
04-06-2025,3373.5,3355.0,3380.0,3344.0,207,98.79000091552734,26038.0,87839193.0,105906912.22570533
05-06-2025,3350.699951171875,3371.5,3400.0,3343.699951171875,731,98.73999786376953,26071.0,87356098.42700195,105324449.51410894
06-06-2025,3322.699951171875,3364.300048828125,3364.300048828125,3306.0,81,99.19000244140625,26056.0,86576269.92773438,104384217.41950129
09-06-2025,3332.10009765625,3315.60009765625,3334.60009765625,3290.0,1887,98.94000244140625,26047.0,86791211.24365234,104643370.19972551
10-06-2025,3320.89990234375,3302.0,3344.300048828125,3302.0,65,99.05000305175781,26025.0,86426419.9584961,104203544.68109006
11-06-2025,3321.300048828125,3328.0,3356.0,3321.300048828125,2106,98.62999725341797,25990.0,86320588.26904297,104075944.3803267
12-06-2025,3380.89990234375,3363.0,3395.89990234375,3353.39990234375,1818,97.91999816894531,26010.0,87937206.45996094,106025086.15862182
13-06-2025,3431.199951171875,3407.300048828125,3444.0,3407.300048828125,499,98.18000030517578,26020.0,89279822.72949219,107643866.32444198
16-06-2025,3396.39990234375,3442.0,3442.0,3385.39990234375,480,98.0,26050.0,88476217.45605469,106674966.79051687
17-06-2025,3386.60009765625,3398.300048828125,3398.300048828125,3376.10009765625,1477,98.81999969482422,26030.0,88153200.54199219,106285508.24932745
18-06-2025,3389.800048828125,3385.300048828125,3391.89990234375,3365.10009765625,0,98.91000366210938,26072.0,88378866.87304688,106557592.08228463
20-06-2025,3368.10009765625,3350.0,3372.89990234375,3341.0,709,98.70999908447266,26123.0,87984878.85107422,106082564.3249026
23-06-2025,3377.699951171875,3365.89990234375,3387.89990234375,3350.0,30,98.41999816894531,26119.0,88222145.0246582,106368633.98198481
24-06-2025,3317.39990234375,3358.0,3358.0,3301.0,538,97.86000061035156,26190.0,86882703.44238281,104753681.50757512
25-06-2025,3327.10009765625,3321.60009765625,3331.199951171875,3310.60009765625,373,97.68000030517578,26150.0,87003667.55371094,104899526.83109589
26-06-2025,3333.5,3332.39990234375,3333.5,3332.39990234375,2058,97.1500015258789,26150.0,87171025.0,105101308.17458403
27-06-2025,3273.699951171875,3318.699951171875,3318.699951171875,3253.800048828125,284,97.4000015258789,26100.0,85443568.72558594,103018529.93198207
30-06-2025,3294.39990234375,3265.89990234375,3306.89990234375,3262.0,1242,96.87999725341797,26090.0,85950893.45214844,103630206.71828844
01-07-2025,3336.699951171875,3310.10009765625,3354.10009765625,3310.10009765625,371,96.81999969482422,26118.0,87147929.32470703,105073461.92995784
02-07-2025,3348.0,3329.0,3357.5,3329.0,39,96.77999877929688,26110.0,87416280.0,105397009.88666506
03-07-2025,3331.60009765625,3362.0,3362.0,3322.300048828125,0,97.18000030517578,26150.0,87121342.55371094,105041406.50314797
04-07-2025,3332.5,3342.0,3342.0,3332.5,0,97.18000030517578,26175.0,87228187.5,105170228.47841813
07-07-2025,3332.199951171875,3305.5,3333.300048828125,3299.199951171875,254,97.4800033569336,26158.0,87163686.3227539,105092459.99849759
08-07-2025,3307.0,3330.39990234375,3334.5,3287.60009765625,909,97.51000213623047,26120.0,86378840.0,104146177.95997106
09-07-2025,3311.60009765625,3289.39990234375,3314.0,3282.0,114,97.47000122070312,26110.0,86465878.54980469,104251119.54401337
10-07-2025,3317.39990234375,3323.60009765625,3330.5,3311.60009765625,209,97.6500015258789,26138.0,86710198.64746094,104545694.05288273
11-07-2025,3356.0,3330.5,3370.0,3330.5,776,97.8499984741211,26100.0,87591600.0,105608391.6083916
14-07-2025,3351.5,3367.0,3375.5,3350.0,583,98.08000183105469,26108.0,87500962.0,105499110.20014468
15-07-2025,3329.800048828125,3341.0,3341.0,3329.800048828125,210,98.62000274658203,26100.0,86907781.27441406,104783917.62046547
16-07-2025,3352.5,3341.199951171875,3352.89990234375,3329.5,10,98.38999938964844,26120.0,87567300.0,105579093.32047263
17-07-2025,3340.10009765625,3313.800048828125,3340.800048828125,3313.800048828125,667,98.7300033569336,26140.0,87310216.55273438,105269130.15762524
18-07-2025,3353.0,3338.199951171875,3353.0,3338.199951171875,602,98.4800033569336,26135.0,87630655.0,105655479.86496262
21-07-2025,3401.89990234375,3350.300048828125,3411.699951171875,3350.300048828125,53,97.8499984741211,26140.0,88925663.44726562,107216859.71457152
22-07-2025,3439.199951171875,3411.0,3441.0,3395.60009765625,39,97.38999938964844,26130.0,89866294.7241211,108350970.24851832
23-07-2025,3394.10009765625,3430.300048828125,3433.89990234375,3388.10009765625,63,97.20999908447266,26120.0,88653894.55078125,106889190.43981342
24-07-2025,3371.0,3367.0,3371.0,3367.0,1175,97.37999725341797,26120.0,88050520.0,106161707.25825898
25-07-2025,3334.0,3344.0,3345.0,3326.5,67,97.6500015258789,26110.0,87050740.0,104956281.6493851
28-07-2025,3309.10009765625,3326.60009765625,3326.800048828125,3309.10009765625,533,98.66000366210938,26120.0,86433694.55078125,104212315.59052478
29-07-2025,3323.39990234375,3323.39990234375,3323.39990234375,3323.39990234375,113144,98.91000366210938,26165.0,86956758.44482422,104842968.94721994
30-07-2025,3295.800048828125,3325.800048828125,3331.800048828125,3263.89990234375,19252,99.94000244140625,26195.0,86333482.27905273,104091490.57035536
31-07-2025,3293.199951171875,3272.89990234375,3312.0,3272.89990234375,3704,100.02999877929688,26200.0,86281838.72070312,104029224.40403077
01-08-2025,3347.699951171875,3286.199951171875,3360.60009765625,3281.0,3420,98.69000244140625,26197.0,87699695.62084961,105738721.51054932
04-08-2025,3374.39990234375,3367.60009765625,3386.5,3347.39990234375,351,98.77999877929688,26190.0,88375533.44238281,106553572.99539764
05-08-2025,3381.89990234375,3378.5,3387.199951171875,3351.199951171875,915,98.77999877929688,26174.0,88517848.04394531,106725160.40986896
06-08-2025,3380.0,3380.699951171875,3383.300048828125,3361.300048828125,1492,98.18000030517578,26225.0,88640500.0,106873040.75235109
07-08-2025,3400.300048828125,3384.89990234375,3422.89990234375,3384.89990234375,5464,98.4000015258789,26200.0,89087861.27929688,107412420.15830344
08-08-2025,3439.10009765625,3438.800048828125,3477.0,3402.5,7657,98.18000030517578,26190.0,90070031.55761719,108596613.88668577
11-08-2025,3353.10009765625,3383.89990234375,3383.89990234375,3349.199951171875,7657,98.5199966430664,26200.0,87851222.55859375,105921416.15456203
